id1,id2,label,pss_ast,hk_ast,js_ast,ws_ast,pss_cfg,hk_cfg,js_cfg,ws_cfg,pss_ddg,hk_ddg,js_ddg,ws_ddg,pss_pdg,hk_pdg,js_pdg,ws_pdg,pss_cpg,hk_cpg,js_cpg,ws_cpg
4407823,1261429,0,0.8074670611805856,0.9990741884429957,0.7588443169623142,0.9821151785164858,0.7570359997764788,0.993334256581752,0.5862274729678312,0.9744313954239423,0.7796071287053075,0.9887826214956988,0.6250797271125201,0.9497115940954676,0.811539430383537,0.9958708943823427,0.6159079301445729,0.9684510642010413,0.8456707832550021,0.9979587373569957,0.82310753060407,0.9851837575914553
15924093,19886621,1,0.773890685784269,0.9979490119218382,0.6584306385560859,0.9767970601890281,0.795727351770933,0.9889634510110609,0.2931430291593996,0.9357362501951647,0.864800612069368,0.9913419776675482,0.5147955527105867,0.9522839422128485,0.8682293196151315,0.9939094751549697,0.42435638480447513,0.9566736464632292,0.8138984145138666,0.9970428516098604,0.5589344374900538,0.9713040005537295
908793,12741414,0,0.9564929380239562,0.9971676555231342,0.7218340774557067,0.9780379742426991,0.8601477426581171,0.9936071430086612,0.6921608802404939,0.9808464412722043,0.9437050235474066,0.9990148454506036,0.6353908459040001,0.9767041684944954,0.9333185237979292,0.9990809100041758,0.6986057640437398,0.9769097639734071,0.9668141320802777,0.9953974138023903,0.7926729843730598,0.9779772378655351
10432260,11776522,1,0.984535095411539,0.9990780146862228,0.7588225418325585,0.9846854130820003,0.8547519381976656,0.9942382050793377,0.5073351146078622,0.9705147466173207,0.9023829358877096,0.9871723640425908,0.5162069061090837,0.9176859010107037,0.9310238721889653,0.9937588944543796,0.6176460825163173,0.9477142543026658,0.9787781517905482,0.9947355492886567,0.7781610845118322,0.9757231875652708
1502583,19604083,0,0.46703146796631584,0.9976817972537569,0.6725984882062666,0.9685336988173555,0.3691393922405241,0.9917436954351578,0.4937894378757939,0.9644146427269353,0.7076845100825093,0.9883771885995419,0.6012077231535026,0.9479990079101772,0.652282041660352,0.9817168169698892,0.5618253348468354,0.8864610276523857,0.5344533932382844,0.9962563015269095,0.7598920921435427,0.960956978923706
14923488,12542686,0,0.6443341808644814,0.9826954129701577,0.647373213892237,0.8976353981136717,0.7239196215679354,0.9954577872188544,0.4552230149569507,0.9588128356292736,0.6464541686140192,0.9835697744137362,0.478682508549059,0.9398685663188682,0.690689521227189,0.9829491886491446,0.4910082479149147,0.9356584734902256,0.701534682172038,0.9850924886186324,0.681950347230465,0.9083546636900703
3772396,2617135,1,0.5397499656969826,0.9926567703749584,0.6110098799007087,0.9714037575611787,0.541511025562108,0.9964752519082286,0.4056277192497616,0.9463767704002138,0.6743785260927219,0.9770308620575052,0.38545465744166696,0.8921913354470867,0.6836516827650772,0.9857621930715773,0.5234144537669098,0.9396213978978946,0.6115269034939379,0.9969300908000921,0.669519222435013,0.9771880532306222
20037335,3673887,1,0.9159065477473542,0.9967881929966457,0.47627661053236436,0.9510964906374245,0.8835344864587444,0.9985336106639637,0.30985336015733045,0.9604438822622601,0.9548554567901786,0.9982915954923268,0.459767232082547,0.9453757206835776,0.9548554567901786,0.9982915954923268,0.459767232082547,0.9453757206835776,0.9436113180471274,0.9960300872815029,0.6663874308804297,0.972261994326224
357304,3352340,0,0.3784497898928233,0.9982966542926832,0.6253080558142304,0.9470162947060525,0.35410151915347443,0.996511996078803,0.605625443799646,0.9716975283862602,0.5183489075451063,0.9905200767233996,0.6089776643366374,0.9132403425196937,0.5478328003821689,0.9829024489319984,0.6171718172750041,0.8973499241036267,0.4735307820831453,0.9965082679829772,0.7681208533642939,0.9654619580671872
6371592,17456434,0,0.353645386154886,0.995897963365982,0.619102535926966,0.9464804669141818,0.32023407000015386,0.9816705696856056,0.42733868222196436,0.9503530033614471,0.3985018362332863,0.9845638093694901,0.44108120785139127,0.8809994963331265,0.43706743120142005,0.9839250617470395,0.524624473573504,0.9548432567730574,0.4451009231571446,0.9868785563164441,0.6888362891937176,0.947481868698717
10140299,8639730,1,0.8198461352369552,0.996553945442837,0.6296380660827905,0.9766484592758645,0.773085903637788,0.9918530944248359,0.3742959867870509,0.9375893197258909,0.9087196041770165,0.997612421401289,0.5654345029801351,0.9717976720455503,0.8600162547704305,0.9946502458588509,0.5063195699826679,0.9590028560396126,0.8541090346526109,0.9993570311785717,0.6659487716377355,0.978958113356447
17156131,10816804,0,0.6778477056369576,0.9978193334000249,0.600340598329927,0.9539997822661025,0.627630638719335,0.9954036864696463,0.35276345968839184,0.9496367652821232,0.785298943546345,0.9918046216769191,0.4038575394912599,0.9488832535051214,0.7691929393252974,0.9887656253058219,0.4838724603455712,0.9581787360816121,0.7398054534762412,0.9953692916196945,0.6190971365705686,0.9629599518801351
9713536,3657883,1,0.6130055523089448,0.9971421783867014,0.7160645005453008,0.9597925374756693,0.6651953037473066,0.9985551415773793,0.6842207305760839,0.9770281772787159,0.6679842186449584,0.9921279081520682,0.7047597660556201,0.9732515571387652,0.7678817250554065,0.9982181330275248,0.6695154018305574,0.9692215308852455,0.6832213176414745,0.9978434296189385,0.7954021768118877,0.9733609032845844
6037299,6597132,1,0.5906659187772879,0.9975753348066138,0.6505780020790553,0.9389634496873401,0.5191442862850907,0.9915332949535658,0.48352799594787466,0.9643564307397122,0.6225729217566962,0.9912064638675442,0.4978376686571726,0.9167610930055623,0.6512844571771699,0.9879947619263632,0.48302154171158973,0.9482938468283906,0.6782676889885886,0.9950608901592282,0.6860144434679802,0.9571909352588526
8624822,17637279,1,0.3162231310103971,0.9967005615217237,0.6363556260946781,0.9500342178819683,0.3050252632848672,0.9815745710147532,0.5070126996827407,0.959157423862397,0.42670736288106365,0.9774240089484451,0.4974431690594673,0.9503261329546813,0.41288826146606894,0.9765561313785486,0.5024901470043224,0.9343157880610096,0.38262463219689463,0.9950157275233865,0.7055048173720639,0.9701245100526389
19670916,23484507,0,0.5261836360039406,0.994160633866149,0.7869223757353596,0.9768244139775709,0.5098168590098592,0.9950876996797265,0.7271802093016212,0.97981226168192,0.6431157709567425,0.9909356559567856,0.7122518687695338,0.9454032694082333,0.6727381896399044,0.9975259166266914,0.7157104093152935,0.9713608443049143,0.6053276389634441,0.9962169907114479,0.8400404133047215,0.9835399920153386
19063414,552319,1,0.352885631356851,0.9960786823863776,0.707717901989048,0.957094754278584,0.35094095407921466,0.9984350999698576,0.59321744876446,0.9780992559045713,0.5197247956124329,0.9905329920913175,0.6420950510731269,0.9544383190168284,0.5335600388435475,0.9899535316162381,0.6143599600060756,0.9611082950936654,0.43761968777556604,0.9934504469365085,0.7286251784450212,0.9552294726557856
553082,21456138,0,0.945312885745543,0.9968256764053879,0.6908751288881247,0.9636610225693445,0.9424654901552851,0.9832324370254334,0.5180857237127732,0.9529433387713498,0.9220128480133711,0.996991942337355,0.6137164408584485,0.9625454816291676,0.9175969880467877,0.9961780885859025,0.502662240285313,0.945866421161948,0.9368607509943939,0.982133566673185,0.7097897876826642,0.930169814360475
16975479,35934,0,0.30551702923688573,0.9939969482248415,0.5268694794124104,0.9288473457005048,0.3027259914168165,0.9562722707582186,0.3031149950655516,0.9015552104043255,0.3788098725341378,0.9489490582613112,0.33839825794152856,0.9038671395524476,0.40007325647148717,0.9437526790553901,0.3834333590310429,0.8869576481315323,0.36026345036228513,0.9811257554910409,0.5161714056521474,0.9363764655404069
17201462,9168699,0,0.4671170360959852,0.9933828783279733,0.6924854419893904,0.9575992668276154,0.43633525256696887,0.9908967404495863,0.4585581839086649,0.9378854341346887,0.6015428483040959,0.9752637909243197,0.4629813436527511,0.8893600820954215,0.5992641970925585,0.9823911582523188,0.5261384999396559,0.9276703874334673,0.5480312668661673,0.9928377577080941,0.6133652884343446,0.9631391305855364
17901734,8930241,0,0.30503973512162597,0.9864625731562875,0.5921245990799425,0.9503808490446793,0.2970615154182419,0.9627088641399083,0.3001353952747795,0.9037615957125178,0.39781853486332264,0.941513597795803,0.3568154370580142,0.891577026137197,0.39759169718281945,0.9414523540052558,0.32083138779912235,0.8854749445427655,0.3490496225243018,0.9727037867256356,0.5025463181899638,0.9496511723745715
18253220,17275141,0,0.31940782456639655,0.989817333166623,0.6755636012444126,0.9433565381291895,0.31584613735511075,0.9780046189443757,0.531408118557221,0.9446772785287545,0.42619076660649163,0.9892189587372372,0.6169018891770333,0.9634808619785671,0.43700379070640755,0.9875147215904525,0.6185782679448191,0.9564566861973741,0.39947406927549,0.9974393981506539,0.7272946526420873,0.9651638416181215
13292288,20654481,1,0.9419179925383153,0.9933856839792577,0.570259217524109,0.9709480404203427,0.9603989592435778,0.9971328690129706,0.5220636170399673,0.9553976246217506,0.9563886366360679,0.9954253856829015,0.6260940657840486,0.9451290178587909,0.9790517210964323,0.9979559225384332,0.7099107859396846,0.9744468471460537,0.9516443891500075,0.9953190440885782,0.7423671535781526,0.9737637243026185
2870670,4818089,0,0.303684131126237,0.9904866424093471,0.4797518758260172,0.890231011858639,0.3013028796569137,0.9628832390068117,0.33371261633822336,0.9147196885174557,0.4167471640187023,0.9438650744595581,0.4080997740649842,0.8713301070244813,0.42177314800435184,0.9428971729488561,0.37076133161347224,0.8614617936717707,0.3598744471126088,0.9783492894745875,0.479560783645229,0.9215917449250054
7321949,5260867,1,0.477866363468243,0.9882227892099192,0.754146753453758,0.9411680746736772,0.42528909006778554,0.9911749717133304,0.7624402782874546,0.9761645319982984,0.5797565538610104,0.9888190593021291,0.6933570850725812,0.9392807155740639,0.6005472937433713,0.9970806109561003,0.7572177024556574,0.9686663794664773,0.5700396184606223,0.9979031870603281,0.788034198585394,0.9618261009916595
12786252,16236980,0,0.32882833804176426,0.9978722530223129,0.5957669794595559,0.9531452161134406,0.3095022152842338,0.9882003686585642,0.7199343882311832,0.9722556849756865,0.4814873788324094,0.98951757565418,0.716717875489078,0.9669442088928911,0.4871613040419074,0.9906372953059444,0.7540787402403284,0.966235558658967,0.4200071689956423,0.9958260925427845,0.802593480803909,0.9711060829082663
18029937,22926731,0,0.4354224177438963,0.9874934072758016,0.7133217915704091,0.9621629517116175,0.5129842183131816,0.9770581609471566,0.5408859004395861,0.9438078460561411,0.5855435811768896,0.9904262193376505,0.5984414841414799,0.9345965452771828,0.6263557557288782,0.9952630662238411,0.608829020273621,0.9530916147006298,0.5224821230592969,0.9901736407054429,0.7264191799488409,0.9535404163683526
5166269,8121403,0,0.49994359930207033,0.994906665547924,0.6096686212202418,0.9623227257096588,0.4239949449346863,0.9872534647907831,0.4410334225975874,0.9586057422337694,0.6338625914827956,0.991758105949722,0.4731495238242234,0.9543222791549585,0.6169476176956926,0.983966284304685,0.45820918683628376,0.8988022678681923,0.57096424702652,0.9928087404855369,0.66920131658914,0.9733524463931437
14419083,16948800,0,0.6554191731216624,0.9948981363060383,0.6078125982416609,0.9595733582607608,0.6529824520167313,0.9984830336913613,0.4786167818573793,0.9609590513645893,0.7409794245269555,0.9829846037493682,0.48112180766862045,0.928705204833996,0.7445530790605622,0.9910761815670791,0.5261065646101032,0.9507922037206328,0.7218536185312454,0.9948084139837451,0.6927182979446371,0.9603595354604529
7406942,16925759,1,0.5885420112326144,0.9926430520451073,0.627002049201209,0.9621555653779353,0.5679120152263541,0.9981980663317424,0.5342656868477984,0.9562367137874095,0.7069710507274054,0.9880344098594697,0.6176796269728607,0.964150610530726,0.7468664388506641,0.9870750527395068,0.4938938977510391,0.940845013934868,0.6514991644475093,0.9947067320228001,0.6708578312579334,0.9646629747197947
3316053,1111832,0,0.5947641995895561,0.9965727815196551,0.817233340634678,0.9730758938524908,0.7578509008508117,0.9913262204077395,0.677777333038651,0.9668450094612185,0.9160571543565325,0.9956457024536739,0.6352848500931998,0.9314367076096843,0.8441006648806982,0.998391309930647,0.741784520451375,0.9648057696001964,0.672748485588872,0.9959070030635455,0.7742464577979907,0.9704577161323282
22998998,316912,1,0.5777142422414636,0.9939348587197745,0.6317660357280843,0.9749589915245633,0.7160684694541857,0.9992858993205048,0.42546344971397343,0.9567428314039762,0.7927305311776977,0.9919673800923902,0.5923062679569594,0.9626520861982378,0.7945641692971958,0.9926264793150055,0.46579877863588104,0.9647489305428164,0.6362533769355174,0.9894492216347556,0.5813172983187366,0.9534769105561242
19621772,13352120,0,0.5239373478063071,0.9854099829675994,0.522205987595679,0.9222027991604363,0.5064191559512182,0.983019659211561,0.2770530365024686,0.9468994289298415,0.6827751542952126,0.9853146867723916,0.43622645237248914,0.944125709664843,0.6825305791464489,0.9830099742831354,0.41770284987858985,0.9288009046175034,0.597603527669117,0.9956071762132479,0.5976617475154284,0.9518732513549553
10168255,20426634,0,0.5329247787735945,0.9983119607407063,0.7509877328673412,0.9774741646595241,0.4923649928242948,0.9912739731522651,0.5219902936479348,0.9656053406612531,0.6224620330323873,0.9908674702630356,0.6461353788985723,0.9629742755677276,0.6446258816268723,0.9915889499883785,0.6141330709489288,0.9627066647473572,0.607694903214786,0.991525182999089,0.7772693789722397,0.9713597489211093
15185464,21094933,0,0.3750280693187176,0.9869824573896055,0.3973255478499066,0.9524848887599687,0.352960943562277,0.9794868056891943,0.3420790018945514,0.9255035480274452,0.5065027555049002,0.9510995890731174,0.2591627655127857,0.9028686276646645,0.5065027555049002,0.9510995890731174,0.2591627655127857,0.9028686276646645,0.479619417636994,0.9770881019211463,0.47136086370612007,0.9506936775730137
19579830,14311145,1,0.6322293226617234,0.9908745780086361,0.5523644218205037,0.9314613439233959,0.7141233809984032,0.99555556109081,0.30247396378343283,0.9485063811220099,0.7560680263072787,0.9885497547814893,0.4544769533995223,0.9551441796250231,0.7526005057616859,0.9874276196030409,0.30845245319128367,0.9318658923144102,0.6908544206442064,0.9964032466327495,0.6172376247372201,0.9492062853965777
7898667,386013,1,0.7492694571384411,0.9948266887505033,0.7991451169589543,0.9695396368980217,0.6534080679506314,0.9874667442074976,0.5927619160376298,0.9615856451447954,0.7186483568006556,0.9943086519357272,0.5782278736483644,0.9432650114051337,0.7298495702818724,0.9958651088700733,0.6511547484717528,0.9504230230209562,0.8023156217524263,0.9987618642862248,0.8018385278148831,0.9809545496400999
14638475,12096098,1,0.7386281309260815,0.997000711466589,0.6543950853284003,0.9650756733421676,0.9228355488377523,0.987198109893574,0.5130040959466292,0.9485547149081155,0.8631080966715277,0.9962753054126927,0.45186324348269047,0.9553595008511935,0.8673112258868512,0.9956444655360983,0.45167465640825344,0.9524446756828862,0.7818997935032321,0.995705735337609,0.690587787485994,0.9616702323257879
8113080,19898737,1,0.5535871837605743,0.996304487499106,0.7392173176945596,0.9679922618111697,0.5737951105902801,0.9915905327484109,0.5843364583520781,0.964297779888504,0.6860954121379138,0.9881671795298426,0.5337230054156366,0.9531138874961137,0.7261226343590161,0.9919500329010568,0.6070277731634679,0.9650555330446646,0.6254099094199851,0.9969825118548261,0.7667864678128783,0.9831481555583207
6830445,10671991,0,0.46482429924574553,0.9925194086599265,0.5669420404130474,0.9710777736824588,0.41680671526886764,0.9945185261444126,0.35635285011027706,0.9522209358707915,0.5787123150644606,0.9789439897660757,0.29972751488820903,0.9307642328181968,0.616184362781237,0.9804008409914603,0.4653960505461615,0.9527185612708162,0.5361469661086614,0.9932752035830299,0.49609015631901654,0.972293610391527
15568623,9183056,0,0.4887809148282156,0.9991940326826347,0.6067802069222025,0.9572913187885399,0.42673628586489826,0.9802361310691313,0.4580923930589661,0.959411804662923,0.5748926458831081,0.9859060818320785,0.4890371016768612,0.9078718876917269,0.5818900198266767,0.9899831243631355,0.46525213629255435,0.9226664098003646,0.5773081824982567,0.9929644655188448,0.7005285069386893,0.9725065737399503
15603013,17542340,0,0.34643876904310944,0.9981916317616325,0.5996172118399286,0.9775437377190023,0.36112564807800657,0.9792434061754828,0.41551536929638877,0.9398396767144903,0.4788674713950677,0.9702529522539001,0.437183478141992,0.9388672054074998,0.4992049000055529,0.9701970107313516,0.4748289230651578,0.9287270423160822,0.4408456131671061,0.9947227111875924,0.6175747090714071,0.9725958565552458
2060356,7540262,0,0.47288554572427444,0.9971768868845661,0.7953913541912008,0.9775630706754743,0.47609574609563626,0.9889212859868447,0.6664741910906465,0.9699437768543665,0.6402072402173387,0.9897697119368163,0.6801367370901387,0.9448925173553147,0.6263719095252717,0.9979331395614057,0.6792211676285502,0.9658539656510208,0.5554610283570928,0.9948337397218261,0.786015874033925,0.9735762353948031
8709483,21505139,0,0.33523332225945635,0.993246542231854,0.6843224445555465,0.9664616220152112,0.34167775625382485,0.9967442378554884,0.5405263130156412,0.9707426686252729,0.48459209899348893,0.9821798633419127,0.6160954360441612,0.9452013162193448,0.4960946499397993,0.9852169775877871,0.5891630363232239,0.957888354181864,0.4342775026161394,0.9920215461791424,0.7839701508972763,0.9664909053168999
17534703,13183435,0,0.49100887593675424,0.9988163336305149,0.7109800398357065,0.976951637263804,0.4482842571834204,0.9993162787038052,0.6713894874430439,0.9772414384984107,0.5563090787701982,0.9812710441203988,0.6089515078510102,0.9291111942833917,0.5961014669595217,0.9880106261213736,0.6663010527245472,0.9519874305592542,0.5717760344067886,0.9954447493086015,0.7638089202182639,0.9786117715448434
7672521,23031483,1,0.5965916098919154,0.9982183622534812,0.7001816004612096,0.9809880680739351,0.6182959845020661,0.9981480170798581,0.4490334894909399,0.963509341451373,0.7536715868066902,0.9952347261700607,0.5282552820003519,0.9491988756456872,0.7311560626146216,0.9935138910667904,0.5048078342657152,0.9430376944441362,0.6616598361129697,0.9951297279727119,0.7682521828863235,0.9703963920154945
797828,3841509,0,0.5542925827587808,0.9973147632759376,0.7490370915060113,0.9765115843676374,0.6004115846735781,0.997904248417016,0.5025438973781955,0.9558170948926791,0.7088565725746538,0.9926242470615314,0.5657464402549366,0.9673226956825512,0.7385013138548673,0.9918503612756164,0.6508313203637284,0.9676396779619907,0.6298632707511442,0.9971003909284087,0.7255154367581962,0.9809265187090738
534739,8361377,1,0.9400295047965576,0.9973599290622297,0.7490755391318086,0.9716482656392409,0.8423085719506913,0.9822465024393343,0.6568018670273339,0.9623856608691391,0.8972765971318358,0.9970587710254074,0.6833962054639351,0.9680500704802327,0.8982716817492938,0.9974209974606029,0.7283541630388246,0.9733704404358614,0.9597261651707323,0.9992374872162801,0.7892588773154098,0.9777711834728932
19044531,11449915,0,0.6579587536801541,0.9963213948103432,0.6959928190355373,0.9782963810031898,0.8529590446219655,0.9849703810524963,0.5283536557375973,0.9539006971168165,0.7757260037046035,0.9923494695360422,0.459857913949936,0.9585020189532282,0.7866223393775635,0.992213514656079,0.5211269619322927,0.9536184676939633,0.7225518724312522,0.9957941009188624,0.6946861823850501,0.9809352845060241
98368,8117581,1,0.3053229429236002,0.9988789803194301,0.4429617880901058,0.9530736174984265,0.30140144147608866,0.9727538641757936,0.35961653236131585,0.9389113358995302,0.40480882620295117,0.952236911000303,0.4521664039096096,0.9069586595850713,0.4050186982356774,0.9520967486321866,0.404857700630221,0.8965574426653491,0.36919709346146223,0.9808251549301271,0.6009883006194414,0.9655853993025076
390532,8292297,1,0.32435601882384907,0.9868312016007172,0.6537825687818403,0.9336510700399221,0.34742176389509644,0.947315970917826,0.35866359767038036,0.9023124232179606,0.44789145595413693,0.9848135404522295,0.44485587794352266,0.8805278280168128,0.4583575849130995,0.9828811515618061,0.45841880442900307,0.9269406018446389,0.41086077328079046,0.9962435535267494,0.6941081416660162,0.9687207967329147
19053519,9385633,0,0.666966558424285,0.9943417042598892,0.6597272997884382,0.972586199122207,0.7383904624500595,0.9955552814981286,0.5729903590485255,0.970195590156043,0.6497950531366863,0.9883396543250148,0.359501466658112,0.8878525152874599,0.7067430924028142,0.9902837047785022,0.4730910931174993,0.9174905762183858,0.7249409324136963,0.9907268570203823,0.7477961964407918,0.9552937203003118
5471671,789472,1,0.5744828527016077,0.9966614326564642,0.728874131358559,0.9660643228808922,0.7798109323045707,0.9885421740970937,0.6226027915634815,0.9666012839813759,0.6705831639904263,0.9799187313838317,0.464531464083657,0.9249681182794505,0.7301456168960416,0.9885977095697087,0.5434887010053402,0.944209839386219,0.6439669582258664,0.9890429637598149,0.7809495279963516,0.9494533907191549
18960732,3551701,1,0.5484689762453034,0.9909242822508126,0.5138777359419426,0.9602242744701577,0.624556432120937,0.9957862115541299,0.4302087767077023,0.9486570015678193,0.6900733906477589,0.9882927628424547,0.4935087032994845,0.9640038866233969,0.6931179142487375,0.9891523045372247,0.45258187074808576,0.9644093083459895,0.6101310829938732,0.9956622777364758,0.7660542958204282,0.9688251986106532
253661,20761702,1,0.3053973782593517,0.9990623518037959,0.6162559284428222,0.9506213265665215,0.3073170726425458,0.9888142654498396,0.5405413046072385,0.9660110143331465,0.39061722324994663,0.9868922732647717,0.5615751558168297,0.9586382110301462,0.40468241136635613,0.9852041685295451,0.6070964794838046,0.9621963351805065,0.3761561050164111,0.9893595612112944,0.716391593442963,0.9710866803466828
21319238,21900384,1,0.35292471566396794,0.9934789779696817,0.47569906902029346,0.9518147977405796,0.400834798013584,0.9603215921567585,0.30842022726882234,0.8947399630672526,0.5260533449255479,0.9702507058541279,0.32592011949183375,0.9383188589753064,0.5436474356482184,0.9671330711942634,0.46379704941330013,0.923250487789828,0.44068709979848214,0.9874094462945164,0.488513369479458,0.9595429545985237
2168322,3189657,0,0.5497755530017249,0.9867594019561016,0.6462556301757826,0.9572971425848524,0.6530760155652141,0.9703748465034662,0.5449518374538317,0.9358742133807348,0.7149354394157073,0.9922239315016886,0.5077871332891724,0.9406731854155286,0.7257409639515777,0.996623150562778,0.5906069692813025,0.9621894793214366,0.6267952347007694,0.9959921263460858,0.721962419188422,0.9681896489210391
9621596,22510494,1,0.6316133119736309,0.9922013630542001,0.7225660283001268,0.9646876358909598,0.6049868273165241,0.9912186201429597,0.7379839397642594,0.9672701547926329,0.7305823219294855,0.9914794761801342,0.7807029767388205,0.9485734713847561,0.7487572869985744,0.9958663076843846,0.7969340064803453,0.9666143771216538,0.7070503792281353,0.9982988802173286,0.8598344671937278,0.990888785714144
1042173,20856391,1,0.29461234173158657,0.989569138248828,0.5744118397178377,0.9469101944227701,0.29400879504637606,0.975565068305802,0.47977392649447437,0.9512372081873247,0.3464717371963445,0.9742393098195828,0.5587195106480243,0.9221588463751212,0.3393113320684503,0.9720335450967804,0.49320307983397704,0.8907318464190445,0.32248854638266156,0.9915999544162383,0.6219415388050072,0.9640161845921759
8113080,11358360,1,0.8877768890944909,0.9911557326434722,0.6826935549546229,0.974514072640597,0.9060300425576068,0.9783958252989168,0.5254382768760957,0.9519716250270275,0.8525439239398066,0.9940164580360942,0.5511632544132774,0.9648308509264053,0.9157688931540305,0.9952878613081257,0.5678027835615278,0.9662576487805037,0.9080811972872466,0.9990713435706602,0.7162019590194457,0.9815085264951536
4594844,10443091,1,0.3909041087530083,0.9975147352387798,0.7317224381574641,0.9820005998418677,0.3756528342525018,0.9959595712525365,0.7085140247942452,0.9784105052527592,0.5282345122825535,0.99176497777108,0.7264536297169146,0.9582424220177105,0.5464495179240954,0.9929986281547584,0.7246024977871293,0.9494886866641493,0.48728349986327046,0.9987352849896973,0.8440708741397621,0.984914416289228
1180865,23047157,1,0.6484792433450473,0.9990202036658793,0.6800117823438818,0.9800153282134311,0.7456248307919362,0.9966867704782502,0.5552789583950498,0.969062255077664,0.8255480116971513,0.9962126217221055,0.6424622116546874,0.9645197736807325,0.8862922995918067,0.9976855948640548,0.646134800151607,0.9620644242399844,0.711495399699057,0.9893303956301319,0.7388899887303385,0.9425479217967444
22950125,3739492,0,0.43652643578609435,0.9960379632989143,0.7493275921026235,0.9773396550006795,0.38593139016438643,0.9959826765446687,0.5640052983886408,0.9688949770557927,0.5362871096472569,0.9920534571134649,0.6445163236401008,0.9597697234883089,0.537814362710771,0.9935101332802196,0.6062841389734713,0.9646990019620123,0.5247747880741919,0.9955883808447933,0.8235677414894231,0.9829828924552699
16797551,3726610,1,0.9481977255433399,0.9972830005719514,0.7604666271621224,0.9752254982550453,0.9352443303985809,0.985990410663734,0.4662538666929573,0.9620933803333583,0.9473920457412012,0.9979613157021026,0.5771846885837448,0.966918640734251,0.9424011912354415,0.9922089767148661,0.5740670000113842,0.9553018673345292,0.9601733849172277,0.9942674375656165,0.7753163929879978,0.9768314842877343
17907353,11838691,1,0.588108138030176,0.9973295567887497,0.8261972073227799,0.9751779853688398,0.6426149129621413,0.9932724138562267,0.5032383221377865,0.974891759390066,0.6853207791926427,0.993609125282005,0.6492385622998239,0.9454626546044209,0.7113252432488071,0.9957679021096628,0.657026557736549,0.9763857086126027,0.6575227485795394,0.9959741784116971,0.7932185957870537,0.9783833003767181
266571,3551701,0,0.5476179281858694,0.9882865163949994,0.6250782100735766,0.9525069527791761,0.4387332233436328,0.9895647829291375,0.4519693607008308,0.9626926777329056,0.7160036442378653,0.9936091127685062,0.5010571935281634,0.9415700042034226,0.6944005249143664,0.9905883118905684,0.5860517579461011,0.963897935174703,0.6123495224803639,0.990545437428506,0.6987644182993351,0.9434166777289636
12971450,16958918,1,0.8778626830911048,0.9957375989220296,0.627300768368992,0.9628244836255881,0.7590898302430741,0.9821377506099993,0.2894742849714478,0.9443882542642723,0.7737270532117084,0.9936593257946368,0.46558936831236974,0.9529421578416046,0.7848166335235008,0.9873602615804532,0.47770081187350455,0.9488938742253838,0.9002700191415944,0.9920501660840267,0.6673860278350676,0.9635786828450182
13994043,3365958,0,0.5465711456844123,0.9942736031925785,0.5403073624879421,0.9662306746560143,0.5492683618883092,0.9688266950105419,0.3972767669134606,0.9278673412994544,0.7317229830029802,0.9912320200432961,0.4038575392348934,0.9101947610616467,0.70474275795326,0.9833828164420636,0.3580339738524454,0.8827039589619415,0.6091827688244794,0.9962160890788045,0.6224664351607646,0.9715326580185739
11958349,6305269,1,0.5365876320163406,0.9939688789101397,0.7668133427002836,0.9670844928787017,0.4948125553751445,0.9953232581572299,0.6477224619403771,0.9779732316054994,0.7094515006767398,0.9962826985039195,0.7273228887379652,0.9775927944142319,0.6978869768736654,0.9960119278560748,0.7174964614667431,0.9624763820257826,0.6106875440235182,0.9973400602862709,0.7819977622873917,0.9741607582223756
14988339,17076233,1,0.36540665366219055,0.9879308828149803,0.6240961292187032,0.9280097949999236,0.4079684829381351,0.9761433509015789,0.4071706577076877,0.9106133541993785,0.5677767070510698,0.9832571270606536,0.4769497923974785,0.9555816105328826,0.5881523682123473,0.9829889033078562,0.46410204238000696,0.9422287376046188,0.4609029928037396,0.9953166685882272,0.6074746597044371,0.955546492658741
19707472,4898682,0,0.3783100330504362,0.9945197097241941,0.5673191715419132,0.955423581395999,0.3439756253152775,0.9890373080771081,0.41352367875397844,0.9560484646613081,0.46987075474609924,0.9761014756368469,0.47766337328982944,0.9406246937320171,0.4693769359031436,0.976027604359642,0.43536151254481226,0.9489482814192305,0.47621609806206383,0.9892253874494517,0.6580543878072362,0.9548981013370678
20514481,8117216,1,0.34340923246402044,0.9973659556404423,0.672862825251743,0.9549607987274473,0.3323061826987263,0.984356549281346,0.46730740914405733,0.9497865358552469,0.47232186096297013,0.9833059167672867,0.6230829537120098,0.9597554004238856,0.4797384083340796,0.9830226945147412,0.5424774151643919,0.957436389391289,0.44069093983767765,0.9942040991993395,0.7133778760653566,0.9676327661979377
2732151,8070429,0,0.5457983155812138,0.9961211416150347,0.6668272093263193,0.9753202605260869,0.48207190882795387,0.9960397058133117,0.4774641410412296,0.9564283492915162,0.6052346759553061,0.9776287485793905,0.44634219229073535,0.9227847773326963,0.6234396561613198,0.9845405051917834,0.5153545162366922,0.9499798728316845,0.6231345759314622,0.9915681701571694,0.6715990812743791,0.9641307246674233
418257,7110836,1,0.53728906210373,0.9889901834314498,0.6562576696443387,0.9523294665826686,0.4668662533385722,0.9949065899068549,0.5742375593740763,0.9658340289448971,0.5887514413633216,0.9885699104666988,0.6885908440039901,0.9713656002287298,0.5962002295313497,0.990573153261743,0.6352705983115443,0.9690577587452008,0.6167496932550937,0.9937779152363363,0.7644702734451976,0.9613153146600893
5048822,15805164,1,0.8875593320779185,0.989549292627305,0.6061823631051131,0.9095371759822867,0.7847772891110575,0.996361618439815,0.43065352050266725,0.9532295638472874,0.9624901568584451,0.99906985697386,0.5277407620294265,0.9720342650684866,0.9330961822025986,0.9977329607072336,0.5004819253638662,0.970496609164585,0.9187869834949843,0.9977467198990535,0.674135784084603,0.9487429717143929
17944691,588571,0,0.48236304273535024,0.9945299079681276,0.5719846579961088,0.9740942836101807,0.43635741042769516,0.9888994559594332,0.3226387715248892,0.9350076652135145,0.7070293662083442,0.9813082055314352,0.38719362644707245,0.9438020335132231,0.704303671837868,0.9825565533899282,0.4031904200887084,0.9426812394169922,0.5408433034266785,0.9920956031094864,0.49373871368566,0.9625638465868717
23647361,8297826,0,0.9294653705798608,0.9952145247035752,0.7564959563447121,0.9773174629941026,0.8745806483526584,0.99361575547747,0.6341231883897611,0.9626028240062795,0.9456298984496684,0.9983445361403515,0.6490268565662944,0.9480014439463363,0.9579891758585481,0.9967014367157644,0.6383232823903819,0.9525457016206306,0.9414794635352367,0.997116008133232,0.7490835291265808,0.9801867267597256
15626460,3224152,1,0.8098612260105614,0.9937292392331266,0.8028405005081171,0.9837132021625811,0.972286164773086,0.9945594173170609,0.7149070773341129,0.9820920559841558,0.7985967653818583,0.9893975069276391,0.6864810001173828,0.9578879144227924,0.9366556426830782,0.9967685470524026,0.728628057329565,0.9575038596577407,0.8490129608733267,0.9960132829617641,0.8295197146219978,0.9827041106850545
20640355,11834952,1,0.5565103809437959,0.9966870383036035,0.7114365214949652,0.9593383570270589,0.4525010943326603,0.987870537730695,0.4724654353154598,0.9675578617987227,0.6737278675890365,0.9943968611295321,0.5693411874083987,0.9690758202818176,0.6470975270880666,0.9914281679470041,0.6103965374815372,0.962142394151152,0.6280755656278909,0.9990736962223937,0.7158915402944945,0.9799986208732171
20009109,21436838,1,0.3803240307771052,0.9873636851285233,0.4424404735821795,0.9503488803253495,0.314290363892888,0.958228222815578,0.3652076284458935,0.9172372771095261,0.46172953980586673,0.9553217417024444,0.3349879826227127,0.9098012241306129,0.4756358614824882,0.9520157749870679,0.4120891035698878,0.9080400875821037,0.48235246641567375,0.9722635303434892,0.5603660035926259,0.9185836156222814
7142335,23647738,0,0.5673597715620704,0.9923835610605366,0.7788437549011007,0.963725892781566,0.5093973692144735,0.9827154991283177,0.634637839019196,0.9607778029784049,0.6504630416332127,0.9896060596740472,0.6898770759847962,0.9338895409227345,0.6658410631327079,0.9978217713346579,0.6855068298934651,0.9704871653060081,0.6381668134997841,0.9968759390770238,0.7895579233473183,0.9719462128230016
4477205,15609432,0,0.6083755024156663,0.9903541242501486,0.7117735768683682,0.9534865439259049,0.6868816522909909,0.9855160130451855,0.5349470429854293,0.9608990336919888,0.6893356275808554,0.9893268372791931,0.548395063741881,0.9559136208580918,0.7534220674290834,0.9933641937092911,0.5852636081035684,0.9643114939889905,0.6735665491888516,0.993951764544689,0.7627178874557587,0.9656977142377154
20681844,17965575,1,0.5379833521534978,0.9964361467752129,0.5743321518766116,0.9417336228871744,0.44508092511796465,0.998660630233478,0.4376909513385481,0.9544163881611045,0.6582822642906971,0.983883890087469,0.4726185509754387,0.947134897724333,0.6699741548053028,0.9843924704184434,0.4501665054545684,0.9515639351288009,0.6156023213939206,0.9962489802884685,0.6598061378518518,0.9697112910234015
18269744,330216,1,0.6603003099089271,0.993566401984828,0.6511858928541497,0.9704215230820779,0.4938752629150709,0.997716150391845,0.6006403080913745,0.9716473874097393,0.7520405523946999,0.9954899260445753,0.6642612962370553,0.971145986559326,0.7524925103269494,0.9946890254523069,0.6289553220516815,0.9745797079357873,0.7187400309752026,0.9935624377728337,0.7746890476376797,0.9777648189019709
15028490,9127823,0,0.45268866868896984,0.9959854839488596,0.7173464435324379,0.9851462990532857,0.4063916920044687,0.9837253948420127,0.39387432588774485,0.9528720549532009,0.6353150779896596,0.9909571747237278,0.5285884187154445,0.956291899993305,0.6310138532717543,0.9895422214161572,0.5077237966858714,0.9626350350933262,0.5325588610969215,0.9962873580085805,0.6974715092423728,0.9754676503988027
20490347,21807527,0,0.5864510388166625,0.991654875011995,0.5952290085510379,0.9374460582830044,0.6314156976117099,0.9968957274007417,0.45829812376043044,0.9637865087744332,0.7500910919103267,0.9913409403467707,0.5879299014294459,0.9667941957753118,0.754617807675416,0.9917270434594017,0.5956619223836849,0.9677244813107645,0.6648835639890572,0.9953080279679547,0.7474805824898232,0.9754547181199043
20612707,21609539,0,0.6856807376172845,0.9934907451128867,0.6579775323408033,0.9601656951700496,0.8432928549879484,0.9850357276674708,0.5706222219888031,0.9407019388774844,0.8910331359599138,0.9940074000541271,0.5858115846085712,0.9630732014492843,0.8967494605901011,0.9969301952906898,0.6075107414244977,0.9519804083044332,0.7517053903080558,0.9987877715300169,0.6974718396502033,0.9709760691646597
21575639,11872567,1,0.7610048682023258,0.9935339808153586,0.5768360649206219,0.9511472332707019,0.6761710705291196,0.98813721401527,0.4253150280639544,0.9560766391733779,0.7723162929543594,0.9927212940683096,0.5433249166047045,0.920310294986581,0.7928902738397329,0.9950248539666359,0.48252057882760147,0.9572598653868374,0.8123235105066116,0.9976532674320934,0.661841491992041,0.9657288852687184
7118204,4860089,0,0.4063091888124144,0.9875339286608096,0.7184573067071367,0.9531760873778237,0.41589789161167706,0.9799748275764524,0.6952062723766652,0.9630204540724011,0.5671059748575946,0.9972003729017819,0.516000926341545,0.9016727059659747,0.5311029950180192,0.994389492333513,0.5349778926151372,0.894594126468321,0.49611728025133117,0.9983971836444144,0.7511021095270575,0.9707837634687693
5086587,7872667,1,0.32278419099674427,0.9960436289576808,0.706905793787983,0.9741396823176294,0.3076540802490262,0.9844093245279356,0.510866994498772,0.9631353962392234,0.43633904110420463,0.98062219879271,0.565133474499772,0.9605740927785036,0.4455230613788219,0.9791853315454438,0.5824205641783954,0.94358518738375,0.4014841470733009,0.9873144161993216,0.7361342473140182,0.9665380104713786
12798072,14167175,0,0.40288337837733607,0.9931070950626926,0.6295978866888472,0.965339935502969,0.4440959983537915,0.9780043763330191,0.3052850534129553,0.9352979440622334,0.5966055002119208,0.9768951657046062,0.4768166872960752,0.9337418713056092,0.6029895582445942,0.9770640757637515,0.40445236563419407,0.9264306110643119,0.4858822512359951,0.9962166137762203,0.629651237208332,0.9762633532545111
19180753,250595,0,0.5239103980494497,0.9948912704246096,0.7032670149938177,0.9648408928200503,0.40409719437926245,0.9953796383464407,0.6244650711204407,0.9742542091617061,0.5917659927773709,0.9932131663042406,0.6891880031623058,0.9732544011531888,0.5945716855818132,0.9870694107331975,0.6529802127825561,0.9416308720133842,0.603933675877503,0.986485214648271,0.748458658288649,0.9565262229177822
7158123,13438575,1,0.33441137067887994,0.9957654650392294,0.7773455411040979,0.9831810505276719,0.3562731397567982,0.9712069958077718,0.5106742879321384,0.9409647284843905,0.448595214387563,0.974756292217594,0.5210967731933221,0.945546221368407,0.4784702570583408,0.9710610034019964,0.4691917275077705,0.9005057993963529,0.4300743770371398,0.9888388362089275,0.7100942901595686,0.9621817337549877
14504556,1730524,1,0.6956667815625301,0.9918576981086858,0.7063271545054659,0.9518033248531446,0.7818156320157401,0.9991080894173077,0.5547905814559091,0.9737036746716311,0.7965551910502815,0.9815683974531814,0.5513636384206777,0.9040095196397734,0.828618294195081,0.9906867396600401,0.5740102966582075,0.9395562431568982,0.7561387199689872,0.9963960831836455,0.8262292282905147,0.9700693463804122
21009956,8559503,0,0.8243528337298163,0.9953479510123953,0.6444958229123827,0.9658004502180505,0.6459741941270132,0.9962042801808731,0.40019923141884506,0.9514827010466457,0.9586940885544166,0.9943776295655815,0.46069415506738065,0.9503919792348523,0.8358398091072337,0.9963012327213884,0.6406853408550104,0.9613931086272942,0.8648201478036501,0.9988468533318703,0.6881677666081325,0.9703917967058678
11645345,10106324,0,0.33350460278662647,0.9848550944060143,0.5126063942153942,0.9554170008406062,0.32597224510981265,0.9830019853469553,0.4088188971117931,0.9447897024581238,0.4617627449337636,0.9662309163794315,0.3967393847156079,0.9355430250506015,0.4723628838263734,0.9673112921802667,0.36781457665274075,0.9355397530317944,0.42038098619978703,0.9845436092498666,0.5449171303307865,0.9493499235040141
23299439,11751886,0,0.6771208419648735,0.9965781851746983,0.7040155775911607,0.958338595578281,0.5307597134505609,0.9946014327638836,0.6339151600343864,0.9780363979369436,0.8054626435075145,0.9872767158400148,0.6146479368653321,0.9098902473500262,0.8335722908230883,0.994579575894019,0.5626495087796941,0.9456071564104334,0.7259025641358565,0.9891935681675986,0.7670731772445316,0.9411209839951123
23576511,8594656,0,0.38272250891340087,0.9956951518973455,0.6494201879389125,0.9386109425616539,0.32682603229117785,0.9916798279974597,0.45983779756064047,0.9477064670525988,0.5231223983509863,0.9817576166060338,0.47529632879679673,0.9441423388269293,0.5445648671546399,0.9771290559548855,0.5126373253112593,0.9421593212962868,0.47255981858129714,0.9947582354116691,0.6313708011478848,0.9627472992355066
7518607,7434461,1,0.47367335870272603,0.9897343805953317,0.6704091851700948,0.9661895105341716,0.46502409559569,0.9838599099763278,0.5262917508454458,0.9601749414811178,0.6627429592186926,0.9920191076904836,0.6547688337104589,0.9770207713440401,0.671835897718132,0.9928677705110787,0.5472394127887088,0.9651975799856157,0.5573708425750781,0.9941798484682524,0.752857691135836,0.9666668986435608
19483244,949221,1,0.5795511239764082,0.9971316913960624,0.647887843307118,0.9655686719868958,0.5067590191083413,0.9886713829263798,0.5846912492330393,0.9637509519880219,0.7652597834554726,0.9953431083918584,0.5354190600105085,0.9747677470048308,0.7651659703238534,0.9948930789030046,0.5313200525091766,0.9670081361958435,0.6465257732799543,0.9944084649967814,0.7369897750891268,0.9657425901279707
15301113,8766831,0,0.3346438751067179,0.9957910358587949,0.6312367656026212,0.9425188756398889,0.33694250858448116,0.9801028946630568,0.4607671600732336,0.9474806775098519,0.4849610941460019,0.9765021958752873,0.5447688217216526,0.9385736431209176,0.49485436593631493,0.9727271047036764,0.4865184883701401,0.9178217019794916,0.43324110291218054,0.9935545671308283,0.6533291344883916,0.9516823661558277
19045087,21515430,0,0.3583140457429481,0.9916391472419808,0.6643285838853459,0.9498645103840972,0.36970953730613615,0.9766039407988754,0.6186312364893816,0.9439679734504316,0.5333151778426465,0.9888088250546513,0.6319337087721377,0.9587873643206146,0.5467558976283643,0.9883931481743006,0.5592999581605592,0.9394244771878725,0.45633122337384024,0.9952605514847771,0.6994824681696545,0.9654657415141871
5246170,23512890,1,0.3522843415146528,0.9953577196427729,0.7301686916553345,0.9696695006582563,0.3355354201167905,0.9864475668773073,0.4846195664575845,0.9620029453187572,0.46245718562518423,0.9805057265654368,0.5114295178153345,0.9491567260290238,0.47643047971398633,0.9781890937621464,0.5393848664089813,0.9349441253513582,0.4548194435429478,0.9939219471561317,0.7728265134560607,0.9809525381073328
18539809,17662458,0,0.9795317172611591,0.9992790546797665,0.7528833032897992,0.9822039375265678,0.9021109804839919,0.9928801064436794,0.4622095706099676,0.9719313150684991,0.9754955444615884,0.9998245102885943,0.6256994256270219,0.9826831802312649,0.9553634819693285,0.9963051265808348,0.5519092510915361,0.9649998123162946,0.9811613297577585,0.9981585098151559,0.7797819351939006,0.9839454220493462
14412812,4824415,1,0.5002925348801918,0.9966916415326295,0.6602887757180907,0.977645987250435,0.5093874448316771,0.9817008078979808,0.3284305600813834,0.9460213372587987,0.6106853823944509,0.9889995058858428,0.5212201008329533,0.9583735554328143,0.6339396930333335,0.9881008981704289,0.5160119582859573,0.9606184393887389,0.57369704756359,0.9977137297359682,0.7307105411903719,0.9778377079897115
7132185,6291471,1,0.5158519961908663,0.9942463317679724,0.5915485245689074,0.9587329325605802,0.6111030106424243,0.9987270095129748,0.496368554424491,0.9597638084067529,0.7023568199715844,0.9897150477653857,0.5252397329933658,0.9614917773706434,0.7041021846385059,0.9900660064669704,0.6006064984094129,0.9676430663599275,0.5819451318709703,0.9904825234143649,0.6887068079364885,0.9479476851243929
9130471,23677130,0,0.457358111224845,0.9837414998842245,0.5580430549526523,0.8872774196208639,0.36282222304568484,0.9712881312121626,0.3263860944392837,0.9296411227309239,0.6566811658349201,0.9887129555193226,0.41815155340140764,0.9477099958697863,0.6728129426610698,0.9870294220284587,0.42694713475198964,0.9347956757931245,0.5433159875088425,0.9927812415385554,0.5172415661287987,0.9281364212646507
987675,15129122,0,0.7869392069854725,0.9917591844075389,0.6772391432846351,0.9485468719163411,0.9754153178851778,0.9963921742978555,0.6220734526472462,0.9765557824368174,0.9730593165368544,0.9991285286705207,0.700902816280832,0.9743972515963464,0.971118190954615,0.9992458406417032,0.705663605905861,0.9702662100267886,0.8262300379609547,0.9992957926427432,0.7535866590825782,0.9619962501481304
6644756,16864880,0,0.5596089346574019,0.9961101932163092,0.650215278632548,0.9776841875838921,0.6015064188551468,0.9898781230885798,0.37517045915064595,0.9594203658551662,0.7442045648235566,0.989401126244311,0.5900073488236429,0.9641551727242544,0.7482856385956882,0.9891735043923812,0.5420734172695583,0.9594634929983381,0.6338089853417914,0.9959169135161261,0.6762600960838792,0.9823095674027608
23585932,665978,1,0.8792046952362297,0.9921634305859408,0.7075710278911194,0.9662731315484784,0.9662293275924111,0.9906782262013809,0.7116410182837156,0.9694159263435765,0.9392298649953332,0.998783001571304,0.6622682024739065,0.9694502895424795,0.8971172386018298,0.9966576984993895,0.685272120544653,0.9517750092805604,0.9017521323681997,0.9986517588022272,0.7968237492553785,0.9769436919726426
8201873,19906962,0,0.5262527697851009,0.9950213231294671,0.6669700762232191,0.9698069830686652,0.5856279633805449,0.9876597121094957,0.43728176759633586,0.9556894420919199,0.6856376106552056,0.9867153773346549,0.47167471478295575,0.9451682782741065,0.6869254248589982,0.9833658888540351,0.45499727594926254,0.9217004081650333,0.5891946357390467,0.9930675096347727,0.7032554951134158,0.9711475158491485
8966034,16891145,1,0.6014314371912847,0.9950755137927451,0.7116154808445041,0.9276396671239352,0.7008404215344621,0.9870708549955977,0.3805635318254512,0.9363358558752016,0.7944123989555377,0.9943127689306963,0.5136259898677946,0.9563010210705428,0.7975914973309685,0.9946958135840748,0.48056951779236745,0.9527570652756402,0.6629156387040369,0.9933832946012421,0.7262541636262883,0.9504550552141902
19643372,2401851,0,0.4120294957580692,0.9959211947000591,0.6257145552835655,0.9508730093306544,0.4596785914986984,0.9868537341940244,0.4956133828769148,0.9571229869301153,0.622432542957644,0.9839813673963445,0.4779091015466065,0.9573457924946482,0.6040715629195602,0.9850642046314227,0.4267052356804575,0.9591639950754104,0.488262011037651,0.9950780604195761,0.6498696472309746,0.9669883379340017
3672078,3768629,1,0.34787986910894964,0.9947471770909476,0.5831632370633237,0.9490444102828336,0.3730911637544145,0.9839795586969574,0.30428537502875375,0.9420034791134732,0.5321558419179812,0.9709004063494231,0.407463926911352,0.9295406782190012,0.5306748696925453,0.9716838622522701,0.41915867380785643,0.931016837547555,0.4314761656210345,0.9922188753077392,0.5858531828804966,0.9541093851045408
1126225,12214889,1,0.5603728056904026,0.9946552656687659,0.6884167540207409,0.9668946406052386,0.45906727766129024,0.9937240649061889,0.4816072811755523,0.9517371963925317,0.5455176802086426,0.9927212155447407,0.5978563018285701,0.9415990729846435,0.5756569479376682,0.9911556518145829,0.6119801676080834,0.9691000690121352,0.6368340712128528,0.9910711961368514,0.7169283054645703,0.9655891511372946
15917727,12646326,0,0.30351473443064403,0.9926018748468353,0.6248809946105041,0.9723980977829687,0.30220767710394214,0.9900414401122639,0.378210024598135,0.9533320993380361,0.3409609993200974,0.977205332382128,0.4303994719562966,0.9283659104133566,0.366047148300154,0.9705655323162112,0.3808485905981409,0.917078844203429,0.35575256137268835,0.9894718381031286,0.6778257422367828,0.9752282557706572
9713536,3673887,1,0.31381388302238306,0.9918373147360678,0.5979465905068422,0.9281490647221797,0.31191002974898246,0.9718139208943752,0.389836046632151,0.9422324682523296,0.3966675050776051,0.9846751834433748,0.47079020740054955,0.9393758677119213,0.42290616554315047,0.980183452268066,0.4610985055750667,0.9406233960779298,0.3833389384929627,0.9933617293227679,0.5596200760022139,0.9504014986085841
13643066,12593872,0,0.522081315632469,0.9923779705577036,0.7128877759333367,0.9627017070548484,0.5610125095117146,0.9846011711584154,0.6947911126019963,0.9637718311810727,0.6470248809330876,0.9897085897205592,0.5875437060305038,0.9394123821941385,0.6930193924902098,0.9973254238990128,0.6940466353828005,0.971377868946054,0.5947232546258148,0.9933766022347156,0.8207750777470535,0.9678036017709525
8452131,73657,0,0.5711924385549292,0.9995553041556589,0.7593688669994004,0.9817802347709866,0.514667274631099,0.9976637123301765,0.6712519060899672,0.9810874763845066,0.7492944312556561,0.9948928006226264,0.6690063564260953,0.9702236712809579,0.7040759212740952,0.9947781468923298,0.7212449619135224,0.9568291867002168,0.6390116347590393,0.9986629804718105,0.8273468938153185,0.9850042568696438
19193813,14429171,1,0.7422714554765465,0.997512419443377,0.6409814426423881,0.9681248638689375,0.7811214688272762,0.9914584972479688,0.4510924089969337,0.944213188366823,0.8728984898652322,0.997173551447184,0.5616369620891533,0.9748226413785736,0.8791305537290318,0.9968395613194379,0.5162261247557853,0.9699212185282573,0.7974449608380915,0.998359232072805,0.6951575987249822,0.9824542535040548
15599611,1410953,1,0.3189365800516977,0.974580250427168,0.5214859017354612,0.8110286646735269,0.30058107339472234,0.9528930741027177,0.3375891263071017,0.9009296527183818,0.46076717168407405,0.9619304535919689,0.4130331628738889,0.9163594113891362,0.4501386155472185,0.9574663529026753,0.39460249681646287,0.9055668677200891,0.3983383679283057,0.9863923402905098,0.4477496831984582,0.8530739877158958
14900320,2664954,0,0.8529435427468197,0.9944716420938774,0.7293173759797302,0.9496107587029834,0.8155959316042867,0.99797921005286,0.7256935847176165,0.981289744351749,0.9551178979662712,0.9987862517439667,0.7066799827479014,0.9626538037423694,0.9398214317179816,0.9983607624938308,0.6539853301591876,0.9597755601994293,0.8770800738753377,0.9945658304359792,0.7603124963041746,0.9526217794869245
23400223,17999460,0,0.30898016457963823,0.989254329673731,0.5291474890347533,0.9587321531420703,0.30076839039751774,0.991084233892632,0.4172432631092048,0.9350782200620911,0.4220827955448695,0.9686238913864083,0.5292731419337063,0.9178248542093839,0.4192368959342316,0.9679651635691006,0.4948231337191571,0.9037187210634321,0.3751689662627941,0.985483571341015,0.6550530692681394,0.9613957333751798
431827,7893892,0,0.32076895194099636,0.9964106791731512,0.7370976952600881,0.9691394281684866,0.30730326021023135,0.9972541410878226,0.5645825419715601,0.972728471771403,0.4181853270355602,0.9783265423226376,0.5730221794933201,0.901571830181947,0.42008060979977124,0.9831152381267267,0.5604443943475725,0.9158919356438008,0.40831097387755283,0.9922105806840879,0.781310356608051,0.9666131333305231
467550,7872667,1,0.7310004514666469,0.9924072752092519,0.8234610438995138,0.9745834415420692,0.6177865548079292,0.993634467684582,0.8595146026337198,0.9858786633066602,0.8441197642994055,0.9920181886388901,0.7715086163984097,0.9647506207500808,0.7342030948327721,0.9985869171559221,0.776251340908968,0.9637593266860236,0.7914034935599091,0.999457421427552,0.8155483656072277,0.9822182378867544
22328849,18837074,0,0.3370999174495042,0.9862070049089715,0.5829703071627949,0.9265601294152349,0.32664029809322787,0.9833480954453784,0.4857947692273692,0.9633957091343556,0.48033226895121456,0.9751711478543247,0.5006495548920762,0.9320571150902826,0.4963785337781228,0.9737459139432593,0.45139543474019517,0.9103049283209428,0.42331803726646744,0.995365740793474,0.6687477750357315,0.9602720936607142
10934628,4382405,1,0.3121423277166808,0.9912849870010059,0.7025180323886736,0.961318142505283,0.296696327605447,0.993136661167303,0.5420387081286797,0.9692380483472841,0.36961147481675494,0.9835764083644607,0.6766226953880858,0.9588615832252866,0.36458359229119,0.9830539894694132,0.5680017592324994,0.9643785567516127,0.36376646907729326,0.9881206535757361,0.7099476546858121,0.9734053999540366
19204595,9423426,0,0.8997654556517917,0.9965028907262622,0.6936942061433546,0.9776850733204122,0.806661851527494,0.9886619679576071,0.4774073670658697,0.9503057393037002,0.8752359045549046,0.9931534193428164,0.5898301295808859,0.9441518293962642,0.8607214514993523,0.9967346997976165,0.5456996135032905,0.9628117453069805,0.9201966103727639,0.9982905054680602,0.7315624131453173,0.9826566490225916
3375720,12576210,0,0.5231153784491769,0.9938503076599144,0.7177845630706567,0.9754905631742063,0.5798006375461845,0.9871979575984908,0.7296659093417615,0.9506283529038672,0.5892099082645909,0.9942256385322672,0.8034239799724927,0.9748270353031467,0.675825072760368,0.9964699130252321,0.7055456775499831,0.9514693980450207,0.6059700524647461,0.9993083255524808,0.8306175252393716,0.9836500205374167
16353456,16098010,1,0.3056850508845425,0.9878261673038082,0.6227649096048902,0.9382354352114144,0.30417238140912856,0.9682702889832685,0.44000856460060433,0.9344339827385114,0.37644948413658186,0.9828481377416346,0.469906644295102,0.9486911915023436,0.390537611753038,0.9771212492166859,0.5102006236319819,0.9268349016437822,0.3614615495694017,0.9947435986487736,0.5811777388852231,0.9546695134162161
8515616,22301096,0,0.5500879192795425,0.9903910601333173,0.6459982851839816,0.9716712135358426,0.43644156234272546,0.995053536330353,0.5912916679905811,0.970292501883659,0.5839982594913161,0.9906577468719138,0.59003170196979,0.9617763903160153,0.5757219007081195,0.991043540937204,0.5392649534310493,0.964888291295742,0.6192366501624622,0.9917893237472188,0.7700775512250546,0.9676505727839242
8594656,16948800,0,0.4992965360003853,0.9975686018286037,0.7180464263408783,0.9730023983922872,0.4125339743853217,0.9894211769239732,0.47529273226391877,0.9562572074042548,0.6014117743819527,0.9794599210435424,0.5400807568105861,0.9323783298553094,0.6190098561724435,0.9825895095021668,0.6010725685856871,0.9511471301206486,0.5749306941231747,0.9974927765882975,0.6589037123137462,0.9792458982930831
16797428,8651990,1,0.557388746641794,0.9991109450652027,0.6535638149026082,0.9790269932019272,0.5436883429491349,0.9791655029389912,0.35160391172668315,0.936554367964367,0.6776554543702948,0.9846616179763512,0.5129936399171892,0.9438963546453971,0.6984405138298435,0.9844847836332898,0.5363047579959683,0.9384178604164591,0.6270396686423256,0.9918751049584499,0.7228522356416802,0.971826180726437
5770148,13290531,0,0.3987308103825858,0.9855849628038454,0.5615821044316978,0.9430471646518637,0.3954501476652106,0.976587036414094,0.4281358571990037,0.946697108924333,0.5454178230874628,0.9815118689686246,0.4965156647076926,0.953328503565141,0.5600520679291536,0.9817557470041329,0.45378400790190543,0.9348614652282466,0.4958324228075804,0.9954640886731035,0.6901401841966461,0.96791022746899
4249821,22259089,1,0.8124764544268935,0.9959324022481415,0.771860077111312,0.9766815736036629,0.7366556319872661,0.9897125030307442,0.48793983673756613,0.9564329122235409,0.7977518806044626,0.9950918085467181,0.5542861787406346,0.9629235778003798,0.7996555115468696,0.995390907623136,0.6413171343980519,0.9700230305541389,0.8555214551051562,0.9974574958641731,0.7208970074170876,0.9840096159640803
2544868,6983973,1,0.5654024437111194,0.9965460326231079,0.6499580530229545,0.9716057820893509,0.49753013040245014,0.9968743632981343,0.4959830017677481,0.9601999275148106,0.6829308446076331,0.9904684681475435,0.6146335955935902,0.9712935268194899,0.6664735230969315,0.994406912855032,0.5388969751998947,0.9612959988537845,0.6332848014106323,0.9985498338857122,0.7557328073487499,0.9804800279450137
6680023,3636960,1,0.31408150013470865,0.992368772742935,0.4894214031569798,0.9272809726389432,0.308329133153976,0.9598776995085546,0.22161651743337019,0.8918263482247937,0.44117312158008465,0.9466334916997149,0.3175730644324949,0.891531718437911,0.4428671305541024,0.9467412706762871,0.2769292892558394,0.8844553027228311,0.39089826221184604,0.9762030215371055,0.501424743301266,0.9353088011230956
22066329,665978,1,0.4540977697032139,0.9954660884393273,0.6193084341149949,0.9431906190663933,0.3464609161689229,0.9925161245631013,0.5163744598170805,0.9726543231591127,0.5468231422857347,0.9838456156539297,0.5727993091549479,0.9635904322397852,0.546792372908637,0.9829152875563213,0.564444989594372,0.9649537569477776,0.5367729199871807,0.9972349160290609,0.707879835650113,0.9670380117491085
14481927,15262413,0,0.6525991205281787,0.9866997587732239,0.7283157345741371,0.9472937406748141,0.7362310712826899,0.9660963354235061,0.6268679218603816,0.9384349637991111,0.9119606252763056,0.9913780422821534,0.6473391014498567,0.9542149677095777,0.8982006188472879,0.9964496163834325,0.6030859036076806,0.9389389087263692,0.7164269560053363,0.9925575879840446,0.7250730598888502,0.9524394432358005
18488106,23630686,1,0.8992524737377803,0.9966398386200759,0.641309688456007,0.9508011700429889,0.8647420624660536,0.99102362973536,0.3339584641399972,0.9559262664036527,0.980333183928066,0.9994021040550689,0.5527713389965104,0.9781185765362838,0.980333183928066,0.9994021040550689,0.5527713389965104,0.9781185765362838,0.9270171713742525,0.9995740927262262,0.6311240993923374,0.9732476432982524
5567860,12461924,1,0.3637397783020509,0.9926902838061203,0.7020687285386956,0.9490457275186567,0.32938652275848923,0.9925439858552628,0.5976814920853492,0.964192700269358,0.49653896278907217,0.9819466559861173,0.5991672667577669,0.8939020158407132,0.5130052662784472,0.9845354948374154,0.632366534628223,0.9018071148688277,0.4655033120046902,0.9928527637111525,0.7981349682392788,0.9691009769564048
20696811,10349782,0,0.318516068188377,0.9948720945613558,0.43729866905169723,0.9207293289693567,0.30893387145524465,0.9743021767519,0.4206759489379406,0.9420034994321045,0.4295252834485781,0.9643473541026545,0.4714075903065862,0.9103489742718462,0.42662362407186705,0.9657507165418753,0.4205401036651065,0.9045258528644304,0.395397929825003,0.9899925632424471,0.5410674680525487,0.9525742910645632
21224972,15385606,0,0.6673408913874934,0.9976845853837301,0.6870493464467523,0.979727925099149,0.5999784713405235,0.9869206421067033,0.42972510010314946,0.9658731831551219,0.7228584714060562,0.9937448438285216,0.6062149187078023,0.9299510833671443,0.7422584291649511,0.9951300488038121,0.5266418321766788,0.9566296276513536,0.7280507218058825,0.9986633190374071,0.7124872609052526,0.9844862661229508
21823682,83802,1,0.3119546964228876,0.9965546411455198,0.7366808578700565,0.9669077438701467,0.3012369759781521,0.9945294753558671,0.6865517675136801,0.9749356440756913,0.42004340911056726,0.9880972252764786,0.7407575222170446,0.9486693484993712,0.4102271479984033,0.9862610530447969,0.6427062906069609,0.920304853906569,0.3705820590142876,0.9945701966323762,0.8240116839606303,0.9848802073183766
2767689,4970523,0,0.44827319936735355,0.9899344231125919,0.72835565762812,0.9670593639245424,0.4243037986959777,0.9915603254814512,0.7346031643050825,0.9719353968080111,0.6207727354526011,0.9928077479341791,0.7643591677329491,0.9379770271600855,0.6355818400472427,0.9939570117683563,0.7503112151341982,0.9441705293162886,0.5419350048585986,0.9991139363961068,0.8059729963052611,0.979191240187221
20692111,22948959,1,0.7984156888665684,0.9949688570369513,0.6820616968025108,0.9795447458341923,0.9535730586102109,0.9965887942143925,0.488960279659886,0.9515747121505945,0.93551689221336,0.9946757095624008,0.5496805407119243,0.9554561437025665,0.9382203685952496,0.9975261775564055,0.4699072962124977,0.9605571801646625,0.8339241635380529,0.9933703633841686,0.7084329158133685,0.9666546677146372
687106,5090669,1,0.5054348058093172,0.9968477863492341,0.6326813110000409,0.954626534804772,0.45067331520871523,0.9835261874528559,0.5041392768222566,0.9567734884394812,0.5808552792086166,0.9919631127416679,0.6123319449950755,0.9543940758034353,0.6134622870733846,0.9855487531025179,0.5538039995885956,0.9486603834679159,0.5927430208150096,0.9925165579048484,0.6938269909103891,0.9617986806264185
6847452,1113238,1,0.29752903079746756,0.9862164686942405,0.49842678351171754,0.8735024434254313,0.29596949041655957,0.9482324608926379,0.30596687268992095,0.8947330343482186,0.36006347529051186,0.9624593803255872,0.3895571033721219,0.9193146684825921,0.3553160362728232,0.9573769545848526,0.4132082093458028,0.8990017478422787,0.3260914947432341,0.9815738413158718,0.47262325895863677,0.9306212771864101
15917727,7760800,0,0.43206366233555815,0.9861946468829875,0.529717522823054,0.9572484460689706,0.41251002417558214,0.9883344739631832,0.35437571142287694,0.9413140381160079,0.5167983019367365,0.9689725999099108,0.37162607585237595,0.9392072066234567,0.5477385734393133,0.9752475943618728,0.4414669427009579,0.9392842202932831,0.5068379191066383,0.9919200229500321,0.6126476180875682,0.9659525639280775
19549575,19561380,1,0.7664505556677167,0.9996022225623402,0.6593351010026516,0.9785569371499268,0.9186380399908567,0.9983027302111689,0.5396973015300317,0.9636075915719081,0.9315525443814308,0.9953147330028117,0.7100211889392788,0.9631296950781554,0.9544139660327171,0.9938334440684299,0.6403846015958362,0.9671714958120805,0.8089266361872884,0.9969568308043157,0.7492916963831151,0.9747882835054923
1528719,16725803,0,0.8748887527660263,0.9942245822546203,0.6790542550052447,0.980157365355761,0.8545217770202249,0.994850335704419,0.5472583793512555,0.9578643456135948,0.9091578171415149,0.9974445452289091,0.6927004895707398,0.9733942770952578,0.9098745478417735,0.9971718277972934,0.6992345551069143,0.9824565687035952,0.8977954108506357,0.9997805558086612,0.8545948983350281,0.9910435792411557
536114,16005066,1,0.4061995029562203,0.9981398429927575,0.7828010265975487,0.976994183703362,0.3683602839572173,0.9955224701164394,0.6929717267157762,0.9786328721477706,0.5236041143656859,0.9941452286156093,0.6858991866476367,0.9716730086673564,0.5508260127454697,0.9944774346906669,0.7331250737167718,0.9802427719607912,0.511808617565209,0.993154534392042,0.8476199754554737,0.9654832414602661
16845107,7093301,0,0.7054061720758554,0.9969888442774895,0.7227760727759942,0.9860317720805477,0.9526514442986149,0.989884788144077,0.47414281416731374,0.9437786234518714,0.9238133549686223,0.9927358682787969,0.5893247293706187,0.9194676755377184,0.9433912889330281,0.9951944791086524,0.5958093996145563,0.9511721864797656,0.7650497214723226,0.9974319043578729,0.7442343076939351,0.9810245859120927
10819149,7231926,0,0.6643691559566944,0.9989079349884222,0.6796315791018734,0.963699037756375,0.6931747858725498,0.9825206219051539,0.47746790114691096,0.9579675144429125,0.7879308265025797,0.9927109819319369,0.47061519563083387,0.962881460712855,0.7823315779861557,0.9896768236922392,0.5583133948319925,0.9425723372814537,0.7297253496680707,0.9973078178290888,0.5749939987098502,0.9645580261299496
2791310,20836131,1,0.3753766020904301,0.9971144836816987,0.6901397498863671,0.9694306853036453,0.32348726243981235,0.9897630236437113,0.46233348218020986,0.9657246682515657,0.4527002922146117,0.9832509540706296,0.5289467082504703,0.9459901772198209,0.47028206151468754,0.9796283253356567,0.5306115316595074,0.9593405756195406,0.4670047817632618,0.9884984699876367,0.763112709253416,0.9675562210224188
17835466,272850,0,0.6934684436478669,0.9930663614644726,0.7799496459839506,0.9557159753118538,0.6531761177954564,0.9955930547194046,0.46955773907772336,0.9669645872283191,0.766250398956004,0.9923085916777564,0.6179098969290593,0.9691394101294922,0.7194511165928685,0.9898324130270121,0.5807843068068245,0.9461965857139222,0.7527586160874726,0.9924209648166434,0.7714477604597411,0.9531442545944359
17409656,793635,0,0.5779714947708567,0.9981435550872422,0.7372120059811483,0.9679559530232451,0.46922788557175243,0.9983694434987639,0.597851673682785,0.9783393981189252,0.6525851360149328,0.9900332019195247,0.5489405839132004,0.9644237892288416,0.6743370623865447,0.9899585162142344,0.565281019550725,0.9647247513588324,0.6448284017231816,0.9970352592096243,0.7526327621152925,0.9765801872268431
5066508,18036453,0,0.6050367453872321,0.9977279402807993,0.7812911917771085,0.973769822655067,0.6361262037189507,0.9926324287368067,0.6344535197479173,0.9727992539627276,0.6926168788158308,0.9834399953491256,0.6609531244082145,0.9291308820802826,0.7467902910783771,0.9954809306909134,0.7119338764944732,0.9759588055739417,0.6768681678897769,0.9982182608279896,0.7745914234049112,0.9762670299816971
19130322,22502712,1,0.5204864571403509,0.9940310264695256,0.683758232639855,0.9365343292216661,0.4908545610990171,0.9978267166083672,0.31624205273209505,0.9587384048507506,0.630211720521505,0.9816968346509892,0.521340121596589,0.9330412584239233,0.6665050014039277,0.9829836835760752,0.4528970652339075,0.9466340561146068,0.5967365006925759,0.9941400445630103,0.6908757243846713,0.9625817045714519
11481709,8544629,1,0.3880829137116525,0.9917948309569897,0.7488804815413554,0.9434187814597647,0.3751179511218243,0.9751869513254346,0.46797608981882544,0.9533744651977604,0.4622198023642867,0.9886921997344961,0.5636131504565385,0.9348186699977302,0.4978381647154914,0.9846763780263473,0.531926164034336,0.9602730274715666,0.4928586152245397,0.9971182228584478,0.6931597393500364,0.9653806901909928
22271237,3024977,1,0.9204452293111819,0.9842436787485395,0.5853023251634082,0.959110692043951,0.7426686523480882,0.9901811764322986,0.3989445322991001,0.934256090838692,0.9405940569811304,0.9984820520455089,0.5227060617449049,0.961675924564706,0.9370219172341689,0.9973279068633589,0.5156325662521608,0.9548120495503918,0.9301906039962167,0.9917704918698337,0.711326050562544,0.9600801410906192
1854052,2109483,1,0.33357601745659815,0.9971131317436126,0.6384705207639034,0.9705530419845264,0.3257735047502379,0.9758637131203691,0.4119729398976022,0.9494612215647472,0.4243404640271633,0.9786071227572731,0.4361292777967476,0.9390235705429022,0.45495548313823864,0.9734050562569583,0.45449315515719135,0.9304812027865814,0.4280456943563798,0.9909760187333339,0.6682387297579152,0.9725326627904971
8162671,2090333,0,0.8211323185332429,0.990671445760191,0.47125290405111975,0.9182853268291417,0.9261610832042181,0.9988425881856142,0.2742468606848488,0.9423609163919714,0.8559423835505257,0.9926872213085188,0.37679446901494595,0.9598813778914307,0.8559423835505257,0.9926872213085188,0.37679446901494595,0.9598813778914307,0.8664700070187211,0.9963455284434518,0.5792504760310269,0.9589756455919402
375390,8696200,1,0.6653295188600371,0.9810355227968997,0.6719888874316642,0.8836481270406045,0.9764545120552662,0.9937630966883253,0.5699933323365036,0.9713499221251802,0.8617707869410548,0.9903894517668275,0.45483815378505066,0.9122273982832368,0.9311263928305322,0.9952308151138812,0.6080429836362388,0.9583736462978798,0.7201649417524408,0.9915552342252598,0.6801611073861662,0.9145506171387725
23677131,775729,0,0.29644626840565624,0.9812874586263595,0.5687258904946308,0.8763852406043172,0.2938422087334303,0.9618280287478006,0.32372538690424657,0.9159469828753378,0.3482640662734857,0.9664466575366497,0.4195331021872346,0.9329788716441826,0.3443062387376013,0.9594065204238745,0.4235999102961939,0.8861211827015859,0.33110228044892126,0.9855620741881788,0.5496800513751938,0.9238859447427441
628819,19138361,0,0.335679410794497,0.9991279984580742,0.6987728028811929,0.9688555685589461,0.3119490239791591,0.9942851623795034,0.5700544678410442,0.9559030203032378,0.4235395424861016,0.9912103597871917,0.5795855801859404,0.9618156691601294,0.4197739258115199,0.9861454817670762,0.6487806336427833,0.9602357246373759,0.4296960058311947,0.9900958687662306,0.7773049596918722,0.9620373558018014
10816494,13344859,1,0.549919478206624,0.9981257322142161,0.6688831017994217,0.9695269982332209,0.5358993573120393,0.998064926706788,0.5507262784259581,0.9643334147062281,0.6808294351399216,0.9868467478189871,0.5783381821665821,0.943474740893842,0.7344676436528601,0.9963930549637321,0.6084778194960043,0.9519095551622524,0.622414891200253,0.9983260277113665,0.7402512558968437,0.9838289685958135
9581835,2245320,1,0.29708509852774995,0.9970519488220044,0.6727321070537209,0.9505328439206676,0.2959072370677331,0.9837034014729158,0.5350997106968727,0.9603353142834316,0.33953251123911143,0.9855619223746015,0.5271209787017943,0.947188141302814,0.34333924611867195,0.9811748718585711,0.5743564905955394,0.9427690128696985,0.33100674353149045,0.9954927597152128,0.7499428313008113,0.9800411086658308
20239269,15354002,0,0.7545177447165202,0.992317280229551,0.6971377706772246,0.9750072628505694,0.5992039685886715,0.9775317245835928,0.6304918626145377,0.9500997957322357,0.6625655905204036,0.9852105576551857,0.574887066499887,0.9360122571753899,0.7197443464484484,0.9958068529326151,0.5842407878051906,0.9409247590371608,0.7959335450508628,0.9943105822144137,0.7314863385643994,0.9767544163978147
4482782,1455792,0,0.36680904729403635,0.9928500935904031,0.7112301013209574,0.9536817525274893,0.363626194203542,0.9940546951876998,0.4952228327577821,0.9682420689490149,0.5024381660986946,0.9815007565174236,0.5432452506768057,0.950937152700923,0.5077879155382556,0.9801087053584326,0.5260886244515208,0.9457201512172712,0.45439386045705393,0.9949191601931422,0.6905615099008751,0.958904906760345
372172,11228284,1,0.4555898585384146,0.9964284112990442,0.7317042708138157,0.9776391201939243,0.3546202133372806,0.9894456416368477,0.6697289438890417,0.9691035457903866,0.5019197262312146,0.9911533403021882,0.7206110881021943,0.9613223464127117,0.5286246040423138,0.9923110998201444,0.7580623947554139,0.9730082806622378,0.5494446361685047,0.9909008369004277,0.7843789209389886,0.9640804207072531
6597125,17573144,1,0.2941018024844026,0.9960569535923017,0.6097826516981497,0.9223635741695014,0.29348802758082865,0.9549653627020752,0.3416912821684549,0.9258942066161394,0.31683425717633595,0.9552287160067645,0.39840050569538366,0.9137386423391707,0.31578390902654274,0.9465643570303617,0.3681033667836362,0.8858544967615486,0.3126047027448294,0.9848938755192379,0.540606834964031,0.9437399087071859
4652514,21664404,0,0.6807699301603543,0.9985214431229886,0.626371579514313,0.9748028921759702,0.756259137954174,0.9983476203221672,0.53595825305944,0.9743278627924636,0.874134590339845,0.9945166827554801,0.6271677541933485,0.95067298287203,0.8205911807115286,0.9911034324646831,0.5902001857275204,0.9447819351317546,0.7420238698636116,0.997592473246443,0.7610250043656441,0.9808193988084888
11918313,14849002,0,0.9259575920120058,0.9958454265172493,0.6524100297148463,0.9790310178736273,0.8833243412826541,0.9908415925438867,0.39010946622824116,0.9524137431895314,0.9753052083936534,0.9998102837740148,0.5059384317479685,0.973056492803779,0.9650654742419169,0.9970530954465858,0.519794462232978,0.9594582113233575,0.9399438490254429,0.9947212028676079,0.7301354121946496,0.9734539558511726
22492282,8365268,0,0.3973595801087517,0.9961451329650763,0.5836881902172971,0.9489225781915183,0.41863018976983724,0.993363777610279,0.3914316984531112,0.9364888611473452,0.5183324803968051,0.9657977461651538,0.3616526803710226,0.9047079240442581,0.5604639704730422,0.9754380292200489,0.4658473842654459,0.9387966731269297,0.49064332891177226,0.9914945925317242,0.5545308951844155,0.9640307636618649
1725724,3246556,1,0.8398544803126743,0.9839851161384054,0.5478036525956106,0.9404385230376041,0.6783330488109505,0.9677808201383764,0.3406634636640705,0.9136729465141185,0.8168186420228833,0.9866900394627748,0.432984245953859,0.9311113860715995,0.8227172921125759,0.9947762911526115,0.5186922523684854,0.9530828734518786,0.8692733260871461,0.9973587492822334,0.6322027641189129,0.9625023545140883
19340788,556271,1,0.31560526875706585,0.9977420939459645,0.774999639259676,0.980832407413989,0.31033876154093215,0.9949136826628797,0.6519489273041248,0.97432855853291,0.39614930793536185,0.9939052762199942,0.6740761360577061,0.962271586508193,0.40539655801618096,0.9916380881935668,0.7226323190888525,0.9646436857473245,0.39536192440754825,0.9970198450535138,0.8427782194580004,0.9900225639675092
17724878,2279291,1,0.7288584943692046,0.9985089717357465,0.5907184131305945,0.9666062865495046,0.5887282077737186,0.9994081401472679,0.4589346548054285,0.9567135016182535,0.7810022887707465,0.9957476812260019,0.5712699949507625,0.9699293513770197,0.7878362404470451,0.9956997184570946,0.5778685552366365,0.9600688538156933,0.7763416274510205,0.9980664606203857,0.6933828498572685,0.9764130316422028
5258165,4511510,0,0.48945979160007985,0.992135552504821,0.6225776311087512,0.9590319091017577,0.6121291673460878,0.9801169047474646,0.31941522265491196,0.9378040301095851,0.6181741978412463,0.9827112105525451,0.44056136934958856,0.9530952434169128,0.6630765110333725,0.9869857332779229,0.3936215583232905,0.9498819052890473,0.5687825525777492,0.9966725401621382,0.663630761158619,0.9732885002506155
17339760,7682647,0,0.5452147489607828,0.9945025980850022,0.60288685535824,0.9644817262830279,0.4912262426187373,0.9849100140065589,0.5173609497553582,0.9555830862489414,0.7681990877251584,0.9931262930679872,0.6427530562892512,0.9597828027614125,0.692798968940715,0.9836743531100878,0.48801193697692025,0.8875636282735414,0.6232391315384492,0.9967677326951923,0.654041803157362,0.978446423798115
214511,15066035,0,0.5504461506892844,0.9914919702103066,0.6465604497808324,0.9423377237910767,0.4430462699520784,0.9799621515162261,0.4896459910341253,0.9610226742902999,0.6320079010150006,0.9896084569513313,0.595453182363445,0.9618984189265254,0.6050090256246373,0.9810719177025388,0.524612088712496,0.9169771024130354,0.6282582927843997,0.9956913972133453,0.6932872376653954,0.9624996351078997
11188585,888155,1,0.6126662955048406,0.9866756595775328,0.5990515868323185,0.953123466752835,0.5804854894880456,0.9882955691824978,0.4282208820946496,0.955143873108278,0.6131236494822582,0.9870434308758166,0.5676329366864938,0.9653650819582804,0.6561328884100577,0.9898562487788996,0.5863320223147793,0.943399273325214,0.6877460035076624,0.9840395391537371,0.7542101303334425,0.940790911804089
12107388,14633134,1,0.5403236625484136,0.9897488693651258,0.7271641938893578,0.964045505247234,0.6765645476352585,0.9854840960704463,0.580400159841713,0.9593574521960683,0.6672323225845918,0.9864760990706847,0.6363409842169213,0.9259132558666598,0.7451647973756264,0.9959355012885168,0.6572417907735635,0.9753378710661305,0.6182955119954591,0.9980325124555259,0.7634016769412931,0.9716034765964221
21674149,1958876,0,0.38084279403215965,0.9929375213570425,0.5302096633420851,0.9691688613789566,0.37758474647675716,0.9955552989189596,0.42587167239630197,0.9597996116171169,0.5299505652936393,0.9760001531494937,0.44023049626812916,0.920857371069769,0.5527616247840524,0.9723854240107425,0.4377719602494361,0.9023993533397852,0.4796724610551128,0.988635345034163,0.6071737785305631,0.9638545013666802
11090451,14820646,1,0.6700986760853284,0.9970292207812905,0.5284994375061787,0.9753557780367951,0.55021672653189,0.9876927854767026,0.4105475584668451,0.9549429178294563,0.821220798971983,0.9950763708409717,0.43696188876120556,0.9362173709952996,0.8031227473918019,0.9941527921759058,0.5081361860434008,0.9410046989853995,0.7270247713068113,0.9937391194440117,0.6548506277867947,0.9680530315635585
662799,19478367,1,0.3137192294060775,0.9930324938405504,0.7385017229274644,0.9702484593876876,0.32399035070818455,0.9723925554428879,0.7917074781034962,0.9415885499706582,0.39803223695957535,0.9922051296424401,0.679470386837045,0.9430848410286644,0.40556211209722204,0.9945399781138707,0.702115011804954,0.9469529305055017,0.38733633958252783,0.9962076951064843,0.7895334919550956,0.9741903986887606
3753583,3603774,0,0.8477379069602028,0.9902807745205074,0.596612092107978,0.9413214280521613,0.8057207229170606,0.9832598744723661,0.4844427111296743,0.947549138628074,0.9313706375863638,0.9967232021789051,0.4005957631041117,0.9557554538965417,0.9358682265050802,0.9979340655507231,0.375101214254722,0.9647558822461376,0.8779197706419549,0.9968582291474206,0.6273953551005369,0.9583178774624467
19657516,3341258,0,0.5666597488373668,0.991931971493531,0.7183031321902665,0.9317150289567155,0.678339624060968,0.9796019691390999,0.5672008564480906,0.9485522060886629,0.7806611795105118,0.992794842130599,0.7305718353659654,0.9702538135266825,0.7776757994193126,0.9908535363835644,0.6660849854083404,0.9482482281723825,0.6405450634626686,0.9933513368321323,0.7072904050455315,0.9536803286672028
44823,1907167,1,0.35152271287644543,0.9989218733226012,0.6695685434702587,0.9717175013570345,0.3159543351144385,0.9917615235308581,0.5876246130787708,0.9649975572648052,0.45835942586199824,0.9940454080502688,0.6469780969613769,0.9629392998733077,0.4492952495457239,0.990784293583055,0.6865107733591701,0.9405824528599912,0.45097649183664673,0.9897007041195691,0.7843099747305362,0.9612669809627424
22998998,16832679,0,0.9281217500772925,0.9910219804572897,0.6638757378557717,0.956720682022149,0.6549027852744607,0.9964041690495428,0.46913710914191775,0.9618332431963008,0.7886852623068504,0.9934600568148109,0.5974402759774498,0.9699002745278146,0.7912304761886539,0.9918402763016662,0.49237608498898455,0.9634380438934617,0.9389434187202615,0.9868580666285264,0.7317524297329214,0.9594943184691102
21182830,12122713,0,0.8281349816569124,0.9947385814348744,0.7916651412143298,0.9625994226681998,0.6844977736402352,0.9949588501037255,0.5880251527141088,0.9667023208519171,0.7642488584271652,0.9937634028002496,0.5709214689116986,0.9463250107469722,0.8005589529094527,0.9960632448478611,0.5607675412394428,0.9461744944892239,0.8587215852785897,0.9920059715606528,0.7845748186463305,0.9594190784362006
18704516,11915880,0,0.30353900070344536,0.9985147134228951,0.8028855655362362,0.9717863831838441,0.3008930671031596,0.9868884637304913,0.5816669738985459,0.9657879295748413,0.37059885419451905,0.980390413507998,0.49028739642990427,0.913326940668274,0.3790458167914084,0.9788099208543334,0.5431434176893732,0.8934324111868998,0.353264791353881,0.9937226732451333,0.7382159739575522,0.9822314830970625
8425181,19199682,0,0.8496476975634427,0.9968922578224766,0.5824571666052025,0.9538895504665789,0.7246101397184511,0.9902849771731271,0.26611933952707734,0.9439118142042998,0.8907772781813603,0.9963472155912285,0.26216271533363444,0.9429460769318035,0.8956821536670162,0.9953198067985825,0.4554834017503798,0.9613465176450673,0.8750595037398444,0.9962198720586072,0.5775892037187372,0.9653198881646535
615357,19894311,0,0.541952750747159,0.9928765735775331,0.7674795836134116,0.9748019274423789,0.6034114178570846,0.9838464764027979,0.6715520586300578,0.9554005382487459,0.6698155747057557,0.9942697255038568,0.6945339961332546,0.9575146299305396,0.6607593792460912,0.9962222700521698,0.7123039083350401,0.9679115277460097,0.6173981973730692,0.9991262002861534,0.7654091734064721,0.9826731794799938
3325456,414463,1,0.3918196289697447,0.9961410974617035,0.5204294348830605,0.9293734335140487,0.35322811105849616,0.9984674674657753,0.5134304792626947,0.9682359012161474,0.5568823408331913,0.9824565544177546,0.5119967443212821,0.943536500732643,0.5572609681804703,0.9819870162935602,0.5713667031680499,0.9533315092875968,0.47879575462209817,0.9944297279764127,0.7276738310654272,0.949693934048009
23400221,18413512,1,0.33445744831607815,0.9873509360898375,0.6880714968349344,0.9510987170558599,0.3256644730703437,0.9793546740453958,0.5505035864422421,0.9546193109797849,0.4420930123478268,0.9906080054769135,0.5920061343535028,0.9605109106553164,0.4415191355450698,0.9875500429939471,0.635740431870108,0.9508596163639327,0.4286299484410017,0.9984702380693411,0.7400288896328848,0.9669291306673846
14966336,11701818,0,0.33831933998644664,0.9982096715996726,0.6924448855407226,0.9779613484242744,0.33384382883659486,0.9815371840790087,0.5426756854793147,0.9652689967670166,0.45721666012956974,0.9905294201154267,0.6208660888248432,0.9394867861266017,0.4703591256443988,0.9883453540031186,0.5863975172589029,0.9693682888408615,0.43736296634814725,0.9945075965880931,0.787262789869353,0.9799946257332196
6037295,16946193,1,0.5277457356445625,0.9949367560165701,0.7775573927490395,0.9813803661944873,0.48873800287199337,0.9974698748218355,0.7134169022537467,0.9780047482376368,0.6078719611517479,0.9912256454615836,0.6683834514896145,0.9592654110588124,0.650632376632867,0.9909385217622384,0.7158060122207148,0.9646676974109758,0.6079903614437188,0.9927778651833102,0.7959113394313246,0.9782661573569611
17543732,22530929,1,0.5850638373290991,0.9962772686462258,0.47761581352300464,0.9482435898932374,0.6240807436966734,0.9934504823755514,0.44992284280100303,0.9391629577158485,0.7239197549174922,0.9788521967376917,0.35723399211953333,0.9118658088425324,0.7213465823628686,0.9811244958767501,0.4713386336824511,0.9079797348259802,0.6512625148837798,0.9946090414629732,0.5917323988396469,0.9683776224749762
615357,6680022,1,0.31205702584245315,0.9892133334052685,0.526875383728895,0.9041756821709652,0.2968539164009292,0.9658467738497509,0.29867585007491404,0.9106799741684798,0.4363219678163114,0.951041331892929,0.37940434426498393,0.8873905736452757,0.43784623580034393,0.9513723945810149,0.3884409075225803,0.885478891063992,0.3764402675408124,0.9778464863054357,0.48262605530798086,0.9408759861408944
12512647,15707123,0,0.33223431285410643,0.9899220100330108,0.6356063353457699,0.9726262559416409,0.33772954270310257,0.9661608304813154,0.4481805234266292,0.9249463259363375,0.459301324203725,0.9838219536268572,0.45991502930493144,0.9595704350340386,0.4681538122044801,0.9771644522080855,0.5180842489642176,0.929072718776991,0.42396865168650577,0.9930305482062565,0.6269829722610936,0.9790526236246755
2232619,10878119,1,0.6507626248956422,0.9967957500065007,0.7224220304807965,0.9503275583711533,0.6317333541749898,0.9787957160882967,0.534366030003753,0.9421327878989895,0.7647558761316661,0.9974146801375641,0.6788246410673793,0.9687874945949364,0.7771804991708182,0.9953195961563794,0.6617310119201641,0.9527332343332662,0.7265615570531562,0.9903079372594129,0.7324484459208509,0.945086967339553
6361318,6304366,1,0.37801948505985916,0.9942273064074671,0.7525937581819373,0.9569350069027716,0.36874298599702643,0.9993643620799845,0.6737291397204939,0.9824622945703376,0.5307789928028875,0.9870328463390077,0.6254894521604857,0.9526795971628896,0.5537109170482479,0.9902784847405441,0.6696713471632763,0.9734920984359829,0.47326174862492876,0.9955848926176214,0.8525033434405949,0.9732920734347915
21273060,19380360,0,0.34865117439481885,0.9907419761595005,0.6016432747452829,0.9413018312284628,0.35043221622776083,0.9763221526580608,0.4567523765723275,0.9527018811966228,0.5123441651851125,0.9929076743845964,0.5331625092345222,0.9501632567896464,0.5093003085079274,0.986073661924519,0.5540287287119634,0.9049167940436176,0.43637606068663015,0.9960972239789521,0.7159324763445069,0.9655229687660988
13660039,13496394,0,0.32984599922755414,0.9966979020461981,0.6280313279160052,0.9577284679205783,0.3215810773556462,0.9737229574694424,0.4147521143091535,0.9442900913074967,0.437997513262275,0.9774246612504414,0.5120729977840925,0.9440489964423069,0.43334053553249263,0.9747215162278277,0.4784966362719063,0.9182497400626397,0.4152855882004783,0.9881394495122753,0.687513960210167,0.9557628146544962
8248731,1983098,1,0.7031969925699177,0.9974428973382516,0.6161195519950302,0.9566501784034716,0.8689894301506838,0.982387020430911,0.4884697390500835,0.9417969088091132,0.8479591170135868,0.9970646676280246,0.5677315212118987,0.9571866672063974,0.859921408168328,0.9931355767571679,0.6060282457291667,0.9611428688195469,0.7567113500748737,0.9951171171879474,0.7697813715091426,0.9695402203150392
943503,10848568,1,0.5058455751613607,0.9895385902698346,0.6669335498240724,0.9770208588265842,0.4962873420581264,0.9678204021964014,0.44436785666208434,0.9294489612480629,0.6418690077879503,0.9883762595200347,0.5907930635372989,0.9571889051583374,0.6594324977926567,0.9878159510565089,0.6011198087051133,0.9413531208206353,0.5864582905402677,0.996258949483598,0.6814943474097102,0.9748345632201677
4385640,22923598,0,0.6294903398727062,0.989591377488426,0.5793634630569355,0.9623849514492748,0.49673847163993556,0.9951728407437878,0.5117528536342923,0.9470967241876271,0.7056136987946786,0.9926757388697737,0.6508788267222577,0.9555220476779417,0.6750446041919768,0.9927262419720011,0.6028210801777514,0.9544396224096474,0.7059653548351877,0.9932888097263542,0.7218446577164455,0.9752687529149187
16478537,4507906,0,0.30982398241583603,0.9890813014210244,0.6061030030638398,0.9411524010432771,0.29846590119203575,0.9842103895381995,0.43271273171820523,0.9615915682848514,0.4345258737954901,0.9780238643089931,0.48623443867993676,0.9599445595558967,0.42911888791592945,0.9779408895445897,0.4830062634237883,0.9532371261899558,0.35818685831783603,0.9888257396272476,0.5797617263399315,0.9250311773410531
20109527,6182434,0,0.47430516357483565,0.9937254920389633,0.6048828912847266,0.9104825686671131,0.36883376840978566,0.9724873409482551,0.3131885241344118,0.9429833332898248,0.546010142035556,0.9781825808687767,0.3924923420395027,0.9336725483877877,0.544916196725549,0.9741982692006088,0.4026645334886719,0.9291713350538257,0.5696609472541146,0.9887796265036759,0.5426963660817996,0.9398336690664258
5343103,17905171,0,0.3167123916888169,0.9931640300552722,0.5570230648644885,0.9524489931943318,0.3019391225004741,0.9852436192842344,0.3194657440361931,0.9049886615579685,0.4224749640057786,0.9627517998315821,0.3702837186523885,0.9290289822340362,0.4219141076785238,0.9637869444271446,0.3765222719285387,0.9016974893120413,0.38316419815966185,0.9842801617968061,0.5195519296466675,0.9635030197168869
11673906,14050308,0,0.8933586478764018,0.9925955242252213,0.7463881717930321,0.9738954259965158,0.7879258366956156,0.9916708251107836,0.5681837547798227,0.9479045420434754,0.798371243257306,0.9948795507590066,0.6539021342752336,0.9628791693160256,0.8072452529115278,0.9942381765591001,0.6366522027700934,0.9718532730524164,0.9138199262954625,0.9948424148392757,0.7750102307526222,0.9811204064784091
12049266,20282669,1,0.7453510389024961,0.9956624274409787,0.6903331507676127,0.9485207176076174,0.8787195364794076,0.9874818106168686,0.6751362971808743,0.963175156185668,0.903749970481621,0.996948482082173,0.554669368441848,0.9514244413074984,0.8142488703373587,0.9985930549018565,0.5920470519794613,0.9509237065145263,0.7947329917338618,0.9987443661383325,0.8006547772764592,0.9659437658016551
922376,12883277,0,0.8473157490190671,0.9953246417014004,0.7051503636489387,0.9749889748287213,0.917658959685756,0.9823055475702929,0.5539777455322115,0.9492890447738672,0.9733405313158874,0.999372257500674,0.5955247131394868,0.968787186119731,0.9723870533469025,0.9994375199249229,0.6194329733197081,0.9648570755418414,0.8811165504235948,0.9979126484947902,0.7994356300294374,0.9865274855410646
7119080,21577152,0,0.40636592082646894,0.9974719817757671,0.8073047173399931,0.9745498339271588,0.36833049430861436,0.996176867866044,0.5993582926627705,0.969130812404226,0.5206464199696101,0.9887664530318069,0.6547907906554724,0.9700267616514429,0.5214846417723797,0.9890675792253338,0.6796105993352586,0.9729403225984937,0.5146460620197321,0.9960839084121054,0.7512369711118482,0.9742179850685057
20037335,10385493,1,0.3921264290828725,0.9868905663946538,0.4845930815217985,0.8884202669093517,0.3643680054433231,0.9791668293543183,0.4104558856833772,0.9495930054169243,0.5251290844626174,0.9777995244623595,0.5684145678849848,0.9183971051083162,0.5375558288661788,0.9740396534435133,0.4909627794379029,0.8866765959614973,0.5026155552901823,0.9932237675560813,0.6452700129347229,0.9319628372986595
16289496,2067426,1,0.36832228523462707,0.9974200244877364,0.6719359590632651,0.9679794438525847,0.3547698364432653,0.9947658640354621,0.49816447132861685,0.9621808099328867,0.5068480725314696,0.9857690552009915,0.563906881424356,0.9595312336867334,0.517658039322006,0.9860957346096396,0.6357153921801739,0.9674895868403673,0.4701743546437758,0.9959116166003426,0.760986548165629,0.973437649211179
17585729,120346,1,0.47194448729081606,0.997556184252277,0.7366271752701383,0.97638957363125,0.408691255835419,0.996595700368336,0.5217018028173408,0.9691924739643542,0.5914935627073449,0.9901902448147124,0.5801929570257682,0.9750059359517267,0.6184441211566356,0.9904860866532526,0.5339031330346813,0.9714482563050844,0.545261428255629,0.9976797264656483,0.7557110904742705,0.98026967219553
2775424,11088622,1,0.3385607487910789,0.996461781703966,0.5964808252915379,0.9542728779417079,0.3124024215449129,0.9831778635928846,0.4255888033998406,0.950625930778734,0.4268406625682338,0.9714106319194509,0.5529107327537381,0.9399397932391996,0.4433446832274589,0.9670415259317301,0.45917888517247163,0.921542016625527,0.43743193927364593,0.9778865420897153,0.6674463849103474,0.9280555559090276
17292849,1257543,0,0.36072586558636244,0.9946526338945749,0.4617445583089188,0.9392116735464793,0.34631808729042485,0.9772362333006156,0.43836974374192417,0.9296890121378583,0.48758384577254316,0.9597157662770295,0.35307386281977016,0.923333725458174,0.490989075098555,0.9604733758828113,0.3195858606541295,0.9165115480929948,0.46265891552776917,0.984622955850384,0.5382917020323559,0.9571867048223096
19561380,7776792,1,0.4699263131611931,0.9918494361756601,0.7729462823920594,0.9814882375061722,0.49309963900944687,0.9831040108402025,0.5701579683095576,0.9569029157803965,0.6209996257991659,0.9889528031277329,0.5893707807636037,0.9698154330984706,0.628388322726867,0.986209702392427,0.5920155409769798,0.9641836300299504,0.548868570549132,0.9960428411000585,0.7038790643285271,0.973307295444626
8272803,1001152,0,0.8895675410691869,0.9983883119803357,0.7257860237684945,0.976979953356537,0.8080736050691225,0.9984789247671275,0.5053707381409778,0.9682291983167971,0.9099732245916109,0.988649233985993,0.5057405079164274,0.9232903013312284,0.8833515054647886,0.9924135381854693,0.6546637363205479,0.9599214673615739,0.9083497154253228,0.9909373645286317,0.7578616753088461,0.9623488680213991
18101018,18810216,1,0.43074088994557763,0.9950516029544959,0.747430419707311,0.97648685360207,0.39622860076843464,0.9978469897533201,0.6719697985184148,0.9788885465548036,0.5123271407561539,0.9924250987415933,0.7362831955098581,0.9624046317883391,0.5607212253230774,0.9924808504276991,0.7481814313740689,0.9708633928966898,0.5315324948711303,0.9943879589960255,0.8156337042007874,0.9812438791240492
11922877,22221713,1,0.578164937502161,0.9830169652762885,0.5406809680591411,0.9137805438852709,0.4904261946289504,0.9874790513179381,0.4543632885121882,0.9634610433038836,0.782355560931729,0.996516425535332,0.4975749390254611,0.9546790445016502,0.7058096910111988,0.9950821411569825,0.4397646245562714,0.9329963849299766,0.6448100563367049,0.988530045423696,0.6920124053540931,0.9202962862599524
21033665,6273110,1,0.48554344587043197,0.9979357592113467,0.7924494337557536,0.9687626841030776,0.43945531816125283,0.9966043101426275,0.6859384033697022,0.9631163661008041,0.6517805940774464,0.9938381664073409,0.6638644594446339,0.9581021863542415,0.6651661601776854,0.9943758564786999,0.7035574850909202,0.9621130966673266,0.5586701616641018,0.9934083106106955,0.7989434841595353,0.9630983890500132
17830886,18568751,1,0.745298563078885,0.9964267926799232,0.7157753974129955,0.9679976913603624,0.6736618087581353,0.989980660818784,0.5158646256232742,0.9498076064273205,0.7631865840002732,0.9934277715259014,0.6051799383557792,0.9641691710035795,0.7723344499472864,0.9904924042087211,0.6098169262946853,0.962245849506427,0.7981631509369528,0.9941208828136191,0.6730413376769165,0.9674411186792344
8709483,21181029,0,0.5752240002839484,0.9957030114718812,0.7913296598051309,0.9475665091614327,0.6223409060253744,0.9949168634031705,0.7723772456065192,0.9769104827400552,0.6959851281060566,0.9924906040669956,0.5870554038774469,0.8865389476680832,0.7239056716163317,0.995107932381106,0.6048928844083711,0.9003463017175871,0.6497918927017869,0.9983420883995744,0.8104427598996554,0.9658004840522988
5390079,19498550,1,0.8364423942034767,0.9899219362054047,0.7202983763783188,0.9714390842963794,0.824686478869872,0.9924688016026961,0.6134614925077027,0.972211101776727,0.9090829680583032,0.9906251517093662,0.7450205184193118,0.9411412263648029,0.8977342905569915,0.9954020086526657,0.7257694691143255,0.9664872746559992,0.8695774511949024,0.9972647856285713,0.8242931888138082,0.98146202841616
10565544,15168184,1,0.3843098961582759,0.9925333364858013,0.6042013195742563,0.9512614903971878,0.3178821133672405,0.9899795829500834,0.3407680019068464,0.930868604134151,0.4912224081752842,0.966653614130486,0.3450444708989929,0.917835850846454,0.4913206306014862,0.965839427520076,0.3793733937636652,0.926911690491353,0.4608575411298405,0.9935574909165458,0.6360018776514693,0.968186916861444
11403723,18142979,1,0.7869013900946261,0.9947317764626729,0.63879196995953,0.9506215553028424,0.6125331785473364,0.9995033988422326,0.3916681115262649,0.9570099227520479,0.7604950206236102,0.9903327655090529,0.574828731519221,0.9600859151059379,0.7581546685502212,0.9902367284597174,0.42645498103143376,0.956804123967022,0.8355304447141052,0.9962473235919944,0.67509201432869,0.9704037792844946
4281604,16556715,0,0.6025333864296524,0.9945058806953054,0.7713232338797807,0.94543289457775,0.46013668015091613,0.9920990627593596,0.5601858193435896,0.9610813391546892,0.6059506176348571,0.9911684405410066,0.6254212803815999,0.9656915865048827,0.6142115692233042,0.9910943012704114,0.690055981143892,0.9717847589900919,0.6789975945040241,0.9930721718264759,0.7739932474804867,0.9557434453626242
17793612,8612648,1,0.7958891409403345,0.9950895774177447,0.6974183979116937,0.9628851965913225,0.6303978327050836,0.991276930492096,0.565758334717412,0.9665176611394444,0.7417282900047361,0.9963971776574047,0.638590525199501,0.9622928013244323,0.7409392583457439,0.9957763056305876,0.608143280514149,0.9717680413530646,0.8332423550173249,0.9915633354874402,0.7367595309028709,0.9539235843436592
5853320,13716732,0,0.30868216292441775,0.996928408170748,0.658011185172471,0.964349398430554,0.2976466422133335,0.9932200502623189,0.4470335407682857,0.9467289999802163,0.38247794210113834,0.9671511105300266,0.45313508986374207,0.8937761557848803,0.3814956721122759,0.967265322047853,0.5254950759686996,0.8917676214656994,0.3759365717862106,0.9810704738662938,0.6833153209854862,0.9436023009552792
3298868,7158123,0,0.8277029362204308,0.9978896999324914,0.8184513708506045,0.9852136648276887,0.9600024083163679,0.9821769979018637,0.7045749187774313,0.9587738151451303,0.9233004013649531,0.9969548412766456,0.7918851432090654,0.9761400796186412,0.9250076255434435,0.9986801848671027,0.7041072179842238,0.9663278019751217,0.8627979372215941,0.998970799117422,0.8098873726503641,0.9858881266435185
22327409,6008880,1,0.3168308343151805,0.9925706724854001,0.7021719877778982,0.9659832016403821,0.3045513470809264,0.99802815568304,0.7076676716901104,0.9788361222216837,0.3857983471204493,0.9922695199670657,0.6622595291851665,0.9337842714877042,0.40134879192049516,0.9933187658827419,0.6197011292968382,0.9121432457526661,0.3698389962349432,0.9944607201985926,0.8225916466341324,0.9796086177290634
10315215,922476,1,0.3473319021491325,0.9952708575919936,0.7698916354389248,0.9744758581884105,0.3299322914122936,0.9904419686728023,0.6600615491348134,0.9767837898901761,0.45379707924293944,0.9937034017710826,0.6652402451206905,0.9377863644140768,0.4456802189211808,0.9856461263304852,0.6029480722587408,0.9014363811684122,0.4456407649668456,0.9914425186387946,0.7513694268571782,0.9581480649146205
17143411,4340712,0,0.31759797905347303,0.9924301145993553,0.6593475629621409,0.9633011312044324,0.32290155579495405,0.9814380528723466,0.403184605515562,0.9484018295032843,0.4383775314725165,0.9682949601786853,0.5009048324362566,0.9141888057242786,0.4542234727752922,0.964737387903649,0.4226441720133951,0.9189931291362355,0.39784349387955703,0.9786299319032314,0.6287737500115133,0.9333843632419061
672084,16851953,1,0.8520757115955001,0.9919834639608003,0.7196837197484278,0.9695224817934561,0.8301510040892015,0.9861723466073319,0.6089400652134298,0.9584727495944245,0.8124461792468701,0.9954527104982063,0.5747905764740668,0.9639521403718926,0.7689818059734919,0.9947506178133866,0.5582820254267196,0.9541808972249435,0.883788877102305,0.9982027575811977,0.7209311173376075,0.9746016543181003
679959,1008324,1,0.5530480123812098,0.9984468283755614,0.7838748851779448,0.9774895981215387,0.44431394499135285,0.9920126178406552,0.7419242907940358,0.9689816300693259,0.6890163210234796,0.9991714046530547,0.7949721696405468,0.9699255291796125,0.6460245321052048,0.9959470989584783,0.7226210321355669,0.9504465144742631,0.6349228668478273,0.9980566301234044,0.8764938062700672,0.9875561189342321
4130551,7143272,1,0.6100355640094296,0.9876021589353728,0.5202879504278612,0.9523837370388764,0.5315314357105811,0.984611152454394,0.3423389360884781,0.9311162871712848,0.6365229570397711,0.9739574065855974,0.3897653398182346,0.9375618398330862,0.6356772373167369,0.9714505231025763,0.4008529054606089,0.9315761302187872,0.6750245926042732,0.9900003383346643,0.4634883651573978,0.9578881711494223
23147989,16851953,1,0.6819552948856822,0.9961518970995416,0.7061721563729733,0.9701267329231827,0.6960312932876989,0.9870048225084186,0.5290368594031045,0.9653632512585474,0.7327840586540917,0.994457168969503,0.6155156081542236,0.9675789130659844,0.7365267876455779,0.994311840962549,0.5913593465615499,0.9636166676704407,0.7520868704435099,0.9956643521473315,0.7285795773558744,0.9686914948273347
21823682,18790182,1,0.3084794331217123,0.9890580470718364,0.5769732268744172,0.8972515892450559,0.29712029644772264,0.9956048797880682,0.6803620484197572,0.969913077653912,0.38581248450499855,0.985533779271601,0.5993796987564868,0.8770819751400774,0.38840583145291685,0.9852116749032148,0.5877115103154409,0.889566282922259,0.36328856951898514,0.9933078684805361,0.7955529406836341,0.9587284498075418
11854456,21322699,1,0.8679531037434081,0.9956168659524959,0.6910755583675909,0.967301374428417,0.7151597720733458,0.9985158144814736,0.5775809755924802,0.95424393150286,0.8261726526559926,0.9967934709668997,0.6638362918966385,0.974888284334376,0.8369263808590126,0.9959887615325099,0.6230059460355211,0.9636432308090207,0.8901813569819295,0.9929120419449411,0.7364779267621551,0.9655528280966639
2284080,36860,1,0.4429766643595129,0.9960419774794573,0.6900558518744162,0.9662333153437862,0.4132569048788534,0.9968029334611956,0.5520986213263561,0.9736914234806172,0.6001045478566659,0.9896318135017697,0.6186725157360902,0.9616302706618128,0.6144865178047624,0.9925521358695546,0.6530385786391859,0.9747003407426513,0.5444015206964109,0.9913201569098796,0.7457451260225754,0.9711918077508189
8003021,7574033,0,0.34785524653777977,0.9955940121477379,0.5628740285816827,0.9472729068287395,0.3353169573322324,0.9831083531218328,0.37958921981139915,0.9501211289687231,0.4892987034899024,0.9670486301569855,0.46246828686050356,0.9243352393439151,0.48851222821338575,0.9675005338848381,0.475414562693833,0.9217391046575364,0.4452892868317993,0.991671499819239,0.6721494353767702,0.9727188610033931
19841852,20059827,0,0.8545496029881935,0.9935279338845604,0.6973035265549827,0.9669439990112187,0.8978319540841939,0.9805054751009549,0.7798085436688225,0.9572945817972971,0.7984240767473144,0.9978232568803582,0.7708834899075292,0.9820917475282153,0.9422975063999236,0.9978368160598191,0.7132866140760366,0.942995842455944,0.8820975492290936,0.9982526850993853,0.8270986476438575,0.9831755302596371
21889400,12903179,1,0.9206197733963907,0.9891157597556955,0.5993173009043842,0.9574038842920708,0.7864012310257033,0.9846696368415581,0.4962890840993901,0.92996263759254,0.9365564532527799,0.9872754659728686,0.5326048952691161,0.935631162613337,0.9204979193739016,0.997708400676361,0.5547001018612007,0.9576945959339244,0.9375481781562695,0.9994886852298187,0.7332574321214231,0.9789383090593219
10169905,2691849,1,0.39185430009985545,0.9877132404850332,0.6726664400624406,0.9332617930982599,0.38017041599407175,0.9720358747643345,0.3839809944936121,0.9279942876709277,0.5460226192198698,0.9855298828388088,0.5198002169200253,0.9434450648742186,0.5634154577404321,0.9849992969811674,0.49594796606404723,0.9402944014998604,0.48852115442966865,0.9947180178574785,0.643646268747483,0.9593785172098175
3156435,17467777,1,0.3115080456622017,0.9910063234380793,0.6218667968974481,0.9380726896654704,0.313768970927225,0.9623778936130883,0.3931624305015471,0.9227906602312078,0.40489259222883456,0.9673537710947019,0.4697698530276623,0.9356549496476004,0.4195648811329948,0.9634842152170722,0.42329722249998025,0.8991263639357192,0.38808497797560615,0.9868717479418432,0.5580482002082405,0.9589013558980639
5995233,14686855,1,0.3545867419804388,0.9983049124050617,0.7108493077423762,0.977070032321882,0.3438080048679559,0.9937706888635188,0.5312008074704397,0.9627913121394577,0.4864752281723951,0.9853267764184395,0.6329307336620277,0.963169205192216,0.5115903997040584,0.9860035463949772,0.6010459318836042,0.9561156093998775,0.4507733626327364,0.9913208719300745,0.7573452668351264,0.9730685099748498
9096316,23486114,1,0.33179509278635866,0.9930164999439735,0.6939730700629985,0.975248967615717,0.32545056698777525,0.9855666915367737,0.48242854050961315,0.9512600363466039,0.4403554632381816,0.9876784725522036,0.5385633819003948,0.946904978559099,0.4595843339268912,0.9823053098899364,0.5723700163887753,0.9556667272772771,0.4157727753872182,0.9918336834723592,0.7412787782034543,0.9713629131287616
23125251,16157869,0,0.5070186504421381,0.9984868194917839,0.7248919025901167,0.9803522166003249,0.4748950022077766,0.9944084646157116,0.6609253929001295,0.9728566343997588,0.6584698780516534,0.9953115994398017,0.6649415196012713,0.9611235018877099,0.6369811372881271,0.9964973656021117,0.66903718104145,0.967562302746478,0.5847302743482605,0.9978502068158138,0.8207685099339781,0.9852078567815202
8766831,11810425,0,0.46149267607172934,0.9978401275485153,0.641681059066422,0.9412122411057571,0.39931129035139684,0.9906458917025573,0.44602102619382344,0.9559880849227117,0.5656537560840246,0.9825367387905793,0.4622054696102449,0.954558389960779,0.5757141584037463,0.9805490122972164,0.5619072730760486,0.9480564122736187,0.5465635471302279,0.9935506193916729,0.6459136189358221,0.9554472429532994
13044936,8735988,0,0.3465767944697031,0.9900692180749414,0.6855866945537603,0.9749102899183676,0.3504734477155856,0.9901568265861594,0.43442768940209264,0.9450181670278913,0.4807868620673694,0.9628974660304337,0.49715717499224643,0.8844221674893156,0.5069986651856233,0.9742021270332214,0.5129060738499632,0.9391058034406583,0.42765124850148556,0.9919552772119226,0.6426659548958351,0.9759561575818693
20559733,4830851,1,0.3719637922431532,0.9915830397981129,0.6907590311707333,0.9168478947528415,0.3173566823514841,0.996294314222791,0.6642077730445757,0.9779732837011001,0.48903554145340744,0.9893214293802544,0.640889863811285,0.9364355160767479,0.48258806511926816,0.9896804085847765,0.6497970948318788,0.9334430388574148,0.49978537609566115,0.9883077515708723,0.6511626988281412,0.9214248450103231
4579205,6784542,0,0.5849429766602632,0.9958120451501079,0.662058917684013,0.9683952767968819,0.5789460719878281,0.9905449112275059,0.39176844166840974,0.9621555627946755,0.6719012852867711,0.9923236527284084,0.3998267003143653,0.906202435911352,0.6993850140318321,0.9911203756112275,0.4598698425883929,0.9427076654681422,0.6504288685635216,0.9957190695696528,0.6831554069266994,0.9757573062091027
1966311,12530708,0,0.6360515242885579,0.9994931443951088,0.7853466964788548,0.9842974546159319,0.5988089378819164,0.9969063614538265,0.7239928662710244,0.9720046893354322,0.6448246566022212,0.9875938151764726,0.6767268651083298,0.9384547984700222,0.689691210490635,0.9901663662407652,0.74497236320238,0.9486984313408666,0.7120310724221569,0.9919012447033095,0.7954245443690291,0.9617360057792067
18873051,4892654,0,0.4225182420928041,0.9992182173423392,0.777997281218651,0.9845619606002871,0.43637125814775685,0.9866188630705176,0.6250661582155029,0.9656668150238292,0.5496592373036924,0.9920191864491895,0.7447979774609625,0.9751604750391353,0.5652297924407744,0.9936691193448218,0.6809715337887572,0.9691601468884508,0.5119258867073431,0.9929981405787938,0.7921944906135288,0.9758339685742432
19478367,20426634,0,0.2994941441270037,0.9976369990891926,0.7313282469152844,0.9664219270445018,0.3009032618687963,0.9776828202280058,0.6017273489116851,0.9554557935321769,0.35579863045694804,0.9923593332062576,0.6308672451541303,0.9555396458845105,0.3621953047736562,0.9862662483334984,0.6270668025552392,0.9450092829296726,0.34450544402969774,0.9911549842164695,0.8016371193308025,0.9608122697472291
13760846,810884,1,0.5716503497078436,0.9900976165740849,0.7204936329834601,0.9661123499479246,0.5798803689192917,0.9815373885550338,0.7686147951707536,0.9541062037815802,0.6365616553077197,0.9960055053074193,0.7014157753600627,0.9599796526652669,0.6405045592722137,0.9970762783525134,0.6737773405640122,0.9715554667633678,0.650650833107222,0.9971094547189795,0.7775560922384293,0.9733105855120974
1953115,7306113,0,0.8904274201660153,0.9922781525882888,0.511566389453804,0.9273455302701834,0.8535684528782738,0.9757860110655792,0.2913064000218014,0.9344947356674179,0.9425210686979375,0.9910580846226269,0.4625883100828251,0.9443073688249759,0.9442629558391353,0.9971542616505533,0.5798285532070673,0.950916484549518,0.9252315105097848,0.9954170495216541,0.5470546514525833,0.9491687642044793
12670358,10480051,0,0.36822684170588754,0.9953644922148861,0.7082305793456879,0.9752358472348299,0.346357356821326,0.997660657547729,0.5589549559800824,0.9764498527856562,0.4728147219171855,0.9853325869097781,0.6569276047382677,0.9515951778109516,0.5050478659930769,0.9896532966962205,0.5269433794556895,0.9192977793073023,0.4543524601858003,0.9931706360178999,0.7366513831893489,0.9772600235403861
13044936,16637130,1,0.4858289460481962,0.9962097069438953,0.7705919526867602,0.9780888775786936,0.45106356646577334,0.9911506927770716,0.7114043416638036,0.9778148925620266,0.623237759865226,0.996024570920826,0.7483707933024826,0.9744745657241856,0.6541189458127473,0.9971883649447795,0.6821663713691155,0.9649444772354479,0.5714389158061642,0.9950499881772491,0.8257676388443143,0.9795619094298714
14058408,22884065,0,0.5734394620593666,0.9953547362238124,0.6558386184407606,0.9632606697915803,0.5040323142396892,0.9970204584652783,0.5229494449913898,0.9726212205454312,0.612743079413677,0.9849599841097157,0.4809014609239426,0.9505891285818728,0.6717920546682155,0.9928400359561657,0.5855802912419006,0.9732356346578767,0.6530914253438401,0.9940924473831575,0.7533398183442616,0.9719766296858064
17385831,4977583,1,0.5311444075347937,0.9952186258333914,0.6384688800010745,0.9755138011826394,0.46481182761887035,0.9836705680251009,0.4220961861844169,0.942465423799618,0.6143989477722774,0.9862298270073415,0.4537243590971832,0.9529020221255942,0.6250771512864415,0.9864619259057641,0.5618163966930435,0.9422282012681249,0.5965283942604823,0.9871161800289296,0.703375356607865,0.9554322027818419
3726610,13431536,0,0.5873716847136409,0.9970578349783046,0.812487568448818,0.9669504846732369,0.47685226618408605,0.9950244642718394,0.5871511859877543,0.9777652766325684,0.6989544498584025,0.9932372665104853,0.6669719300876475,0.9731566817689724,0.6619176979193604,0.9946308474354141,0.6328310254766172,0.9654847659551875,0.6562241373480258,0.997899989338276,0.7777388719410784,0.9743097433119445
18566815,636262,1,0.8955838771748632,0.9907268323046354,0.7236851931184033,0.9722179204706636,0.6638944701157987,0.9796508432763723,0.6434507403423425,0.9273303203554891,0.9146725352714631,0.987550362452224,0.6032139610817626,0.9382128967562282,0.9264192785821863,0.9957901801262641,0.6735971395617626,0.9734765817859563,0.9157040461890846,0.9991993356490989,0.7719763591835347,0.9870137091484259
14157859,13536693,1,0.4214690919303886,0.9923334322963664,0.7022163100205288,0.9456394386248089,0.3947181224456362,0.983479960169424,0.3932305556132216,0.9464553629673285,0.5271887023048748,0.9843741573429097,0.49693854805966187,0.9534536486703739,0.5558512003870152,0.9805898570767997,0.5401007594677355,0.9596973318247235,0.5203190958265688,0.9953513407333048,0.69012223182227,0.9595707612792499
17999564,13929879,0,0.45275087015488963,0.9937806379081672,0.6065725281884582,0.9679536009211372,0.3510190112613322,0.9903934654447482,0.3946731599881612,0.9468773704587824,0.5403033823647265,0.9765971614759869,0.43467018975232363,0.9442546913540493,0.5452644121074708,0.9790994413260226,0.3962448221196889,0.9465010417513776,0.5325487313243955,0.985937520019211,0.6353189256594636,0.9605811100444611
14794142,10382288,0,0.29465672147565963,0.9964495323175957,0.7211440014119403,0.9708571000487923,0.2943660268196593,0.9746225109459516,0.46906063485064986,0.9552515673063392,0.35061601340116677,0.9706755903279192,0.5636106609135629,0.9454345695637706,0.33731772114400166,0.9698210113467084,0.5025869743183694,0.9152523164243809,0.31784499350189416,0.9900918571205022,0.6721358904720556,0.9764703994200955
543074,10567003,0,0.8464374546659112,0.9876169445129888,0.5289100305696204,0.9601567241707966,0.6937447076455413,0.9853378299484168,0.3210730313521225,0.9312124562020061,0.9088045426538119,0.997009448802605,0.42918270154583127,0.9547394402515786,0.9060213249422262,0.9957582248238639,0.38089076070029737,0.9453100646911735,0.867757081939703,0.9900569544530523,0.558307044298977,0.9569468515097798
156369,159804,1,0.6366893348268016,0.9967919808193826,0.7017472764562016,0.9618858609478556,0.7891402965254565,0.9894354764649154,0.5168544879770611,0.960746505922538,0.8003129774196409,0.9959970381694253,0.5500016350203524,0.9594993239895506,0.8536851371233315,0.9952857712892769,0.49644942989624385,0.9495276360601439,0.7102212366824953,0.9962907847425048,0.7665849101639077,0.9730796617193297
9857940,8939074,0,0.37699748437034936,0.9972585244724679,0.7719808485159989,0.9793360072019981,0.35663186623431026,0.997315529831199,0.7729925384334831,0.9827638225241455,0.540198897442745,0.989966188459742,0.7118145862570767,0.9565673446449853,0.555207131698469,0.984241274312815,0.7049542602407164,0.9076491062344315,0.46431261352944436,0.9962911608774125,0.7789598190076757,0.9794775015422812
13254235,23383764,1,0.48103917531631735,0.9957160061069251,0.8093840786021826,0.967361381307132,0.45425607383339806,0.9938285341539247,0.5234937000749829,0.9723615455508816,0.6096763908747052,0.9883858019628778,0.5669129959145904,0.9234481403351249,0.6452283467928749,0.9952493205420101,0.6597210802075579,0.9741150387618495,0.5649299502646923,0.997339418293719,0.764292190664718,0.9796125414311811
23484507,13352120,1,0.3172418544718623,0.9864873956950686,0.5923551619424021,0.9439422150722956,0.31933781730219424,0.9695563375537406,0.4261341327524788,0.9317011535810586,0.42684410914446974,0.9662657081790383,0.4700091400840263,0.9194366532124318,0.42230609469373415,0.9675758004646379,0.3872223964775805,0.8971126239868517,0.3958740483933853,0.991045886356182,0.6390748792130739,0.9638735946063365
5824705,10264859,0,0.40601892865213773,0.9990648436345045,0.7803586694403318,0.976381685582967,0.3656522196862398,0.995436765997602,0.6697383580834866,0.982668310979141,0.5700688529740225,0.9902570514660599,0.7057414837224113,0.934398361369806,0.5580757957528982,0.9936826883945875,0.6703706756732161,0.9353868046817705,0.504226517517643,0.9967844646220299,0.853987382455162,0.9833430263862216
17829989,4471001,1,0.3172886806166094,0.9972955366573062,0.7327694110647331,0.9658462043975413,0.3069857512142513,0.9877821092456691,0.6142251921385165,0.9716588050654077,0.3981290506577394,0.9924130637607516,0.6628935083179046,0.9506354089288498,0.42182931197201373,0.9869978712446335,0.6045020363937468,0.9275132225198414,0.3942868313032982,0.9889691811813554,0.7596315822307076,0.9522924516474327
23541000,22480999,1,0.6978087914966804,0.989928943733703,0.7178928845514605,0.9448482554786943,0.9999999999999999,0.9999999999999998,0.9584794907163001,0.9999999999999998,0.7592761290289511,0.9944656814913093,0.5199796374444281,0.95890625763212,0.7592761290289511,0.9944656814913093,0.5199796374444281,0.95890625763212,0.7499487929486233,0.9947111050981792,0.6900349628802043,0.9592245729494331
332635,9581835,1,0.31596827190711735,0.9911139388550032,0.7614466773010278,0.9763222690886887,0.31424165711090774,0.9817347181528351,0.8402520335370086,0.9638697019665473,0.39940187296074914,0.9931705020178901,0.6532212456914638,0.9293293337942623,0.4085671496860878,0.9928798577554995,0.6489557684760541,0.9073872551786571,0.3854516220064415,0.9988059535545888,0.7981871680776429,0.9860480209715241
384844,2827291,0,0.5398478719393418,0.9956639728299052,0.6783703803627281,0.972195239516284,0.388157783570345,0.9779134717351781,0.3726852106180206,0.946501786823498,0.6668331285413613,0.9925716182182339,0.44421430609265633,0.95198030563467,0.6615561034323676,0.9845020181080204,0.502115819855176,0.9298622756930726,0.6029474193018073,0.9921797928078472,0.618537964760306,0.9734333561629532
19442138,23029916,1,0.6274042599459949,0.994454330944018,0.5554225738462525,0.944858894240224,0.5636663847445237,0.9946154070634204,0.4106269349932852,0.9649433087971102,0.8711463844959876,0.9954467089282844,0.4015992994665919,0.9442926776560305,0.8711463844959876,0.9954467089282844,0.4015992994665919,0.9442926776560305,0.6780732251129488,0.993854590491221,0.6419957800886986,0.9578147007552145
16199085,2746011,1,0.3635822084016788,0.9945138618751027,0.6810692397655946,0.9522433101492017,0.35989428884639235,0.9856445044157787,0.3665725405625839,0.9618275226398071,0.49012521569219886,0.9780365974678299,0.5213054666455677,0.9470815187220205,0.5076073392030198,0.9792268983965907,0.49552477808357087,0.9445782935362499,0.45244365224797384,0.9964672837474214,0.6624610845841838,0.9683964657472333
6847452,23050895,1,0.6819484649946098,0.998177178001505,0.7112790746957999,0.9542779763118102,0.8555743491344479,0.9855445446607627,0.7971300523406959,0.9760684153024997,0.9265139427966026,0.9834458814127441,0.6485310555682365,0.9032224591667071,0.8772582514867864,0.9941576326810131,0.7008745974662465,0.9551284772748811,0.7383336184622837,0.9926704580040088,0.7588380655921854,0.9533478814420069
924033,1913136,1,0.8544360380045178,0.9911780177686748,0.5775695631066691,0.9649132014289468,0.7993400476742033,0.9932892597215148,0.3170646739903481,0.9455738095468396,0.6629617090289293,0.9789703602946673,0.3873116743357985,0.9500935122251976,0.662435344483714,0.9766173391770164,0.26394323133025555,0.9463552094498482,0.8777374618486545,0.9858145017126911,0.5693204809063085,0.9474236480232233
21967215,19042037,1,0.5176556512599304,0.9975840510187448,0.7450877231741433,0.9697078433331011,0.41802071610385344,0.9860885691754552,0.467069358197446,0.9477068189619514,0.5859286802678033,0.983081185777852,0.4823749240655143,0.9368480506485608,0.5903154919974773,0.9841244659775206,0.4943852597734968,0.9332509829687086,0.5973733864216898,0.9904622318298745,0.6630878429191686,0.9610850546662609
461629,12119068,1,0.30365480720938937,0.9921086607498423,0.8150593141190665,0.9641019609738368,0.2977678345010901,0.9976946717206053,0.7611715524138215,0.9853309013909647,0.3583661399551078,0.9886907901198847,0.7070380052159183,0.9235587582827516,0.3850193796817609,0.9951999754053409,0.7992601496110768,0.9777032905616426,0.35816711031307497,0.9986472794823091,0.8302147758955685,0.977928607574725
3703925,1069283,0,0.31209369292455325,0.9763945927253959,0.5286218631169941,0.8484298439805431,0.3026137393822821,0.9500039747176927,0.3261194222307071,0.8927515481162845,0.3879271116478952,0.9695996413899364,0.4067348018770234,0.9062799510781289,0.4148478374986776,0.9643935572584503,0.3843996281020049,0.9045793714551896,0.37812386540951937,0.9869978754739254,0.5023012934385663,0.9002457896967512
18613811,6320837,0,0.7093094717655394,0.9944770332287766,0.6890190797890221,0.966755149410022,0.7140435364540592,0.9898393020093296,0.5488395584654837,0.9554037963583947,0.9308941438414725,0.9902038034853836,0.43072507882370337,0.9380173308848587,0.8109703338232522,0.9982609019444123,0.5541606639902144,0.9658370559054983,0.7681849914019648,0.9948039070827384,0.6870874841184673,0.9714365469604928
22685484,1959933,0,0.3757082568534551,0.9959735828965214,0.7107720929835655,0.9543651439504859,0.35303330166469876,0.9923015737093158,0.5199038489675356,0.9647247565491159,0.5043029730280291,0.9850116939311417,0.5027508310337124,0.9571230338138974,0.5191882670989145,0.9820895272520973,0.5794722721478598,0.9486157085109127,0.47524703983798194,0.9887591899230531,0.7365964303742389,0.9468377231826655
9150851,18575609,0,0.33055519064313316,0.9934188849391803,0.6819921663214845,0.963428890446916,0.32937304071616386,0.9872405718971536,0.39498683867477224,0.9541280357338323,0.4626505005077108,0.9730832863842764,0.4494874150501176,0.9278113049274206,0.45546119788630335,0.9743064900778142,0.49382246595514323,0.9259668057101097,0.4245895542978625,0.9864707194974218,0.6494915200237322,0.9422527975066534
21940225,10658266,1,0.47703799692856286,0.9966051443836589,0.5829149497575206,0.9607719975098087,0.5602431025210141,0.9921426533838613,0.3691462047662546,0.9155299822082026,0.7130009891850405,0.9829024164354416,0.3843474434047316,0.9396628364396186,0.7203934950077903,0.9845434052780531,0.3592360865482289,0.9464901065791258,0.5401958339675144,0.9923394595467929,0.5563812621909578,0.9538129394658797
6527977,22950121,1,0.3267797752173629,0.9922118214498293,0.6439160616330375,0.9434097552769858,0.31358352538961065,0.977668871405189,0.40104590315138355,0.950447579162955,0.4177053000500354,0.983613830266446,0.5031481833383071,0.9482287462181984,0.4358569992075799,0.9776721268602055,0.5171627015672237,0.944237411835943,0.4099854237582785,0.992938180828588,0.5990931233014332,0.9607931613780545
20627152,23574720,0,0.4327066394237156,0.9967746982187067,0.6398038380925477,0.9682342173981554,0.45567505245661316,0.9954609463477609,0.6334899838196093,0.9705121610252658,0.6783993208312361,0.9866128945449022,0.512763939833917,0.9460166151180758,0.713655176458409,0.9841084253119226,0.5559916028283457,0.9458565488218847,0.4966420179770962,0.9920464310085664,0.6948633410488523,0.9486604502544076
9141694,11156659,1,0.7760789742717252,0.9981456174894869,0.7855424063410246,0.9750736753079142,0.7742726341560711,0.9897248902742305,0.5571579961357565,0.9676058574681734,0.784816458612476,0.9960824828463175,0.6200299213555966,0.9669187854209979,0.7455265320361314,0.9958902122529334,0.6315714753099396,0.9476134756284339,0.8239343210465725,0.9951019425848008,0.7891357604519615,0.9757868189806633
9581835,1215899,1,0.30888292865674244,0.9920132356359488,0.7622955860985465,0.9788906228479053,0.30497330761444774,0.9874058929079527,0.7167187213153188,0.9729694209213793,0.3791875352061732,0.9925136860698716,0.6620873689645049,0.9467689855899061,0.3899026179225926,0.9924755502356137,0.6507764250495934,0.9322852727408101,0.3690449217946097,0.9971647164298124,0.8339182885115184,0.982902479588204
1951103,16076390,0,0.32874459644199067,0.9961582790843316,0.4833575769937045,0.9634167339953825,0.32497182461800417,0.9745295560055582,0.36697279333071464,0.9445134857575039,0.44030892832833957,0.9631890960502065,0.4746077819813318,0.9184057559022585,0.4514902195574676,0.961511809119528,0.448077312979139,0.8950470411967998,0.4249054919543031,0.983936709114873,0.643165447858264,0.9486664903271794
21321505,6430125,1,0.3011591727131859,0.9902900727590171,0.525199875365927,0.9138946814237713,0.2946762964708713,0.9717606620536665,0.29982013539708063,0.9013498109230011,0.3362659250219284,0.9384601431543697,0.3511042689505287,0.8626043242378927,0.3348246702989925,0.9318475147036908,0.32787693584553623,0.8904411072815763,0.3474379516774268,0.9828329533637921,0.530271619106647,0.9468957737873519
5562616,8843442,1,0.34717655335963626,0.9954448807030661,0.6303716052386892,0.9686554921135268,0.3320469106836851,0.9819318971050321,0.4665188296637123,0.9561946274056733,0.4817905990754436,0.9808751260277936,0.5408420252135672,0.9498295615197765,0.4784764534810943,0.980096615105392,0.5123676579482257,0.9492180802809428,0.44893395244525325,0.9876544229715337,0.6266997370350522,0.9627081540033728
12312913,19396006,1,0.5112616460443283,0.9938893182416085,0.7667270880111482,0.9665431392325541,0.6210966590860915,0.9819002774868006,0.5704233102216165,0.9466258194635286,0.6418645261093305,0.9935138673468049,0.5989248195035328,0.9577641339408322,0.6936575640372759,0.9952947334059964,0.6526584469196277,0.978205758788686,0.5830096343604618,0.9982695528122567,0.733767017451803,0.9758429295314467
1023562,7600378,0,0.5494192795091981,0.9985275627201176,0.7033425110262914,0.9788253036506535,0.553519719288885,0.9872875656121887,0.5933480697570762,0.9655444331987174,0.6840481105666937,0.9948310980530163,0.7917611343072838,0.9655298894488435,0.6712906811897958,0.994678397973894,0.6522771300151318,0.9660722392398312,0.6261666708216269,0.9956332171354748,0.7949345967210056,0.9773618290741398
3024984,23252484,1,0.6011927100533312,0.9917157312155891,0.6370067854601975,0.9539944422516309,0.5699290286574468,0.9951474120774683,0.48006793735326514,0.9546013988689526,0.7674367545394872,0.988303486627488,0.4617885491873166,0.9478081876957475,0.7681303835895837,0.9880216356579434,0.438028424193025,0.948249253504618,0.6734771418904328,0.9951502012731503,0.7153547224383403,0.9617572889103949
19235548,2058785,0,0.6536610467426452,0.9994019250418844,0.6432538334012874,0.9684509398868363,0.9395484251331536,0.9965346369336913,0.46211194246122445,0.9591350009154532,0.7090920121241064,0.9863113071938808,0.6201291743928216,0.9263106498470436,0.9100338536670752,0.9977579455119719,0.5279572252838448,0.9551676893921919,0.7221738273148637,0.9959261285241675,0.6580467100269641,0.974882198685227
3024986,13762940,0,0.3381092525896344,0.9941317619410124,0.578885200009538,0.9268417243801091,0.3518390436082445,0.9682659434837273,0.3998711058744622,0.9348633602543879,0.4487511011964903,0.9720970001236209,0.4203561726053453,0.9313750374226165,0.4726046038820508,0.9685603011535823,0.4020035063250573,0.9020527107779391,0.43056545460703544,0.9888861458821127,0.6055404170168053,0.9509176367605029
22271237,484360,0,0.6372494447613126,0.997878153746258,0.6233850281093429,0.9650326548767556,0.5706342044712349,0.9961811337672457,0.37304635046259094,0.9506714656353179,0.6829231875028285,0.9844055484668189,0.4765437281360777,0.9551080850057486,0.6892486687256165,0.9868834489407171,0.3698435437872628,0.9560444949587326,0.7018909629834565,0.9883256757433801,0.6285786370310014,0.9567733798854984
15597101,13351384,1,0.32939096929172856,0.9967522641796945,0.7076974978840604,0.9707047985191242,0.30391652884611625,0.9894886298045072,0.47157350297444733,0.9400013888749059,0.43537337366879364,0.9822343703372065,0.5654032860575824,0.9425156686868688,0.43856315614248614,0.9780881966336504,0.5709167698844637,0.9079079966511189,0.4231145988626697,0.9794020123781716,0.6793699288279326,0.9348952218079063
5086587,9130585,1,0.5108053465716533,0.9954039290112243,0.7106369821656975,0.9493299162410714,0.4455666595483994,0.9829905848981367,0.46928665432525496,0.9561110919709569,0.633407859927699,0.9907837415633252,0.5065396819008554,0.9470696393376625,0.6248299224719213,0.9902392803821402,0.5348141638391407,0.9615726019804844,0.5976921848920533,0.9918922096079559,0.6826700373735075,0.9649521170832809
7227024,21803552,1,0.8869273957681847,0.9948207752589375,0.7157137559390623,0.9797343415882739,0.9555902660016273,0.9952346812577898,0.40897216962430216,0.9538461057489638,0.8602329962484033,0.987731213904595,0.5610273217771603,0.9453427619279114,0.8725976786406612,0.9947825967865642,0.5290793494424657,0.956996582438099,0.9047286841883144,0.9989372896353794,0.8006428038934015,0.9870766580133084
6109982,11650020,1,0.47065016287668476,0.9960797652029219,0.6215658766086354,0.9696695116227199,0.48080320792143844,0.9865356145724101,0.2921392152464557,0.9494850394566082,0.6182395825526041,0.989110835431037,0.4086382245252709,0.9401275623175214,0.6408534147252679,0.9834905465988236,0.4026436130955604,0.9495093391753596,0.5525998894747618,0.9941655248453771,0.6043352228634298,0.9775182250903005
14414546,17241450,1,0.455218808822898,0.9988267959245328,0.6286949136373966,0.9669135600373054,0.43962083151968934,0.9980029044279589,0.5170325130841108,0.9704294409250674,0.6055657218684344,0.9895531481848647,0.5828198834105027,0.9647280801615978,0.611836373499579,0.9888140541013551,0.6490328462164465,0.960298346910409,0.5415624955614288,0.9963421404116474,0.7612477201492545,0.9812984285319712
1022820,10927077,1,0.7763007887772514,0.9961334597522304,0.7590336294490277,0.9670093324370054,0.7800952883189015,0.9918180670952929,0.5074390592373251,0.9588027555126222,0.8217738599498944,0.9965960618876689,0.6920657286898075,0.974899045439064,0.8175535592843531,0.9950593635031181,0.6061753081942719,0.9766763987934878,0.8166312598699385,0.9983771665954664,0.7606795121084996,0.9779946432981881
479674,16360226,0,0.5302579275953848,0.9977700525247445,0.7427026693797628,0.9632264085562795,0.41198336868059887,0.9953141125221366,0.6598878336761249,0.9611012844859337,0.7757811135460732,0.9931838483446875,0.5579648765387581,0.9232488071752987,0.6501688873213206,0.9917016944917694,0.4991780017485383,0.8723941003681,0.5900760167687572,0.996721572650171,0.7932500128446115,0.9683005122492515
17116113,5877197,0,0.3753305997067357,0.9964134933327408,0.7299651216161701,0.9742150291412911,0.3437777696000462,0.991714861283086,0.6010856413113197,0.963400139178976,0.5620233670838077,0.9905040625201846,0.662201663945557,0.9655665778646007,0.541291826908166,0.9876072800804926,0.7180329053639081,0.950788876589361,0.4655337240524116,0.9970392138809694,0.728350796110532,0.9674111133176582
13631834,9030329,0,0.8259028700514626,0.9852318136968027,0.5570987221254624,0.9290577399740498,0.9017729233453823,0.9876379766912847,0.41511187719303255,0.9406359697679431,0.8218297162256715,0.9913376254571218,0.5147922968195362,0.9592269005447412,0.823558646610725,0.9915659929466806,0.47233512766615315,0.9550121142617164,0.8483264455243928,0.9864038653669294,0.6343427027056927,0.918020265612738
4773756,12914531,1,0.31846083573701034,0.9917929356793578,0.7511742722443179,0.9421459064674906,0.3048935601156054,0.9979067658455206,0.6589545394071492,0.978538522788675,0.43432772365452615,0.9873072276913591,0.6716374905572685,0.9453853254480227,0.45494784243503533,0.9868018770963127,0.6962508403494407,0.9494930851970813,0.3937419744382002,0.9955638489732311,0.7736409557362715,0.9633047783273326
17453400,8364547,0,0.5146710531601694,0.9963507587807938,0.809051451270509,0.9729299549580785,0.48547734973455786,0.9947837153632744,0.7360439790677618,0.9800486505127083,0.5797368408680484,0.9936792644232032,0.7786028582213025,0.9780994129224024,0.6522313015461181,0.9965496670592359,0.7735049396422661,0.9688311198275028,0.6111391672387028,0.9956302465961454,0.8852631766321397,0.9826303012008916
14380467,17435276,0,0.4170631362310941,0.9933800798541028,0.5981699397552416,0.945324000542152,0.3619065961128348,0.9864577349328449,0.33761005565333335,0.9277774232529479,0.5771165484578324,0.975442682251989,0.5105310053746291,0.9425711857874349,0.5940923984258176,0.9779025959394967,0.49896735829097816,0.9412295025385626,0.5101387056465075,0.9875145977812144,0.6313481145778297,0.9656561798393849
17470307,18099260,1,0.6393520711524826,0.9962335659485436,0.7519145904897383,0.9768678647303267,0.6567870565761585,0.9979046915909565,0.8091708327040563,0.9840281498931599,0.8258572096454504,0.9982384981043494,0.777316984852821,0.977606686168063,0.7495228897097056,0.9939767843602637,0.6991934797783724,0.9377693650649095,0.704126245872734,0.9992529943291835,0.7981890879989709,0.9798884219878955
22080746,19845293,0,0.3541583701634509,0.9958629018441126,0.5780711255204758,0.9726216221825865,0.31257733929088255,0.9832322432637606,0.47942956858814323,0.9417955440755512,0.44951277804049833,0.984921285153888,0.569429363084053,0.9677292154159971,0.44175096093755767,0.9900267967106384,0.6026458923272092,0.9537473169350504,0.4406343532883302,0.9966657391651493,0.7119553926647775,0.9743981312621651
5724216,19074021,1,0.3059934689004453,0.9962728453691483,0.7252640860452161,0.9703953380669428,0.30043516282894955,0.997721356931809,0.6089330978046968,0.969175036311099,0.365924147740042,0.9916936300105391,0.6989495525779463,0.9763795689554865,0.38915868474498017,0.9905748806969272,0.75759414114434,0.9752932169484204,0.3654482000534984,0.9963244329599393,0.8411119460007384,0.9797014812298946
831650,17374912,1,0.9165226469354393,0.9987805412564222,0.6939793888870136,0.9692029987996488,0.9639394904522608,0.9837864737268329,0.45052995108220806,0.9522813261342452,0.9259486351003511,0.9859663883843202,0.5477423226392029,0.9373426687275163,0.9478448874027685,0.9973573174307375,0.574010612007857,0.9651471474814257,0.9287812933265778,0.9930107025149659,0.7036162459640536,0.9688589163566687
10933932,5976298,1,0.47866720915294414,0.9943552470329252,0.6856739881239899,0.9547788453510252,0.4476858359081037,0.9837696992323354,0.44107632502090266,0.9469429274295273,0.5868704668245368,0.9789510864964933,0.4314669418192216,0.9418493258871952,0.6203338028778206,0.9787667747374575,0.5065428425076677,0.9220931531620422,0.5577681018417928,0.9943183314842933,0.6479450634841286,0.9589165839824296
18431646,369844,0,0.6119078600285652,0.9929069770915505,0.6531349989596454,0.9480879327528249,0.5619175602640709,0.989922509393206,0.6105122402315966,0.9662666551579221,0.6804883436275014,0.9918200690090869,0.5629665333043865,0.9581695164970311,0.6669146563146069,0.9930061572218548,0.5902876383616981,0.9438527289445734,0.678449906399907,0.9974184378715671,0.7123306865715539,0.9601594792071515
2284080,708766,1,0.5835619377857143,0.9939586060312451,0.6937985930105552,0.9808009343431168,0.48141099114080915,0.9917920179464154,0.553706742734681,0.976866585154956,0.7512823579663349,0.9945024413069142,0.6053992655416505,0.9639512050773721,0.752594168254397,0.9959198490123321,0.6358260645886828,0.9560989246237537,0.6494226610580917,0.9976606936510722,0.777909111543789,0.9842597035432187
22631349,9385030,0,0.5770259299475012,0.9996601909520518,0.7974676829757417,0.9857438840677676,0.6776244554750755,0.9951980315849859,0.7942965852622905,0.9847457318562045,0.6087350994760071,0.9968533866530485,0.7372977647542673,0.974436919069399,0.7020863757881588,0.9959233665290318,0.7298757603827861,0.9652827406880402,0.6581799621965971,0.9956945848807687,0.8686086626269522,0.9816079893088726
18060085,13498122,1,0.6472786739510722,0.9950693064260747,0.7205272363935935,0.9531771351125231,0.8263547652477414,0.9888845820198066,0.49633782573788854,0.9663182303390733,0.8730729345039302,0.9983552546790008,0.5801359026591972,0.9549883009586394,0.8917529875416655,0.9992917193535956,0.5945240981380177,0.9707822002195462,0.7134111799799997,0.9986425634994456,0.793251122703387,0.9636990562287262
14417163,3318214,1,0.658498481670083,0.9982897485225751,0.6192866989030625,0.9508378379057848,0.6288442003941047,0.996011839768922,0.4442787050657213,0.9643801867904276,0.8188171800130165,0.9948513240182248,0.6264170436425762,0.9644996336442531,0.819067436459059,0.9945802011725388,0.5155777684651934,0.9572074176089491,0.7331709376487926,0.996177467001152,0.6710682984044944,0.9554187165835439
7531749,12027885,0,0.3536652608222795,0.9914052371346128,0.805127005531953,0.9763586557475264,0.3361256461106394,0.9988886073500396,0.7137783620658134,0.9764861577428396,0.5603937278240592,0.9887167230394662,0.6738559938100325,0.9134602268880149,0.5424512034963442,0.9874227169540153,0.5709544164931871,0.8903556314309848,0.4585916747904568,0.9979223683854055,0.8374763648829548,0.9845395912399736
10315215,7286004,0,0.9108706460621844,0.9983654246296441,0.6103957830972109,0.9742643063152225,0.9540566435664628,0.9989889106131672,0.6103230704658429,0.9798468318071616,0.9514970135966335,0.9948407540708104,0.6404066045495392,0.9378009917161649,0.9035768666181987,0.9912033466829434,0.5984155315799229,0.9257585465585662,0.9263426972817772,0.9954554842092251,0.7510307486329294,0.9769007501421487
9270406,15609120,0,0.3458175664513814,0.9973551472151644,0.7345053501038703,0.9745073114234074,0.36417527112611137,0.9980565305895225,0.5971381351240995,0.9754687591236532,0.49712226756704253,0.9868242562597003,0.6699160707048226,0.9674291313587517,0.5110447378532433,0.9858540557076774,0.6311843461240461,0.9668362272628311,0.4516069326091655,0.9925047383702975,0.7845762717580037,0.9741982996238858
18356796,5837430,0,0.9577475668561607,0.9985198560010503,0.4965405544106355,0.9645073733465009,0.8627086504793893,0.9957597389321526,0.301650752157425,0.9349904442256588,0.9397377380904847,0.9960018152084384,0.4341334500523112,0.9460057060240409,0.9479843712617969,0.9978144487113659,0.44250806620096594,0.9617080559580617,0.9552148338516866,0.9948024256088797,0.5150139270181888,0.9559490988569218
14050308,22247688,1,0.6884108011293512,0.995898183466261,0.6468478067677852,0.9533479362624268,0.728080818090376,0.9885456436691061,0.4559708197168626,0.9372385553875251,0.8047202860964061,0.9949217679823119,0.6025244678672108,0.9546488798600148,0.8151334375333441,0.9946025489164703,0.5744103651360181,0.9596743861480964,0.7485401145537288,0.9970643879528709,0.7422233374525775,0.9726243612544773
13299924,21754657,1,0.4666684368222894,0.9951883789232499,0.7270164361427518,0.9820434552640063,0.4318569387048006,0.9949741736291644,0.38676257846222273,0.9618166718141771,0.6299556156895333,0.9873740933567382,0.5063650142579523,0.9642637363753304,0.613244574352552,0.9897039535925811,0.5471146000617033,0.9453275160114253,0.5469152335744666,0.9937943641753104,0.6378354778868738,0.9541699625655532
396354,497400,1,0.36232267767970283,0.9933259613297523,0.7301777046775957,0.9403237199734985,0.3574812935281152,0.995673350890394,0.5839834574475783,0.9713298791220012,0.5022035141839982,0.9898009841406696,0.6643625996484844,0.970536971864614,0.49393578024061513,0.9901644298019638,0.6377631132333941,0.9680005373638558,0.4525402254492459,0.9947710906783093,0.7601845423541937,0.9525827444821285
1604134,9191794,1,0.6003201555300937,0.9963057825148196,0.5122809750284816,0.9662633885938562,0.7335686904810056,0.9834247035477923,0.4486129410096953,0.9446919810297466,0.7193568508864513,0.9843356787083692,0.48916038436742315,0.9449020096862862,0.7285775551549792,0.9830653453546265,0.3482485710889809,0.9214040036760226,0.6598215698400972,0.9902527411479103,0.6507200323237257,0.9703477163845334
8539546,5879230,0,0.3272052914542256,0.9914320187564077,0.6167216912168859,0.9604307060148166,0.3083876315214733,0.9887737991433747,0.4205496703354694,0.942606431003889,0.4216343108903739,0.9817373408755103,0.4060699259790904,0.9354788960758802,0.43929700749000744,0.9697889085128235,0.437001964318113,0.8930547953815027,0.40598509303242314,0.9933083321524249,0.6625412811566824,0.9783284458879247
5551392,5751314,0,0.8565510764057398,0.9944352700579271,0.724903193166095,0.9640504594894037,0.8694345861105625,0.9964953299172044,0.48245496359542916,0.9693055528522309,0.8665854069466433,0.9933528922371403,0.5540192665931288,0.9576754411657055,0.9514722755031936,0.9986758166121148,0.5097879188984243,0.9535811462745315,0.8811161214295946,0.9979012550382695,0.7442013370806402,0.9727834355996402
19142736,17999460,1,0.4147899669903063,0.9949816163843763,0.5310379868907353,0.969629462697793,0.41250257257339956,0.9917843216585491,0.3347969957953687,0.937092320532538,0.6031507041618255,0.9781941395759239,0.4861841196915677,0.9331712323725783,0.5987292082774753,0.9790767007620612,0.5816832118175741,0.9377824121089586,0.49217896961445856,0.9958635421255528,0.6309355020681977,0.9710911874219501
10634007,14729256,0,0.6092674482555752,0.9930102185114263,0.6635300285099215,0.9561868065609935,0.6319628036931824,0.9825788531109273,0.35897513678788506,0.9542943221757282,0.7586920419573165,0.9912769713398785,0.5042710996631066,0.9670467463473749,0.7688968683473758,0.9895497033598094,0.5380862792863619,0.9485507659172029,0.6841964772418827,0.9960888343451206,0.6565612339368576,0.9691741418275759
10207809,20423573,1,0.3076117435645034,0.9944141271023614,0.7386359528207451,0.9642955370655008,0.303643022297714,0.9825407488748028,0.48785866320220317,0.9574828510295192,0.38635984306166654,0.9849236677873543,0.5509241451706779,0.9568132649851798,0.3886160990301958,0.9802939972023826,0.6010748988694242,0.9321840174110272,0.36726689207388336,0.995650120711415,0.7358924222470931,0.9784833214163895
3471479,17887703,0,0.40023696522241947,0.9931643560223711,0.6662205784735131,0.961412563432696,0.37657044832301495,0.9930855260405295,0.4114466033551688,0.939423684906008,0.5311710046214745,0.974083694173444,0.448070600375572,0.9369540955907436,0.5455787125449445,0.9780569890149982,0.39193609104333493,0.939248100763279,0.49053505847566853,0.9909812231058223,0.6823608999206581,0.9807105336641732
12670642,12524256,1,0.964203484551801,0.9969506842163416,0.7555455502105834,0.9757159833867342,0.8867505066540722,0.9899771487256832,0.6075136788817934,0.9701302764789771,0.9247291033627548,0.9852696364768011,0.5572219148664692,0.9223392816226645,0.9008001037229658,0.9987463815749388,0.6131872974912451,0.9657366466331955,0.9739403128018987,0.99954547388028,0.786664253476494,0.9813959464129532
10715600,7395775,0,0.7782621266734102,0.9937203513221585,0.7122477635977418,0.9748744016440131,0.591067976837005,0.993700910555216,0.40192927051717553,0.9539503064407289,0.756619314084125,0.9904858136365582,0.45849785841643853,0.9502815243752646,0.7578063071956255,0.9905718281979007,0.4309239270166424,0.9553441873218363,0.8219132986926508,0.9982048816523771,0.7030047338860648,0.9752379478657649
5854498,6085930,1,0.3502723110799674,0.9978172193907753,0.656553327714834,0.9726184999862642,0.3455819912226733,0.9904918471779526,0.5249556930645952,0.9656853814568059,0.42791180051046235,0.9909757811802411,0.4748544067080035,0.949202553506179,0.46865192907847797,0.9899121665126267,0.5794168884396753,0.9558960963633241,0.4468437102922759,0.9959662922203834,0.7724494155933043,0.9818124195632039
643933,1160946,0,0.8895990077966486,0.9976560532268078,0.8078955504097902,0.9759554567468005,0.7139191193452394,0.992208403299552,0.8414718918863522,0.9764536129216684,0.9021110976874802,0.9941919075554546,0.7883473732954176,0.9528496602862294,0.8356776622503777,0.9993043047937535,0.8076445068149025,0.9785713884440019,0.9131361898653776,0.9954393852076211,0.8322809445449629,0.9690087684984694
12082150,20134388,0,0.30832743412691144,0.9986679096935392,0.6108054348431751,0.9523784618339722,0.3088187038280019,0.9835276263270932,0.5431142469295085,0.9574119756611206,0.3906706879721146,0.976879639853828,0.5329589078190944,0.9068521629867132,0.41112597409885265,0.9826103831158649,0.5301889101816484,0.9222826518135628,0.3807293009995691,0.9872488613785165,0.7018530078401342,0.9454287066882366
14072818,12821749,0,0.4586664738661898,0.9841091642185885,0.6853356467071159,0.9572157524452211,0.36061149929767944,0.9905369382745555,0.6132585569703815,0.9510508136973376,0.5271917891181106,0.9901521065818927,0.5655471068037755,0.9531409349406044,0.49747608257601805,0.9925547586756839,0.596209364052364,0.9454692037540634,0.5441024214428777,0.9916654673691875,0.7626794764207705,0.9643158120133437
16598485,1914865,0,0.681189253618578,0.9932774232847512,0.6978411935092416,0.9759967484784288,0.8157888162152233,0.9833965207020688,0.38405347193700523,0.9381965916311467,0.8114226669098523,0.993611668288431,0.3121411365212301,0.9546800010934895,0.8114226669098523,0.993611668288431,0.3121411365212301,0.9546800010934895,0.7376984302522251,0.9964208024312992,0.6261293799069989,0.9677261091407439
10088166,17576014,0,0.5250696278762811,0.9881884056689837,0.7875563549181366,0.9237628466071214,0.45401406596519855,0.9892865592994523,0.7288593469003921,0.9759176409805547,0.6212227803927362,0.9944082569414078,0.7472603259015569,0.9765082129818995,0.6295337744130998,0.9925742793498479,0.7231513184259856,0.9487073560125995,0.6169060954066852,0.9975870725318257,0.7471991955860762,0.9507415676866536
21224972,17102809,1,0.4315056520844499,0.9981918811612176,0.6918705834441963,0.9718371321426105,0.35639985281466846,0.9960650365028516,0.5200691183820578,0.972371936646442,0.6582982456354758,0.9832775024385136,0.487512581171633,0.8967897320149063,0.6658530668599375,0.9811133824288885,0.5040165040012478,0.8737186848415615,0.5037509209100064,0.9899478376870785,0.693656515446315,0.9582419348939194
18956017,1102936,1,0.5902441054366501,0.9956954727839512,0.5023142105554544,0.9408867149951164,0.4492299449688735,0.9945449162061988,0.22456399961736662,0.922398243122465,0.648568497199641,0.9770023882177938,0.3371605349106017,0.9336749427461436,0.6435472117704176,0.9728849179543855,0.37125950838051236,0.9296760269373427,0.6655920696731624,0.9930717588790119,0.5474696467419402,0.9663324150968239
6403005,367771,1,0.3859429880176583,0.998601794613994,0.7216416979552427,0.9808570837368765,0.3360994622240869,0.9888274514315362,0.5963988856674705,0.9729793521862651,0.4990158082083934,0.993600194902492,0.6637783459564015,0.9591269440841653,0.5118086171102608,0.9851134645695121,0.5741138072793459,0.9042018907232537,0.48430354984595725,0.9890500621241782,0.7497332394927347,0.9619637783654164
16981230,6788258,1,0.6607778526876024,0.997352832696806,0.7114366727106267,0.9603519771103227,0.7586651948746963,0.9862120928898166,0.5303973196857938,0.944500389969823,0.7385346321056467,0.997999380030337,0.6675241231957965,0.9715950214777165,0.7990650987962646,0.99513118650812,0.6261726670193895,0.9560633462995876,0.7237279176033413,0.9965112938748825,0.7793300610780155,0.9687840993719896
11268952,17402775,1,0.3230135131309822,0.9966020132456708,0.6563000749297958,0.9607070961548788,0.3070845312686677,0.9911019915452648,0.39242836351145405,0.9534026791261186,0.4345651837693428,0.9697731933741216,0.48525180342579743,0.9194139866137018,0.43142614518596084,0.9715673517257293,0.4990848886438114,0.9302775476514391,0.4123882707135795,0.9894909377106957,0.6616230014985383,0.9687016322722763
3585152,3657883,1,0.3097665002353876,0.9960938414379359,0.5796455854792472,0.9750030825941631,0.30680319337047746,0.9602638970813401,0.3288972168959663,0.9152629570865886,0.3767908052375996,0.9684816393218987,0.3494948307113098,0.9253613011526753,0.39539079666893495,0.9563040458745347,0.4079849178108952,0.9081211466251097,0.37845205389421616,0.98551583555486,0.5972019637835122,0.964374532588514
22224116,21679395,1,0.6703712730212731,0.993802210708537,0.6899120229101559,0.9727376900171463,0.5572196363742624,0.994435862463577,0.5439275687220941,0.9626275296381682,0.7634773920420665,0.9959848262396332,0.5616968056954377,0.9624267342094794,0.7289461164974329,0.9952691617366214,0.5583392902434868,0.9509587553982533,0.728905894106678,0.998734717148345,0.7439730220594474,0.9702549853429391
16733950,23677114,1,0.7029624315739956,0.9884258324947546,0.502541798359324,0.9552387467379191,0.9104997118938472,0.9912495954099395,0.43635264010023256,0.9481241076099906,0.877174880759997,0.9949557684000512,0.5972822648726719,0.966627158799993,0.8773287796645582,0.9957543083899129,0.5780017211303461,0.9642285065758577,0.7626041065613838,0.9935505332217615,0.6077691606697683,0.9581925646442961
9977165,978946,1,0.3636841824660063,0.990925407660591,0.6097577292958867,0.9579414622426591,0.3145106705794747,0.9950644202995722,0.4272366085603274,0.9279005131720997,0.4648206507679941,0.9784210124144808,0.5283502668447836,0.9311878135890973,0.46482478100510194,0.9783702932226485,0.5623449209803737,0.9331148480273114,0.44837666109610214,0.9926469323529892,0.7006638922226123,0.9735794399785687
1158842,10851,1,0.7058956781986138,0.9969377665507169,0.6714171867186396,0.9605275084197019,0.5334240545948933,0.9819507302416933,0.6215763580352953,0.9554347256413145,0.8090005170166422,0.9872961175593723,0.6021978299419569,0.9289324511926624,0.8152349888254019,0.9949113945329674,0.653869752169134,0.972906418034866,0.7617437543355247,0.9982264184913137,0.7790047420591601,0.9791760030035352
10391639,17014629,1,0.567227359035067,0.9973929917700086,0.7069768173380617,0.97826072465725,0.6686666769047364,0.9966185596549776,0.5435576125780008,0.9621468806496805,0.7984224747218222,0.9945686580611285,0.6128083830177913,0.9540115280107502,0.8069297465207101,0.9950988165379966,0.6192944913704379,0.9735195582178859,0.6347028055268078,0.9969115153849936,0.7058216873099351,0.9786702443854495
5596825,10798829,1,0.9082219386324667,0.9881910108973649,0.7022040921429391,0.9248342369351944,0.9701624594081615,0.9798827481127641,0.591694583541358,0.9525529185864192,0.9573498795254257,0.996967079420194,0.6395589822167441,0.9647902098646934,0.9252886015651363,0.9970329081825694,0.6610299060724565,0.9550840115081488,0.9391817635961738,0.9961895339206764,0.735797314884641,0.9492609837615015
4487026,10222828,1,0.9144829608559226,0.9984079599361959,0.7460845013924582,0.9830056802778296,0.9801558036987534,0.9951370618966132,0.4704504809545297,0.9732119979919474,0.9017900720111331,0.997170141597737,0.6376325827082139,0.9788435049848816,0.907120491210154,0.9968539809346675,0.6694641847553191,0.9821944896129833,0.9291304286998491,0.9962901939105588,0.7351539402077367,0.9832708300406688
1949890,17857284,1,0.556340102951046,0.9951049984832334,0.48149989360111367,0.961245916760573,0.4737066280526922,0.9868697956668688,0.31702588707752033,0.9411764705882353,0.6503136213078778,0.9771633915120331,0.37159009795560105,0.9314290394119897,0.6503136213078778,0.9771633915120331,0.37159009795560105,0.9314290394119897,0.623838486388151,0.991628477278286,0.5408911769252005,0.9605085882097839
21337941,12980227,1,0.3420293016576027,0.985616605667994,0.6496809610049626,0.9527122403808901,0.33927777219645205,0.9801175559064811,0.44603061346518,0.953801902452287,0.4998141051694446,0.9833790644982594,0.42486050651757934,0.9482002123089823,0.5045892321169533,0.9809987722310538,0.44115164316515565,0.935612151415908,0.4212229137321683,0.9911017009533343,0.6622838575412235,0.944815898598695
23041340,7038631,0,0.6290722291417896,0.9961256933539588,0.7372062891833443,0.9751860637751627,0.6075572083440841,0.9994551568651333,0.5937818921459685,0.9741127736149926,0.8107351281008132,0.9948226826651946,0.6709587993068022,0.9750673454626712,0.7872284088033406,0.9937958419093611,0.6829846674169671,0.9688011378847251,0.7083587236380071,0.9954338667754818,0.7976309710603923,0.9763101727669662
3898252,6061403,1,0.7146895930306215,0.9973021422256555,0.6449686866143512,0.9819966822258973,0.7250685592951048,0.9880087275831696,0.45001124638056533,0.9627352271103861,0.7558663873107698,0.9942752282655943,0.5491566307354475,0.9681527962228735,0.7607783692211677,0.9942444050813803,0.4986066750070083,0.9583887252376699,0.7630164265819526,0.994900934478568,0.7099320641316262,0.9714449931535122
3788557,2238217,0,0.7557258039015556,0.9882470939742661,0.6856272715708078,0.9355860488767916,0.7150361570866438,0.9928574964728546,0.43234004253201064,0.9478626782649958,0.7792528262652132,0.9895477953606681,0.5202822688379656,0.9548706005893516,0.7841932186664942,0.9870388328983495,0.41157148045560743,0.9338228064035498,0.8018835696320579,0.9878374200953509,0.636133502241617,0.9241348974592523
9106128,13799349,0,0.6393838583079033,0.9931711503572149,0.6192345180752679,0.970019168382067,0.6525309401970432,0.9772137542501926,0.30922043065093174,0.948747247067049,0.8273924013222412,0.9969097072147388,0.356359402709571,0.9282752249708043,0.750261036569372,0.9913329519881076,0.43572979308490334,0.9135437550809622,0.7012052332492006,0.9963488257748918,0.6777212984870319,0.9712890213438056
960758,14024978,0,0.592140612004982,0.9956006661111737,0.686561390344661,0.9480239043989357,0.599654040334208,0.9973530668203273,0.5414312111272108,0.9708383988191785,0.6416913477981855,0.9898277755636491,0.5645613942378607,0.9674396822113269,0.6755018867291182,0.9903273313735957,0.5990300650713534,0.9679857414346564,0.6646417704638058,0.9880129920070166,0.7893698913683849,0.9403568741570714
18733556,6416201,1,0.3528057964504232,0.9861781259699685,0.6549156371332394,0.953667455028853,0.3507333219075437,0.9978886592341814,0.50366692689384,0.9615755127566427,0.48996795748272226,0.9656833312716907,0.5071899241842355,0.8959775745678501,0.5099975976510982,0.9772814023858678,0.5504430740854509,0.9311281097452007,0.46793397759768873,0.9850436189092535,0.7035010865450121,0.9505028909967077
10937054,23677122,1,0.46076279071278753,0.9797703738792661,0.5647133553729446,0.8847179462543547,0.43626085109210655,0.9743927317263377,0.20237111035741318,0.8921594655887476,0.7600422398834181,0.984418321050982,0.3221181650585091,0.9391780425288042,0.7538107826888522,0.984304861057234,0.41817554077965935,0.9457090636017361,0.5417135627015048,0.9913250284413703,0.5205622555822949,0.9175668030237925
11843018,13642189,0,0.5443526302951682,0.9951766179651268,0.701615014430219,0.9693301276762013,0.5866780939571106,0.9840108651150666,0.533205803194941,0.9627747164551019,0.6441602506885632,0.9884233225967708,0.5463634322109905,0.9540983675581458,0.6483961372740779,0.9874675883778143,0.5665518186289211,0.953020128030869,0.6282124835175071,0.9929842158296961,0.7149007297162018,0.9675509555154649
11277510,2691849,1,0.41366906680340626,0.9917972931490876,0.6188046827701087,0.9377354308483831,0.38017041599407175,0.9720358747643348,0.38687395668463354,0.9279942876709276,0.5457733795708946,0.984913565150186,0.5030077053168067,0.9478684884450935,0.5633821977312349,0.9828047256950657,0.4582459280921116,0.9437719310827639,0.5080534186441223,0.9927760402771443,0.6415179742569982,0.9654649702134451
21246898,181591,1,0.6991812598801156,0.9941691512163225,0.7976576582432269,0.9728780671762322,0.6424063061608161,0.9966507387388022,0.8796667169497931,0.9904122681648168,0.8447374514907144,0.9921188842763409,0.7561141765904033,0.9616108251941249,0.7521901608005357,0.998347985659698,0.7820331814767209,0.9626214276926306,0.7670411914447389,0.9986563877283762,0.8405851930677732,0.9836997320842855
18724574,15988780,0,0.3410302040478658,0.9962948495873728,0.7160348669847602,0.9657092189190002,0.34169654089288787,0.985548769933023,0.5565239978236782,0.9700011095743165,0.45017849460030723,0.9913553582252304,0.5827480499725419,0.9667115842053811,0.4987320370529638,0.9883068162294559,0.665941056516554,0.9561995882354272,0.4413646253135178,0.9932211050315713,0.7395829023517525,0.9615898778284342
15663187,2431931,1,0.5709646351140433,0.9955058338313887,0.6432030707838405,0.9809513079149234,0.5832008856530565,0.9984789698170821,0.29622411059285025,0.9500925538402434,0.7183668379473426,0.9793263908232342,0.4273954786060151,0.9103298988717055,0.7388915377147025,0.9862802101908049,0.35374890364672007,0.9463730739571102,0.6440053390223913,0.9947486161600814,0.6084538777776427,0.9765861395790428
10076077,13812091,1,0.34183532290949353,0.9852198793587624,0.6311590870131984,0.9085828786804462,0.32781393267494513,0.9818734623177473,0.5302726068249041,0.9466717271145492,0.4642697593807066,0.9795191075800235,0.6266384029607601,0.9443485426679114,0.4731743132013175,0.9809087344565217,0.5629472305092758,0.934112383595336,0.43653723866740457,0.9962733472125939,0.7109640298795887,0.94368484936845
10565544,12312914,1,0.3270710467169061,0.9827329370181938,0.4927359612101172,0.9499618092925345,0.3003814938685831,0.9897967696090408,0.3991037154965936,0.9168458224529369,0.42559395717550325,0.9619895582477543,0.41127002461331663,0.9164039171644585,0.4259372974693958,0.9611419316514781,0.3948232116508189,0.9252669381100355,0.3958863804649301,0.9882093620314829,0.654281614580618,0.9739654920736278
15629443,3473219,0,0.5398904357824017,0.993568849631144,0.5728908745518217,0.9476318092428064,0.5405268939563309,0.9697990938527566,0.3268006705781066,0.9342143509129862,0.6624674970145531,0.9866917528630355,0.40274738379472375,0.9480257733235403,0.6520309226717027,0.9814840255308711,0.403558395432992,0.9184312984753146,0.613252727221938,0.9958472570304413,0.6369665149283364,0.9765882948781411
16984004,2591064,0,0.6387156635901425,0.99789827296302,0.7315636234185757,0.9825102340586969,0.7265830714557149,0.9964281401687648,0.6043679308510227,0.9757850446337462,0.7530294256453428,0.9958474812108375,0.6169992826172483,0.9741254011216709,0.8022771185512668,0.996177494724197,0.7068627299769361,0.9649665342143644,0.7050217411719614,0.9984204346786625,0.8294010070091002,0.9844453114037028
13361852,12044335,1,0.7517302621168646,0.9924146491120049,0.6709612434347214,0.9583397087836858,0.6010741297860699,0.9953915102310318,0.3459341817740159,0.9669172456736741,0.838646169028216,0.992498301148227,0.4326235847544806,0.9644538462163501,0.838646169028216,0.992498301148227,0.4326235847544806,0.9644538462163501,0.8023391875410405,0.9940063170172848,0.6641123273465386,0.9590067861092619
10840966,672084,1,0.766796975420604,0.9967424921469994,0.724360152505741,0.9848499900163267,0.8222643339969715,0.99801480744859,0.5673903392370785,0.9642553700369733,0.9057403077316258,0.9964018708763837,0.6183836711637859,0.9616792860489531,0.9156580622421423,0.9987414970001314,0.690474460015189,0.9736928061975885,0.8163337435815381,0.998457033787781,0.7437963114996946,0.9844017571811547
20692111,18371114,1,0.7983721351349254,0.9979217880293989,0.6639411639133768,0.9806404409959244,0.9685534451262306,0.9932448992117082,0.42980926132656894,0.9549362332607975,0.8488694007767107,0.9950932758355265,0.4775460176575381,0.9643651201800512,0.8464788464901838,0.9950692045770817,0.5246034041015415,0.9643672429066513,0.8325443520535402,0.9980786666499754,0.7172230510874019,0.983331308504156
19935037,5306724,0,0.5300027646208534,0.9979433215947271,0.7315942992237006,0.9759456027516904,0.45505192063815125,0.9784724681739527,0.40948410806401747,0.9538658671559993,0.6051163007503004,0.987514197004778,0.45349212888995893,0.9561845399593834,0.600242816670183,0.9851052733049717,0.497011417246926,0.9685286233271521,0.6040814983516041,0.9912071184675997,0.683419491262895,0.970833577014386
631632,17325960,1,0.296819869769416,0.9961615566253387,0.605915540108938,0.95220648486774,0.2952018165745221,0.978818239830851,0.39387723141644715,0.9521265215093015,0.33843571924436866,0.970316038289667,0.47155063913780937,0.929046759918366,0.35469277274252525,0.9635956209393519,0.4434267265805407,0.9143527544149979,0.32744867887100554,0.9886250421710963,0.6645860792528808,0.9714666176097136
8535393,18629450,0,0.5726360706856376,0.9949759334418907,0.6932932276792434,0.9642497947420773,0.5769688091627367,0.9952245324566175,0.4410654896680115,0.9557178373532578,0.6432996410345598,0.9853974793195918,0.5884409933253211,0.9554585555103766,0.6595752328395846,0.9853047339892921,0.5474340553495761,0.9508659992232051,0.6455765159214577,0.9892818601613769,0.6912915212628403,0.9650911050906624
17965562,23096632,0,0.9351143335149494,0.9950101786152536,0.7843139179003602,0.9823129285885753,0.809760915198002,0.9888869048421568,0.5463664621933524,0.962572622062241,0.9465725461613894,0.9912426658626456,0.5607451902811371,0.9437479826916041,0.9232840599541153,0.9953180975886952,0.6384940133214441,0.9797131194894647,0.9402220139056929,0.9944535037241922,0.7818154528845116,0.971280315017995
11689375,21566235,0,0.851056849664587,0.997729654855894,0.6576668144125306,0.9722206646215635,0.8746344648468877,0.9980982350815337,0.5705184717136276,0.9729159925221074,0.9109414010295105,0.9900209073756321,0.5624603406499206,0.941983964664054,0.9706374366059257,0.9992339917515042,0.6652146267088306,0.9696733914768667,0.8755066694974881,0.9970764055974619,0.7479988191013094,0.9799478914005112
7110836,16378626,1,0.6373460490438394,0.9954922828778626,0.6343614997887219,0.9605158768049418,0.6096881090785465,0.9895086015349502,0.40093764740033866,0.9421942330554266,0.8046017845439072,0.9938157067308488,0.49209436431792486,0.9575566391342494,0.8165250358946429,0.9920021256148565,0.43620952102710964,0.9492410152541984,0.7107392918648668,0.9951783974823916,0.6532733729386788,0.9648684721877263
20640355,23192841,1,0.5379376697241118,0.9968118261264794,0.5667822624639337,0.9654781813956377,0.5381004157212294,0.99425529096347,0.2993704672500117,0.9428828313430346,0.659604145629357,0.9817734959303123,0.3742361138391418,0.934173157739182,0.662621033942378,0.9836973696077933,0.5252032252773889,0.939491562537598,0.5994028473933347,0.9930154680955632,0.6299953647752727,0.9680142822159103
10298327,12202844,1,0.6737003521032494,0.9926203736149906,0.6942222819551548,0.957638835812585,0.6800162712309462,0.9968443541673834,0.38677220644025867,0.955382334823024,0.8156901655004758,0.9887694739628389,0.38321056903691053,0.9448053229631314,0.8003661387386626,0.9863051225894914,0.4123391562110379,0.9223711994404089,0.7339207349615788,0.995815066357584,0.6633474169296949,0.9734818652120053
11319479,1490117,1,0.4502376346406481,0.9929906542615904,0.5693764424821048,0.946439580855009,0.45980280741577134,0.9883327922805033,0.44534587601009057,0.9530026039888914,0.6379773549351568,0.9836771323028408,0.6230405182859304,0.9569270672387042,0.6342605862306365,0.9844784804849608,0.541122624291025,0.9550404431181827,0.5238069757196155,0.9954198562770502,0.6069888274229664,0.9578998956368271
8437742,17197906,1,0.30825022621988946,0.9967185141074874,0.6389481552768057,0.9484240162009404,0.299224751300613,0.985400427355633,0.44687116285560957,0.9550091979727013,0.40518418459194233,0.9702833245695868,0.5510297188072688,0.9433824928153705,0.40903235557129025,0.9668500825919617,0.506058602469142,0.9277596326846498,0.36824867233270725,0.9916612091827937,0.6977722786036248,0.9701166017110672
7271784,11021107,1,0.33391066198549146,0.9946369010198978,0.591920179755473,0.9377648212438955,0.34312459652081206,0.964994441040492,0.39367530858804867,0.9219893509134889,0.4116174030808573,0.9673940285109135,0.37637429010039924,0.9301748317631847,0.44769527013115934,0.9593436629040005,0.34772845450812206,0.9034045158713123,0.41883520111952166,0.9854291394740615,0.6043299099643447,0.958373952787699
2016232,11879780,0,0.7353789288547329,0.9874172220635468,0.47862163972556293,0.9318624275318278,0.6352723962590926,0.991837627243492,0.2811604384540968,0.9340511610492046,0.9179363420844532,0.993359720153283,0.29636292924959173,0.94441217591204,0.9186843656724372,0.9924916014692652,0.2621627153254724,0.9354590835819574,0.7886561250468512,0.9963201926625679,0.547125630350495,0.9507195767650257
3169056,1906172,0,0.7433951640359078,0.9977850522233717,0.5537820434227179,0.966634631862095,0.8251506323669826,0.9958962615061288,0.33276003891060846,0.9349781695063177,0.9469399518632572,0.9964408758197765,0.44653479583713207,0.9475781144879905,0.9488475991359703,0.9986225721680182,0.476252125770106,0.9472483028683231,0.7945978197813959,0.9984483400745716,0.725546613431028,0.9757339770727224
23035538,23641084,0,0.30533667657415337,0.9935486549744228,0.7254887849043046,0.95515697925246,0.30371082978350494,0.9835860768691074,0.4898942188975205,0.9594831246666587,0.3833549829148895,0.9849596465680078,0.5354475777995132,0.9587827582625633,0.3812826265365092,0.9819327525953403,0.5066128774984019,0.9335113932940837,0.36741702259966347,0.9959255340608363,0.706521312846689,0.9722698167027759
2145308,17673488,0,0.6200591619473904,0.9979261590201848,0.6082881746967249,0.9720318337814878,0.8831831993823416,0.9952645427101376,0.4311164597978575,0.9435422244027527,0.9306318927511482,0.9951752311784168,0.5497143182723522,0.9513496920334005,0.9318527703052583,0.9959214238550681,0.44618468751612483,0.9507540937454885,0.6847124471172586,0.9930682500469699,0.6639880997326569,0.9656359239398323
2767689,13821141,1,0.507621122923791,0.9894879280149045,0.651623982906119,0.9610074568756762,0.4776028937390968,0.9936267426993977,0.5137526262682418,0.9736384634736808,0.6147559264848669,0.9941228480819383,0.6788780721527722,0.9744833858863969,0.6371094675761307,0.9936237956657095,0.773367863103945,0.9814057358026511,0.5800091518441889,0.9969990281249215,0.7515174835620239,0.9781429536432301
2970674,22467291,0,0.5800455211294415,0.9858319315017952,0.6615122484524236,0.9570667005556427,0.6743271904107968,0.9823718870886724,0.6094167797099344,0.9500357057979691,0.7423433631226377,0.9927506364160423,0.6191027006574357,0.9409958211285605,0.7520821885426844,0.9930083150483606,0.5917258444094569,0.9296381572484135,0.6501947524758704,0.9933146020073289,0.7528963758116229,0.9596798254405035
6829523,13247325,0,0.7028634487164961,0.9986707433521493,0.6819340267530738,0.9847392458537719,0.665277968127852,0.9924372484493653,0.4926969697796756,0.9645264933856038,0.9006788137018783,0.9961711662249148,0.4825236317107493,0.96199718163516,0.7588819127952635,0.9962519787452712,0.5426192369597157,0.9359585595404009,0.7602776883851049,0.9978323648735435,0.7292633311889039,0.9789760163772213
16545678,8258909,1,0.8492805418174081,0.9984183350067314,0.6340949520671997,0.9682348218431738,0.8528030954817264,0.9942803016415178,0.3934733137295411,0.9485162126044455,0.8294648046709463,0.9957381753855905,0.5745547437933074,0.9623885430501488,0.8276827825806855,0.9951061853101294,0.5847460433320788,0.9696505674944579,0.874220504415048,0.9984458971886188,0.6745660554414109,0.978807023177463
1208401,249176,1,0.34898422972711823,0.9981397722319458,0.7838874230089095,0.9680647800629436,0.3593599962833971,0.9980809551495261,0.65202388686177,0.9662802476043933,0.5179535420238627,0.9890033536341675,0.7060943439607776,0.9673875856272248,0.5357832173552004,0.9875802220945834,0.7661546348653759,0.9588497151104991,0.44323997426635586,0.9961884223683392,0.788417942640786,0.9718988031275286
2090332,20958789,1,0.42025912635563556,0.9920716229559399,0.7953122731219017,0.9456933790129564,0.3686498063288731,0.9955926015491208,0.7287859774752914,0.9822135377065685,0.5561074103500071,0.9925686922904006,0.7771802612032659,0.9544375256157688,0.5553070212249125,0.9884096652006525,0.7270438456839495,0.9109157696654329,0.5292203972870602,0.9962893898496472,0.7625536989178698,0.9656318062018819
11723383,19014667,1,0.5388926217344502,0.9878731613391326,0.5839283313989615,0.9545940697429927,0.7045017793616364,0.9766592686022153,0.44414566578039927,0.9101413930767223,0.6594295226757869,0.9884749604725898,0.5565697989170746,0.9569654579689112,0.6728261783929517,0.9883613144608209,0.48824317614514845,0.9542708111586643,0.6054775126376768,0.9956432690827731,0.6618692207471235,0.9629867720789592
10161744,17874921,0,0.33897160914223723,0.9905683264318306,0.7043807525243329,0.9645102323008969,0.3346205053175105,0.9903406688487676,0.7273576466459757,0.9745882859650731,0.4706614119959524,0.9754929301284823,0.6329083304344385,0.8953749227529724,0.4884535266577151,0.9849926729339082,0.7279133169652853,0.9334522722273293,0.4389710128715728,0.9930676820735432,0.8307090193464136,0.9658437838744931
13241363,11188584,0,0.5665713806386302,0.9934112563277021,0.6730025020393064,0.9713335068561563,0.6528637868221305,0.9850489957367236,0.5707726188749029,0.9578931430947283,0.7668079944511885,0.9946624672655591,0.6592919989771576,0.972504444899645,0.7191508787795375,0.9902968100721979,0.5506043014916449,0.9181006817062639,0.6337063153986918,0.9975835221393048,0.7295524247349582,0.9805681129547269
430971,2325202,1,0.4023627438411649,0.9982747362586628,0.7799286048793794,0.9819775753733206,0.3794009936737514,0.9870058625085246,0.5350568051004618,0.9667039701130105,0.5641408534310665,0.9902023872743204,0.6969175235787065,0.9723036895252152,0.5620090707103681,0.9833776904896913,0.6391011584507182,0.9252749713643071,0.5034037707337308,0.9939288033267202,0.763669525536417,0.9771911693171421
1293659,23402237,1,0.6758247596152064,0.9969529843335274,0.7473358520165891,0.9783949626439028,0.709303424390889,0.9894741542711918,0.40384321315366023,0.9492565492949304,0.8134382508512489,0.9959447886488351,0.5159473727974919,0.9637873533356958,0.8204914899988589,0.9952273675566501,0.5354859168767958,0.9538326420357721,0.7366840845786411,0.9986681735187264,0.6936917399381742,0.9818874113234137
9141694,621362,0,0.9200127094996536,0.9921491014315563,0.6889700925171969,0.9640857935050954,0.8546076798280582,0.9806072675014713,0.6123765740990037,0.94870482505694,0.9354592452358576,0.999641376403028,0.702411026616121,0.9752588429228322,0.868039435429492,0.9988558456786746,0.635973186645292,0.9496661884730355,0.938165089185788,0.9973227725292229,0.7821226563539085,0.9813292943273779
12579074,15225841,0,0.6047250621540138,0.9975485407061702,0.7024013028220786,0.9791789593875243,0.6332924785233391,0.9908809163544233,0.45817774023070656,0.9595132981081242,0.6744773824720872,0.9968790702946954,0.552091375154864,0.9575575954563109,0.7020514218719688,0.9958851366493525,0.5984440300902962,0.9726345358920448,0.6672331266998992,0.9984750739273891,0.7793043680387715,0.9826761345522292
1675976,21836608,0,0.7228472997832797,0.9967404245908671,0.6867404076908279,0.9528772058248075,0.6125449696521015,0.9930002428093635,0.7203347245705211,0.9789904868010354,0.8784515447257284,0.9978580978576149,0.676083880490034,0.9557660482998493,0.8562042016465737,0.9975531324398266,0.6985132139651127,0.9600322901801761,0.7729153879689384,0.9942079084902744,0.789194235718464,0.9578638972340769
23205,23096632,0,0.39733002197501194,0.9965673608741504,0.6366906753387547,0.966304532247326,0.38846969821268723,0.9910140780228908,0.4571666850483761,0.9603970453125232,0.5808744275366007,0.9835816233529253,0.5102712519868776,0.950734554197442,0.5846052137894538,0.9816765118776227,0.535661650639873,0.9438657617132421,0.4936049015277115,0.9973085849809578,0.6107877074791845,0.9658522387664509
9034967,4975452,0,0.8538246398831538,0.995598676877392,0.7292643141446207,0.9559266016798154,0.8379623259616048,0.9886065738082985,0.4503323671615814,0.9717081683946895,0.970206204444389,0.9992442712457624,0.6026776694100955,0.9697500203212978,0.9640815766544835,0.9960363014346725,0.6078012752513888,0.9568827962998495,0.8807201580571091,0.9976435403265811,0.7834311440186827,0.9690124604284103
5691586,17984312,1,0.2974692617817637,0.9914109949691132,0.6412866106047643,0.9624363872358972,0.29410993944119634,0.9902639339158918,0.4264659966941554,0.9324105702463927,0.3587471206343459,0.9757022452095138,0.5352649661001019,0.9421198421447898,0.3577350226409095,0.9742033081151621,0.5553664123243577,0.9284331391593651,0.33404106167776154,0.9880414929427824,0.7136920791130158,0.9659250453063286
5468514,8709483,0,0.3186924208321587,0.9922395660176662,0.6494715675564526,0.971357406995586,0.30289585161456256,0.9925863871549983,0.4265325303658001,0.9423762040341825,0.4131975411541127,0.9675561165878935,0.4959290740249894,0.9078068095602281,0.41969474234578275,0.9690707041235213,0.5170722256081228,0.9209564347105387,0.40378725135256394,0.9780832544308085,0.660033060514424,0.9361720010130157
14864066,16098010,1,0.387037225536815,0.9938999515574509,0.6366040631252815,0.9681502193903275,0.3982415041484124,0.9744505598159502,0.4007404417180609,0.9385238639265268,0.5759070595148345,0.9794011705437625,0.5341723357843045,0.9403274656165209,0.5912740820901451,0.9790550063682046,0.5096098642244125,0.9242430113895137,0.48440042844605025,0.9907753818597982,0.6433821368284081,0.9689098049482235
8292552,15031489,1,0.8074523376040987,0.9963488278961238,0.7615087412840286,0.9859433891974092,0.9227992990857891,0.997244207909749,0.6924175501563776,0.9709237602422378,0.7361626893540548,0.9966356858748232,0.5893690926408048,0.9364665529717393,0.8878781232896495,0.9966553760631667,0.49553457666239065,0.8931740968972932,0.842634265812802,0.991466707008207,0.8151725945454223,0.9627832802087064
6416201,778678,1,0.30269097167027487,0.9923635782745017,0.6762073577836993,0.9595711087029903,0.30014773690195856,0.9947522766297212,0.5154297742668978,0.9611092781846854,0.38238086375911867,0.9707975220730024,0.5392295233197546,0.9129554038812021,0.3821156583311795,0.9764126224405173,0.4523459671102401,0.9121905343166785,0.36670567854636094,0.988375556634627,0.7264218523947327,0.9676644267393334
8258909,12539808,1,0.7552142225634816,0.9945231881505,0.6332531360080644,0.9678476005981306,0.8348646916124276,0.9976927894253956,0.36052297282604284,0.9319522346839015,0.832225497315675,0.9945126205422625,0.4969699570952887,0.9635761646810955,0.8351120300228592,0.994769563163427,0.5918177097211974,0.9670352702681423,0.7999527352104796,0.9956810022766329,0.6393278334559956,0.9676116444678526
15805164,12614306,0,0.5462402268229877,0.9918742563988361,0.6523712459989588,0.9349391866818609,0.5550611367146542,0.9969879867298125,0.4036914741265242,0.9594888449477336,0.7005701385848913,0.9875536626621747,0.6212219554597911,0.9488021353577454,0.7037752785217488,0.9898265193547477,0.581070511796605,0.9653562240291611,0.6123824696727787,0.9956659555662803,0.6886960981637533,0.9605881368542647
8769373,17241450,0,0.5418969643554434,0.9951816521565348,0.5682681093932911,0.9692999919106786,0.5327120525703202,0.9969872045566136,0.4545818779527967,0.9602370503287463,0.7699841507299566,0.9952233979715049,0.5642429213729134,0.9721378913542641,0.7153865281043722,0.9965686778218271,0.6243261257076175,0.9548054062173216,0.6123797811457585,0.9955744553388745,0.7316516269026134,0.9653745706843626
20365368,14661394,0,0.29913356585054646,0.9947477711794233,0.6779961372220735,0.9706460853100745,0.2974896023761572,0.9893070393765574,0.5630091664657089,0.971578903351432,0.3498826423604381,0.9839003991271926,0.6087049815358601,0.948906663623186,0.3571286712739555,0.9793722695919078,0.5930063179243068,0.9493378908501597,0.34408320623873795,0.9913775222195845,0.7280774677648036,0.9708071711023679
7130579,854262,1,0.5178595215957974,0.9972256050197597,0.6284769671338111,0.947038368797347,0.38469049075168804,0.9865662316522559,0.5015041127902959,0.9466084173745106,0.6208318210764916,0.989611866202232,0.5169289434130393,0.9699642664285644,0.6216783671575422,0.9911267542921455,0.6320279395821851,0.9518598364941817,0.5906960859830386,0.9953823041392152,0.7742075939923574,0.9620595563779866
11566433,7300257,0,0.30581391714986406,0.9970576809759035,0.8058310579608453,0.977020495971884,0.296941460566441,0.9983304371629197,0.5988478858122905,0.9781147675749512,0.40550427519992516,0.9825502057796944,0.599039614596039,0.918639528787812,0.40595103931398635,0.9833771064053731,0.6219073337129977,0.9180687715662406,0.3569211639900538,0.9934471578970518,0.7561897262666357,0.9839500663793944
21322698,18034383,1,0.31726172174533535,0.9855459007112177,0.5362416868885771,0.9171215549536654,0.31507178975144895,0.9810143307123594,0.48340827399973907,0.9593730589648537,0.42929076557331797,0.9819029372610344,0.5543514902184996,0.9394853975901679,0.43681853325279263,0.9784679505048641,0.5747167389182322,0.9232557161616072,0.3973358171917504,0.9946129039372835,0.6839489396596703,0.9400161627792755
10384641,20394588,0,0.568125021298143,0.9917670541777506,0.629821429893964,0.9286133457299062,0.518911647148621,0.9925826429292706,0.4845151184445715,0.9572070530467892,0.6692663702467417,0.9904168041609616,0.41863867449443326,0.9549628215649516,0.682169905231953,0.9933445772715982,0.48705334326604766,0.9380281496081463,0.6458571696845727,0.9965722845082824,0.7308117371447727,0.9622135223515237
9061980,3672328,1,0.35521106135749714,0.9933147238542641,0.5727700728476508,0.9537575183715882,0.357350207560521,0.9775680572432438,0.3579341574085365,0.9341983816315866,0.5105549529162543,0.9821247503656225,0.5009306322766507,0.9505641826449903,0.5275298244598327,0.9811879094953485,0.439279393391277,0.9355561104534715,0.4524329711142712,0.9921610869735159,0.621321919494807,0.965218802063941
21977773,18315736,0,0.7134015262935444,0.9883623416347416,0.6367571396725182,0.9469287625426415,0.6387074266076772,0.980563309962639,0.4600680530792264,0.9574895897021055,0.7291613516241271,0.9919892111494512,0.48703768423697213,0.9311343783321624,0.7276953994942931,0.9901038422251035,0.5272880056842624,0.9312503027560064,0.7661735127852912,0.9907599330567726,0.6723520845234229,0.950733681169452
13843203,21214234,0,0.4309249059110114,0.9959405099663051,0.7224457115631188,0.9753759182407385,0.3983941576435359,0.9936864093871786,0.5559757457126102,0.9635200901366573,0.5102889745169795,0.9904953402447938,0.5665497473854502,0.9285623809390282,0.5425222205344655,0.9938068419507132,0.6136962364057688,0.9588174718475224,0.516496746618824,0.9987205652990903,0.7723440522638778,0.985939345969501
1989227,9636735,0,0.34511472608645216,0.9931072774026157,0.6105704516323534,0.9501306454155288,0.35194505876443755,0.975556143790114,0.41404994260685013,0.926715062713204,0.5241396243935916,0.9718385488656333,0.494783532616343,0.906763423576543,0.5270858484893922,0.9707121510871645,0.41054290954214145,0.8928221600102098,0.4381899694771055,0.9918269051391322,0.6330961260112549,0.9689528444560863
19826765,8232814,1,0.8239524010347778,0.9909007733942745,0.5872177523965889,0.9377166525706785,0.9999999999999999,0.9999999999999998,0.9313938603971917,0.9999999999999998,0.9518776148457248,0.9983655479136246,0.3385890367139732,0.9614791971518692,0.9518776148457248,0.9983655479136246,0.3385890367139732,0.9614791971518692,0.8538670816382807,0.9969960680584341,0.5167127488707449,0.9498122235879467
23428514,15396083,0,0.441306454231974,0.9969241335931,0.6992432495895258,0.9766962646593027,0.41044827693997926,0.9974972209647842,0.4540153407881995,0.9598915178767341,0.5286742068157958,0.9803934389712156,0.5659865454697701,0.9459205584493636,0.5816399472130925,0.985816011833621,0.5221632415700683,0.9556631891091361,0.526467632931478,0.9905970715428267,0.6866613134902875,0.9698583562972448
4519500,6399107,1,0.6175884990268811,0.9925392206804825,0.5812494357795421,0.9341707137243219,0.6712678943785487,0.9887265624703799,0.35276345968839184,0.950587080190742,0.8965367615643253,0.9974880724209914,0.4871230936601745,0.9515163460910747,0.8482637130458939,0.9960010656946392,0.41461528703628425,0.9558394125877452,0.6786015913270436,0.9955101083409317,0.5851872192153474,0.9524716770116692
2676362,15385605,0,0.6123217226959022,0.9915660671961705,0.692138564346633,0.9728286591482601,0.6345012172631794,0.9868113218111103,0.47617063375894975,0.9445731548445829,0.8032864836997147,0.9900046868470999,0.544022613447684,0.9537035609552391,0.760672959016585,0.9892658555356345,0.580013183502454,0.9543832431732093,0.6801188564938979,0.9955237537213181,0.7247332923169428,0.9736982705633053
19203250,421187,0,0.3403536857990369,0.9910946599486321,0.6868266150532136,0.9669836393752798,0.32300134086389554,0.9944466449037072,0.37981581556024535,0.9454314224181883,0.45912195098556263,0.9776024733586065,0.5362516213572373,0.9471844198253178,0.4654373162601042,0.9768240264208554,0.4621250071836357,0.9497453496922431,0.446668863998571,0.9860120142745654,0.720507002829024,0.9539996573990077
10207809,13657107,1,0.2949234462767394,0.9827824067559296,0.5097147485656106,0.860612367582312,0.2935730291231118,0.9447906080070386,0.2953195692396452,0.8843433980000353,0.3310909933278407,0.9526274104656506,0.36351088922101893,0.9257117031515505,0.3299354471294077,0.9462410186545356,0.38152881929729654,0.902033465248521,0.31885661277897304,0.9827733597701327,0.4677246257162463,0.9018185086987077
22382181,17874921,1,0.3389739002696211,0.9914954423906108,0.6988547955816249,0.9710389175449846,0.32055700653202107,0.9860767905718436,0.6532711606169217,0.9608606528557212,0.4728714429547983,0.9853586857504415,0.6920740531449344,0.9360390763878952,0.4862762632652826,0.9891045461478467,0.7317788999700856,0.9601813352642646,0.43891612612958436,0.9922912734013105,0.8361097537781055,0.9681242447325402
7014900,20741536,1,0.3098178649853903,0.9951871154833842,0.6720672343429108,0.9526834966331668,0.29690827098944245,0.9880362849654474,0.5032095671285758,0.9538562039053924,0.41700859030051496,0.9762441199964187,0.546915812054914,0.9236971566705368,0.40389947309856783,0.9703370989426255,0.48932751717941714,0.8767523977660593,0.36804305072573695,0.9931572016831586,0.6467638375971002,0.9641920702558692
8071138,9439748,1,0.6141718201292559,0.9970071201357841,0.5449919439229585,0.932519935090051,0.6720163172696604,0.9791175632180956,0.4179223763148434,0.945232251087499,0.7853606968916789,0.9907267717925594,0.3502814411677905,0.9163659251070823,0.7917382501229485,0.9897446270636557,0.3853378220734949,0.928490379630783,0.6783651972603858,0.9933019287606007,0.5180640521124605,0.9615146530941507
19035955,22600512,0,0.5981766444274014,0.9926913739174958,0.542922789809391,0.9464626817348879,0.5192609260715731,0.9965899361255849,0.5004379409916122,0.9605474838108662,0.6367079890718454,0.9844841362351321,0.38833056564741497,0.9454488838012284,0.636916231445793,0.9839083243743133,0.4538135014132061,0.9406677399974208,0.6670688512196095,0.9950994704612446,0.6831225997870167,0.9541545800772917
17638222,7911395,1,0.4217574327692043,0.9944587227751551,0.6559159893848383,0.9686381659905113,0.3647940697100025,0.9915043289602402,0.49515968871270766,0.9484897890796222,0.543060099049893,0.9902846882751888,0.617817000821868,0.9675416375816562,0.5590255801781296,0.9856124421619951,0.5792470523429646,0.9605320728482031,0.5136267400819221,0.9933787051829028,0.746363420050173,0.9762333153009997
16464790,2014383,1,0.35860996639927983,0.9917394200988221,0.6089456450165605,0.9474289579001084,0.357350207560521,0.9775680572432438,0.3579341574085365,0.9341983816315866,0.5222957316706297,0.9840838399391864,0.4809732525489603,0.9494603749205899,0.54003186619343,0.9832127106171806,0.4176097836008318,0.9393827325323972,0.4560829491653226,0.9927406706083359,0.6605014392338581,0.965810600155123
5706224,12215548,0,0.3390986494787544,0.9978237558624492,0.7698877932770899,0.9815127723047057,0.3295918852409103,0.9950984418937328,0.6439495418835263,0.9805822629974528,0.4288763589720155,0.99561678176906,0.7103587264100646,0.9743157521529745,0.45444780009629426,0.9952700781190559,0.683445447900334,0.9735132683879579,0.4263411048649209,0.9982753820900686,0.8210654302007439,0.9891321652913381
21840034,3059648,1,0.32044378894505116,0.994089594943784,0.7201646677304652,0.9497732816519536,0.3008406951941265,0.9932381657821239,0.5557088642730946,0.975604814493324,0.43309929952332127,0.9879982658952522,0.558023363563968,0.9481021741588028,0.4330771657632157,0.9870251295215956,0.6195822006101923,0.9403780555976508,0.3870984477579208,0.9964629362158856,0.6796318242405359,0.962224677229364
21090885,19121580,1,0.6736207961626414,0.9954821935434076,0.5928397370243885,0.936563401808939,0.7150188246326541,0.9856457877446165,0.3082674809802274,0.9450820193216741,0.6858852759792652,0.9821183967641962,0.29553247536766425,0.9383955183911354,0.6934926103282723,0.9806095312885176,0.4061111976058208,0.9309271670379307,0.7266039011010907,0.983733012926004,0.6180255090551716,0.9413004335026239
2668863,19994918,1,0.45867667028503434,0.9908950591181376,0.6965087678073425,0.9480671105720504,0.4598019406413929,0.9953572441036865,0.3608251182705673,0.9555305483015938,0.6222440971433068,0.9833132234993235,0.4294285643459266,0.9465060088694475,0.6186044301352216,0.983307106807628,0.5026522312865656,0.9593200511951484,0.532135947930993,0.9915488207182576,0.5880822918780179,0.9390492399388568
12352751,17638898,0,0.29640225485493427,0.988229371228869,0.7073223315507633,0.9333644426309805,0.2959807496624405,0.9989721648710559,0.6393135961628248,0.976194589304985,0.3284987828932082,0.9889920399020918,0.559614411210453,0.9271216689524172,0.3434932301023143,0.9889404680806226,0.6385288820764524,0.9577910127249348,0.3216919767527324,0.9917750009891597,0.7684114662549052,0.948213862311523
13660039,946865,1,0.4027683178626806,0.9931154005888805,0.585934862762382,0.9666084363021271,0.34643933086394446,0.9981776634011215,0.4979167108935385,0.9667714307777256,0.5338387965277829,0.9794116969141918,0.46660321035660834,0.9340998591832369,0.5342558503289149,0.9798081380457478,0.4389306382092405,0.9361320455786059,0.48902956945026754,0.9903492938054701,0.6684724770972832,0.9728902880609986
1983098,282874,0,0.8579483505297234,0.9962559678451435,0.6776168346558911,0.9551875833922778,0.7346131342111688,0.9871316608052857,0.5851386262408579,0.9725130807403042,0.9480980163647219,0.9911184401236433,0.4518833971945124,0.9451775080451862,0.9204746294918724,0.995535011226833,0.5294433087724003,0.9519563854546953,0.878280812727555,0.9919220798012631,0.7131403058261678,0.9521661279965152
21285620,11919249,1,0.30281507866235224,0.996066696411976,0.6255652603090059,0.9480720605576142,0.29704679187571925,0.9885397643311961,0.43824667591502886,0.936223326212959,0.3651261916582491,0.9834505570765598,0.5335786113570029,0.9504630255382351,0.37828080029485506,0.9767330419330775,0.5446756150627559,0.9178211616273705,0.3552451997961693,0.9918433565127972,0.6824808738604722,0.9600656994505701
249612,7518608,1,0.6032025649451604,0.9977191455923452,0.7782938788974549,0.9858161895240232,0.6181108439616012,0.9983496546871278,0.6307195603634196,0.9771633780967818,0.6698878230451516,0.9927165592129459,0.6686260538687456,0.9760097661159721,0.7711612935817544,0.9951737881529388,0.6055900718314647,0.9437556240991127,0.6711920632065399,0.9976031731070315,0.7783819221897854,0.9837918583989097
7005222,19467546,0,0.606900495133574,0.9984287027874815,0.7932046023859128,0.9749535896194728,0.7794089315578988,0.990359510839565,0.6741582877818609,0.9760886204567591,0.7990142364107422,0.9975682467589566,0.7649564114113065,0.9788189613969023,0.7751257625362689,0.9951546497380772,0.7155577657513326,0.9697120602700592,0.6801590873112706,0.9970485447118984,0.8141445868566605,0.9799871099334716
2310752,14783945,1,0.9454083641620721,0.992458760507334,0.7146227478390792,0.9740538672409962,0.9104874417215101,0.9930469504909422,0.48073939741858795,0.9470064351146724,0.9733022740437479,0.9996472906598051,0.4652053348978963,0.9699081108301556,0.928337448071873,0.9988438129686267,0.517613718234967,0.956702214960294,0.9565932107823806,0.9950771657729247,0.6836210541504011,0.970496473248548
4889264,8625347,1,0.9744248848516605,0.9962555341292757,0.6653340183598564,0.9729659271209316,0.8906093431916807,0.9902211648887442,0.5321255518802837,0.959940138989761,0.8720147661431947,0.9962044872249651,0.6139312572649454,0.9627714521172503,0.8771936741058781,0.9972329800626626,0.5994403499515624,0.9536593197641149,0.9727628438470293,0.9943160402368189,0.6944654134233883,0.9686512673305644
19189367,1023350,0,0.5020358396705339,0.987672238539575,0.5903485522857224,0.9070083167762083,0.4504103887548553,0.9862001977236416,0.3877895014354208,0.9477662121832816,0.7189761813984008,0.9788501975339172,0.2980010381702156,0.8741742479304561,0.6881663291454456,0.9793430876830056,0.3172094233933428,0.8916268707282733,0.5707956226539816,0.9926468512538407,0.5759018609540771,0.9255808019928528
21277519,16201403,0,0.859566644641377,0.9953300232191233,0.5619585640606292,0.9449870405388681,0.7854213279622574,0.9973948885501649,0.44079542959437334,0.9608244046325058,0.8452349637355683,0.9907271052699562,0.48709431227012057,0.953683583600975,0.8808034040442387,0.9941506058144901,0.4589426970027989,0.967646324228564,0.8856250993250047,0.9944280057537644,0.6717773839583044,0.959574689054108
3495456,2439668,0,0.47406656370343303,0.99460504094559,0.6580318513592174,0.9809028968253679,0.41246437882942144,0.9855004052249334,0.5255140960306287,0.9658188864726986,0.5632243262195238,0.9843647476660835,0.5432787022599788,0.9615298604510183,0.5712863687266085,0.9824563322223295,0.5813030962474457,0.9341404009086178,0.5678245152182996,0.9902401553544011,0.760074511361059,0.9599679698064465
3109682,1971286,0,0.9444365481586325,0.9983769549257476,0.6313376512442818,0.9660378351487202,0.8112445953484287,0.9924555922032791,0.3202649005899537,0.9457773537670395,0.7405719860747597,0.9756058356857032,0.4768551257697048,0.9106269109192165,0.9416487657988322,0.9961041125405309,0.46099076961340746,0.951428216772236,0.9594257902719387,0.9957964743181027,0.6331770228754261,0.9735643370710699
21374041,15102902,1,0.5860156164912427,0.9945568389521581,0.6900135872399953,0.9579238531657126,0.4484622446906877,0.9913909094352068,0.3750771960675482,0.9437150047911959,0.6270948115441843,0.9783815320023763,0.427621261692006,0.9292091094297158,0.6315810341203634,0.9814603440668378,0.43262555526000446,0.9475160935569925,0.6637893025277362,0.9898065642034539,0.675866944877173,0.9615352123479507
10177034,4056446,0,0.3866591015171625,0.9982179071368427,0.5468499337416245,0.9384712301672267,0.381447085899026,0.9760866465556969,0.43334090248430657,0.951970010340835,0.6707299759234031,0.9869258502988572,0.5828266687589981,0.9583369982366597,0.5989874938068497,0.9798055540165144,0.48725956976663665,0.8912576920356629,0.47995357953213447,0.9951536823897147,0.6812020779690325,0.9622413890241814
4519500,18371114,1,0.9169660446865154,0.9978279538136462,0.5671849706822046,0.9529172790561684,0.8429545187082373,0.9939166058587984,0.36956188503728893,0.9607258320824039,0.9031726402502346,0.9949829817482047,0.486688326204919,0.9572685289300304,0.9607151118237888,0.9972595760947048,0.5244502063815395,0.9668580112142277,0.9314824214903085,0.9988821437736104,0.6447266805957668,0.9659597226239993
18967837,5031964,1,0.37792266789496254,0.9871254948027096,0.681630115027559,0.9302316348770056,0.3451798914142062,0.9793250863708116,0.3479195833135843,0.9406134358960665,0.531216067454641,0.9719594616010109,0.301267947840283,0.9272476083470681,0.5177747834367389,0.967370825462016,0.39121904531317353,0.8970061296575685,0.45330986235289095,0.9842064618644016,0.5789550101091446,0.9334009326214165
22135198,13221213,1,0.5745560412588535,0.9873725028954364,0.6761931472740103,0.9556991985719474,0.5574066279908744,0.9892688942434903,0.6531749132970828,0.9700019957895007,0.7048214739271728,0.9956937423304834,0.6795467677725004,0.955562526019517,0.6867960927664228,0.9905961464128505,0.6136621643297496,0.9187942354482601,0.6467877913473118,0.9958639316205059,0.7657487508706897,0.9658660680968589
1953115,7757210,1,0.4871991312204078,0.9969336050177875,0.5650375964557053,0.9323800971392786,0.5034039574856991,0.9934328057486216,0.4618906508463808,0.9635105777459954,0.6595543674482905,0.98947231720613,0.6309306919369291,0.9633218962212226,0.6602977812573564,0.9894180595998104,0.5973190384743954,0.9676733308921325,0.5643103702754748,0.9976068656936098,0.6270486959501436,0.948120753628029
2538511,8990222,1,0.3198711640689617,0.993113652274609,0.6290400353132484,0.96013605056933,0.34515300425629314,0.9682411581958177,0.3991069216468255,0.9234019112817854,0.46643503144577786,0.9707622049845963,0.4556467017623784,0.925402602153741,0.4843616991588636,0.9696439262378161,0.5029226448120883,0.9186821315045749,0.40631403631971863,0.9915218627387459,0.6945449449615809,0.9682044430050966
21321505,14577834,1,0.4377229792488143,0.9906293291912875,0.5706828101769581,0.9601914539938283,0.3535398403360823,0.9832340195159253,0.3138443414279589,0.9021955703291782,0.463012225864214,0.9557382764749905,0.32018771512150246,0.8633123011611448,0.4968236805612303,0.950322946331207,0.3616454438660952,0.8956799304857757,0.5132274327471106,0.9871897634882817,0.521688478345156,0.9674253105555954
18722984,5080720,0,0.31256486677977746,0.9945510897393014,0.5021862087936235,0.9492458557628692,0.30655224190212516,0.9749896475288697,0.38094915511828686,0.9461952527138294,0.43858452171900725,0.9638314611501686,0.41119552629843603,0.9258416114238059,0.41871678596449013,0.960145798067946,0.4286557238135046,0.8710084999681,0.37761626127366354,0.99034349031014,0.6172131636486671,0.9674032287550056
19409756,19080745,0,0.4098365034452472,0.9973213330485704,0.6038890560721157,0.974477118126819,0.350785052877136,0.9718388797867794,0.28705392035154254,0.9308316344678818,0.4857490909360173,0.9772720583985895,0.43854050510694287,0.9469869806213072,0.5183007750797813,0.9707190543234719,0.4655140745293064,0.9094263860331223,0.5066239081181008,0.9834622358220416,0.5826591513540729,0.9536224521385512
9355156,15700440,0,0.32252255236927563,0.9841797491539778,0.5501881245420306,0.9563343387684327,0.2994912520182734,0.9901494015807137,0.38943496839121494,0.9299722393388055,0.43428079815841947,0.9624305703817725,0.4479134027917758,0.9048495099890733,0.43415402076312115,0.9641009678103355,0.3563877663874595,0.903714363343645,0.39419070621425134,0.9856399496947529,0.6446382669876245,0.9714115806833794
3852700,8400507,0,0.5609331103090609,0.9928474247563248,0.606152454898967,0.934925951434511,0.528811654789574,0.9858042829606852,0.44363689037162624,0.949135622931374,0.7077388745001844,0.9882006524317011,0.5117539303008014,0.9459367804736278,0.7109718796211139,0.9896486569894427,0.5584085754032496,0.9630876098527626,0.6420982157725305,0.9949172086215108,0.7003369863300809,0.9672844353007054
6037295,11560551,1,0.48740468433674805,0.9912581025296413,0.6140316117661324,0.9551454524971915,0.46362063981380675,0.9944897149269317,0.5467680770417396,0.9659394939134404,0.5868069483728081,0.9902263411366611,0.5110402341928468,0.9616135052664958,0.5993925231146927,0.9903964515109002,0.5682318790695843,0.9671092931862663,0.5678244847043239,0.997058891976767,0.7498765506799295,0.966761376393072
16094377,20637944,0,0.35167302309892595,0.9944912068039887,0.5157429223071448,0.9583013479315267,0.3238411661160777,0.995601254044273,0.4014970415448542,0.949218293996913,0.5091391093493334,0.977273646207413,0.44430574082139285,0.9433658860224349,0.502879847044516,0.9787817825800074,0.4434060807675634,0.9430465130288439,0.44257925802419473,0.9933785652438502,0.6352967839372525,0.9432354674408058
7034069,6270868,1,0.9718903860091533,0.9978348893617326,0.6737908508429811,0.9786993948143459,0.9258684324478476,0.9981657847822041,0.5774103401597979,0.972622824941909,0.9629295998328116,0.9976244337924531,0.5671059518775505,0.9662832905225428,0.9429257632759738,0.9993071283136066,0.562517279554604,0.976308211067971,0.9824962555288654,0.9998517311195799,0.7733299703392786,0.9864084224340843
20559733,14484136,0,0.813098412635222,0.9972593299827125,0.6779376101148264,0.9716244353671345,0.8732402889915656,0.9925200180600862,0.5133514442405649,0.9631476972564355,0.8699504873294855,0.9889822906457784,0.5669237547606443,0.9139214341268797,0.8838492183537034,0.9950323118774118,0.5795770361179055,0.9528612472818597,0.8452193039431727,0.9971097035244452,0.7067366859000696,0.9717353724991633
8680491,1468131,0,0.5223613930207286,0.9887580088598515,0.80768486067411,0.9398757080308023,0.40898076320439025,0.9910963899330708,0.7326713181210105,0.9706639977432334,0.5878392662058207,0.9912046653072254,0.6937622961892393,0.9475380174606193,0.6177252407183683,0.9921404687800319,0.7137183099450725,0.9622451696889124,0.5911163507095254,0.9909951883369672,0.7887618581512987,0.9474257598643989
638175,1175821,1,0.30515866030528005,0.9978187758350769,0.6355673050429158,0.9818755556096989,0.30654200345319643,0.9928421283756573,0.5053267364608284,0.967891528775101,0.3609018578093172,0.9807953137708568,0.5084031460641427,0.9401863903521116,0.3810269121746388,0.9875672186657031,0.5387786627497229,0.9658751904018684,0.3585314826423203,0.9957299560177868,0.693846550588875,0.9807992571466987
3175529,11568400,0,0.590181004992651,0.9921256299361971,0.6029547299677604,0.9603166465328001,0.6446579897612262,0.9948760459625329,0.4332316690796234,0.9403047869664664,0.6900157197503194,0.9852282962346428,0.37714622540068354,0.9529317990800049,0.7133548594752155,0.9882294789410102,0.5309048764587289,0.9616394798714839,0.6622525394380294,0.9932931197415242,0.6137347943270746,0.9591739958798722
11988852,11771875,0,0.8734314465801735,0.9968832135594954,0.7778282522796695,0.9863661114276925,0.9772277837642268,0.9936012387789164,0.597730287440929,0.9783983525029396,0.9624169857743811,0.9959030344914145,0.6506305568151489,0.9711768067916281,0.9670881561043025,0.9966043108047836,0.7268994344275835,0.9759909789109618,0.896329888753388,0.9986636008031399,0.8272390013146669,0.9895961095637505
23370570,12174403,0,0.3300121157730194,0.9974536786122985,0.5878282331005229,0.9442881125718946,0.3116144796366054,0.978375624837386,0.4443797269218792,0.950171004413969,0.3982915258488399,0.9782329401687766,0.42762990987402616,0.9434251309923337,0.4252434370882091,0.970926099155374,0.46814202980579767,0.9219354742732854,0.4099109275665456,0.9864839703737588,0.6573715880733421,0.9538771751247731
16576182,153271,0,0.31026479649396665,0.9966037663923539,0.6523006805805096,0.9564323284598163,0.30631495980737045,0.9917987118831568,0.5271075194984147,0.9693988145357187,0.37782815706125805,0.9846568692722937,0.5130512819728068,0.9471332165442493,0.40565787950123317,0.9845093047154274,0.573264202585914,0.9534339442684399,0.36852400437166244,0.9960686353566854,0.6837092175803707,0.9714276870649635
18356796,17630908,0,0.3817255597179805,0.9950987843690186,0.5309976782197183,0.9473157523250814,0.41527782234030314,0.9920897901038872,0.4174052320115127,0.9498707121724772,0.6475779269572642,0.9834400764898586,0.3905536144651135,0.9131304527762893,0.6374685163188272,0.9818331629752739,0.3787032621325964,0.8950134928411319,0.46137724071112596,0.9922494312399504,0.6240550056424671,0.9421872377844597
1257543,19480308,0,0.9293919701237485,0.9956944211064614,0.6900753097941774,0.9598288752810729,0.9668412977662451,0.998136968904709,0.5725358144171986,0.9718614976923249,0.9098089802322956,0.9975075618949318,0.5193395463745711,0.9642669009362753,0.9110745834732009,0.9967157647380357,0.5131088775309944,0.9669845911825352,0.9435454325683061,0.9898810063860436,0.7013178685122318,0.9575113140140564
3935836,15561074,0,0.41688913007803147,0.9980934206150186,0.7056014069572756,0.9666605670087227,0.38824964247148563,0.9948175269198654,0.6696041009569862,0.9758512774149553,0.5166198986728976,0.9796207528344463,0.6134608804069466,0.9256137740652549,0.5396249944468803,0.9828217443154189,0.6422850498082133,0.9415236781282358,0.513248478930096,0.9928070708873014,0.7937061324173681,0.9667773373000709
22043834,8856524,1,0.4480447487700098,0.9925861096395062,0.787944234906276,0.9601488913389108,0.4246955307006217,0.9902818757384494,0.6597181846164163,0.9783099195716747,0.61839077282475,0.9895241510478832,0.6466211151362635,0.9387338006408696,0.602837270954854,0.9892659724967889,0.6109169944151029,0.9217338744140837,0.5398050451972477,0.9954379595351839,0.7554417566414218,0.9711514168326907
3732503,14050307,0,0.41558741879946887,0.9972269827786918,0.6445914016779888,0.9668779481838582,0.41397739370933184,0.9916404418959937,0.44423007609498555,0.957077973719626,0.6015384617852202,0.9883272273871283,0.5761928215153431,0.952398653845674,0.609597441888974,0.9900606552193516,0.5756827533453761,0.9613660247810506,0.5017670629988698,0.9972541814736631,0.6918386044700208,0.9758941924267404
21295022,3088336,0,0.5720407477730508,0.9982102967663125,0.7923238676045443,0.9800189299149604,0.6351175954358455,0.9925322293016346,0.7139657575627549,0.9732267963865816,0.7089956663018344,0.9921649172046015,0.7460286634225413,0.9557636705104114,0.7398316279158745,0.9908409926109579,0.7046683919361568,0.9446430921256208,0.6515582584910641,0.9940037667787388,0.7955276323285052,0.9670495512307102
9371509,18427451,1,0.6461602121458848,0.9966034754270864,0.7860429449532982,0.9632379012384578,0.6984058724518866,0.9988623489378993,0.6272174249811868,0.9818905240275255,0.7493975516701216,0.9902013490905794,0.7266069094057026,0.9548990230961626,0.7485056394886237,0.994734136674251,0.7185483737757157,0.973014568961416,0.7149961679756082,0.9995301077883922,0.7997683630615149,0.9802442078280507
15588201,14555517,1,0.6866991757242643,0.9942228908734554,0.7265621331076724,0.9734878459856084,0.565958215591618,0.9924104896882973,0.4472373130254864,0.9541292951498436,0.7633039167755461,0.991191040060498,0.41138526361149397,0.9577029325291682,0.7657153841370263,0.9907024519042081,0.45689193691888375,0.9578393653263048,0.7470849774939055,0.9959590295886138,0.705497847090303,0.9714740536035269
18565406,576772,1,0.8120329044577814,0.9989878090428477,0.7316537042275636,0.9778595938757867,0.9193517190270756,0.9914427266380582,0.4994881660480216,0.9562381780044968,0.9336507864161642,0.9974510434901287,0.5091885400660737,0.9538199011183413,0.9452244917533131,0.995710044565075,0.5099289340452803,0.9419561796353458,0.8525290374847605,0.9993637290600438,0.7602942580853134,0.9842748349056989
18034360,19925085,1,0.4938447496371536,0.997207821525828,0.7176909929682336,0.978708838809204,0.47969197581313744,0.9983667070349195,0.6308660682453755,0.9741289775628206,0.6239492815217035,0.9886755415898735,0.6406805267529441,0.9179626201760774,0.6445220603959461,0.9938102931840352,0.7152128246161643,0.9458902261165978,0.567812358126657,0.9947849064394337,0.7890488332797663,0.9717320870915569
18365562,250595,0,0.35862682570486754,0.9990272925001803,0.7477667575836946,0.985352693619226,0.3410251235806932,0.9842606212780203,0.5935962743899434,0.9657168331790618,0.44298739408166127,0.9894879645087628,0.6502783989392318,0.9229571910064838,0.4751448273084532,0.9928396289168749,0.6288135675307921,0.9642758862893747,0.45215645135057225,0.9931045961322154,0.7909766535163627,0.9774416033405633
7682647,23050895,1,0.5294258754191958,0.9965395770002318,0.7043717710434905,0.9233693200223515,0.47195709221932214,0.9916050209955216,0.6185923579771408,0.9736492478703563,0.5628568923467079,0.9870837030324261,0.6701494140666188,0.9645490565847845,0.6327341229060658,0.9940534102943003,0.631807620941722,0.9205469943001902,0.6175576795173053,0.9966996020311494,0.7118126184602256,0.9448361358659567
1307907,206497,0,0.48968916064521634,0.9901384319204506,0.5493597807743164,0.9625253778420985,0.44700485810815416,0.9887742350303579,0.44987776440742633,0.943884480662177,0.6053767564022321,0.978270569018173,0.45654529796556476,0.9377643228730214,0.586813039033014,0.9776330397327562,0.37874070858591813,0.9380874259600803,0.5572737498211033,0.993433986618209,0.5400202501448383,0.9651165714062588
15169806,8428267,0,0.3242455024253395,0.9877939518854261,0.5306823029729495,0.9594103186156182,0.3122808834082443,0.9944227871476111,0.38861415252138753,0.9489522575904596,0.40873139196612174,0.961401502308911,0.4372383085541971,0.9223297365334833,0.43209184124873484,0.9644027713360237,0.410759365164029,0.9143595003510002,0.41621957335536724,0.9812394546384382,0.6492334513197742,0.9431329304167807
361255,10271558,1,0.7259421462808087,0.9967328985719377,0.7770062119057227,0.9745051494574674,0.8382835267599895,0.9917615731567383,0.7142888955879136,0.9706439435143404,0.920282484554276,0.9839509328151068,0.6760556838500038,0.9254314424775477,0.8779044824322484,0.995782942269812,0.7332933544283045,0.9706490665736469,0.7777743733130159,0.9935861870679825,0.805541225006317,0.9730081463616919
10625892,8535390,0,0.3722050416711878,0.9945950388899507,0.7028619191674474,0.9748870323545756,0.36952302054263964,0.9967527464214418,0.5876280029854595,0.9647842130232733,0.5059968761249249,0.9845015487860541,0.6368148260769078,0.9531609329295339,0.5301437789887974,0.9814058506438229,0.6865213578723843,0.9340756652454049,0.47706605103708705,0.9890624283387766,0.7498918713102841,0.9558154462913003
19576368,1258712,0,0.3789575859279245,0.9902833545983634,0.6265797529985646,0.9620902469526637,0.3300504944347498,0.9747932072614438,0.32866785634062357,0.9324430613969771,0.48241025169300566,0.9592666131207835,0.41625926206381203,0.9110315463320946,0.4802098145163959,0.9591688106789092,0.4094573099423482,0.9002153642946159,0.48204457431667,0.9690121867093773,0.5133417049773037,0.9002522693472996
8693826,657072,0,0.5015408964244075,0.9935668999220055,0.7249705750935413,0.9765017333361858,0.388899132603388,0.9935058998829329,0.3215600082879362,0.9379061243140476,0.5643042027483142,0.9781802280450563,0.43789997471699826,0.9487445546371853,0.5739296926063463,0.9791907681423744,0.4531991691658299,0.9520642518084003,0.578300009161139,0.9830617200404004,0.6556296660187357,0.9500971208724502
9325670,20596004,0,0.46111509234424486,0.9953559950418572,0.6879977789121117,0.9636376391228336,0.3797683155455615,0.9951173791252468,0.51035743248378,0.9635334648007259,0.5000688754222739,0.9832153564156417,0.6939321368287437,0.9543407956492372,0.517405574696818,0.9803022724922728,0.589001480720463,0.9457255597927869,0.5503306330570863,0.9873939315517429,0.7045714095557652,0.9591844070533757
7726775,18880071,1,0.4530272067764232,0.9982377218031774,0.7513474666946128,0.9857427794879104,0.44505668747082205,0.9791512585963493,0.4315860062616246,0.9517064078362367,0.5441812589116389,0.9903336662652353,0.4593010084225917,0.9481997082637762,0.5800919303415634,0.9851435169414522,0.5105397632587582,0.9475161165327946,0.5441913613262008,0.9963907199386384,0.667944235145985,0.9648869274575623
16809623,23574721,0,0.3937319782633076,0.9893948258087167,0.5482971220810233,0.9255456905954136,0.33664143699981897,0.984964667403514,0.48022196534874173,0.9576606491545654,0.6989340119793376,0.986306873298217,0.46157751827412996,0.9435724870294444,0.7505892627797669,0.9905743918159824,0.4803411597434698,0.9500707653189743,0.46114898146542893,0.9881877819829498,0.6685718061509331,0.9233076015888845
8015400,8265645,1,0.46178202500688104,0.9959110078881974,0.7597478342102063,0.9732201023471938,0.39209952164591444,0.9982666635646444,0.7290811359993772,0.9823670888036525,0.6311357887250852,0.9933026184744363,0.6402146169445289,0.9436106716631589,0.5768712302199646,0.9959026082151698,0.6002057402651673,0.9104330527473952,0.543109306437549,0.9978739369502905,0.7998345614299632,0.9765835648150301
2326683,5271797,1,0.8727755747783026,0.9949206160668052,0.8230096721677538,0.978058378789605,0.8623431688569234,0.9915395438259872,0.6234179526679159,0.9722299829921627,0.950036047476824,0.9948112525204782,0.665941229857455,0.9677365949679817,0.9050299496556766,0.9981170550418976,0.6463369882414176,0.9488445514445012,0.8978517883925036,0.999308721710258,0.8256685908487358,0.9858095436837749
3672078,11896430,1,0.2952188614848348,0.9931532202856348,0.5647339358860368,0.9447661202304147,0.2944504768644849,0.9672634170609886,0.39021428921795975,0.9275697162546862,0.3329786508940877,0.9696525130346799,0.41796945052663714,0.931109752391851,0.3361286156926498,0.9618857708415643,0.4295049998132743,0.8993361236859834,0.32163341834350356,0.9871247807248839,0.6006265049024938,0.9695938575408117
13216961,22717359,0,0.6120075561604836,0.9976174766825133,0.807305694440472,0.9819914627134108,0.5991052659801124,0.995144015508294,0.8001269326789767,0.9811376609925949,0.7355253616944332,0.9910804205678532,0.8073678482466324,0.9485825127863443,0.725843750687597,0.9941281334517628,0.7907492168479235,0.9539345781990541,0.6878434955780774,0.9969540042122487,0.8970803619368837,0.9839139447695503
23010293,12214439,0,0.3154076950081024,0.9938701727340555,0.6504759226020445,0.9343783009820296,0.3121126183706431,0.9821706640605196,0.501315237640791,0.962980174964208,0.4003668694643711,0.9891365120224116,0.5290952847309724,0.9520484056088644,0.41930464053738986,0.9836160474356505,0.6018301558137096,0.9465778907449276,0.39255856626079155,0.9949276524843701,0.7162206278219798,0.9612153662975268
17360683,14419083,1,0.9150318697307999,0.9945467791542494,0.7471665473405313,0.9688399045695715,0.872056457077755,0.9975090372959247,0.4206826458993551,0.9557435783049087,0.8808392210258427,0.996777004591414,0.5810309842972731,0.9681121991045595,0.8870789076964513,0.9982967686142998,0.5890834041779605,0.9573018505620751,0.9302613249762485,0.9974002183976999,0.7265510550684935,0.9775222860459755
13999345,20806023,0,0.9533204511545185,0.9987383300688155,0.5050120456623053,0.9563143848707369,0.8864978786717401,0.9937373412637195,0.3307724822666154,0.936728942410561,0.9237325269022783,0.9970864550925617,0.38576720528214614,0.9628683985005521,0.924411195297803,0.9952731342376532,0.47044153468504,0.9601080873439299,0.9675827762795098,0.9956251111501432,0.6257119660959145,0.9696032885096681
11305839,11322572,0,0.31597961608491765,0.9989304637167855,0.781270271144406,0.9848634771801613,0.3099034667320999,0.9971445754839666,0.5821538181351901,0.9780673834560529,0.4078607506864448,0.9841862153950574,0.5913652189254743,0.8926271794324486,0.4501006298049827,0.9902526012219048,0.670493150200488,0.9612924805550456,0.39060371246173153,0.9960375349940642,0.7575421057990481,0.9659657031597021
12718571,9760847,0,0.588813334294119,0.9920087987842643,0.5842815495188562,0.9624169989462154,0.5924957876776873,0.9980192797158065,0.5209032161637169,0.962839613192739,0.7493904926411363,0.9937948530722455,0.5250587270954085,0.9648473464419149,0.7782069456708383,0.9922216065371067,0.5812132099839052,0.9682321301680307,0.6645235766544991,0.9967095308607744,0.6734447642500964,0.9736901369415654
10453631,10742462,1,0.6350695649962652,0.991484793861582,0.552885370164234,0.9543930033526206,0.6442929430456652,0.9928572846939425,0.3822883329180744,0.9460079038155691,0.6678848611678474,0.9858767030433518,0.5768989782290762,0.9601672827003768,0.6816080916980387,0.9850417550666934,0.5475261966942329,0.953263809577427,0.6988174338049838,0.9931219784572202,0.6601294712790452,0.9530521402975025
18098931,21370186,1,0.8240858272547559,0.9936640308151106,0.74031177050022,0.9791187684730517,0.8300144765970903,0.9884633206251584,0.5601666377018465,0.9677025183759304,0.8046012163109595,0.9855206424770606,0.51854688893134,0.9379441314529057,0.8921018409474826,0.9939039372834816,0.4981614775364558,0.9421199356411512,0.856330115048922,0.9946136578585824,0.7590068574871189,0.9759085836788948
1362134,9434056,1,0.5424380217497472,0.9950549678361598,0.6953674407752195,0.9770104179680218,0.4417093725071598,0.9855378060822294,0.3948725995961876,0.9530108075434062,0.6875897865230345,0.992230160908775,0.4868818592252726,0.9616782512781192,0.6988878404967578,0.9918300061587402,0.48833947837304204,0.9533319078736671,0.6154602674478518,0.9970447467600557,0.7499388661988315,0.9849522096872423
17724878,288978,0,0.5987282275312555,0.9915266109369874,0.6976086000100922,0.9608651895448403,0.5764746691022331,0.9920340677501728,0.7129149383494349,0.9781132671392796,0.7762590181362236,0.9932015561893452,0.5904767440800507,0.9583478366871478,0.7773139456654239,0.9943660123168075,0.6054845020945278,0.9688141923696361,0.6626918352143109,0.9963887739848956,0.7294431519004184,0.9673705105535103
3809086,3402503,0,0.41577328553104553,0.9994908087920932,0.760159257798124,0.9882236099140507,0.40637511148082006,0.9963103826423353,0.7614259984162598,0.9819079022584705,0.5517766363198916,0.9923239335050256,0.8122764491049055,0.9614866449614766,0.586771946778234,0.9960235629141758,0.7419458960244903,0.980478027457969,0.5218435390055819,0.9946137617368386,0.8160342465453854,0.981830052406439
5400742,5667973,1,0.6102456322560078,0.9960258753190715,0.6894981074582055,0.9613281457098752,0.6296417613342724,0.9957581916307462,0.42053944640141927,0.9529534828999136,0.8197640407347961,0.9928069976680886,0.4140613092695342,0.9539047814582876,0.8235774589557436,0.9913836904992583,0.40403364352138094,0.9622165907200662,0.6772760983832624,0.996272320145393,0.6502786085246556,0.9640299642286605
15596950,3584277,0,0.702976560227272,0.9963690860108442,0.6444932387124194,0.9629414807945791,0.588120268326062,0.9853308113138647,0.40730379360246516,0.9575327263088885,0.7689286185380618,0.995938927990145,0.5106414033828561,0.9577545878521283,0.7066819171985366,0.991611491254159,0.5023324804564371,0.9547596191343255,0.7683392579354383,0.9991734001486178,0.6178781721966493,0.9628705843089195
250595,21320070,1,0.4329025788738227,0.995871296033072,0.7303124377858448,0.9720533132806543,0.389314804801641,0.9801505534378914,0.6167753794898057,0.9610951262559635,0.5410065594543235,0.989968251669217,0.6588254260816271,0.9706745231375037,0.5575940093871864,0.9889861390645495,0.554094073690387,0.9351602710607945,0.5251212679272146,0.9921553461976306,0.7601482594248208,0.9652452230440055
13514558,9398635,0,0.6240074362898281,0.9996788818986839,0.6818263653868234,0.9816945392066798,0.5525438155885344,0.9900227198335341,0.4806330679583357,0.966203259347264,0.7842730211183208,0.9947169931169342,0.5422379640744919,0.9645120790887698,0.7500893915613955,0.9885748636356992,0.5574122254351609,0.9490446432316986,0.7008649573902113,0.9956657176220853,0.7712706593971039,0.9808689781008364
390532,2325202,1,0.7764225561692859,0.9900433406181712,0.7901976612192659,0.9746940527164862,0.6691282119203468,0.9766816539168697,0.6819476413790087,0.9304649894810627,0.8404568365196238,0.9866337392512923,0.6248964880388945,0.922995085045135,0.813347708762164,0.989262755557116,0.7355075733332148,0.9236027695347586,0.8208485782932651,0.990707162045229,0.8306563727385872,0.9618446001633323
21234511,19478367,1,0.30486004092757724,0.9986888933310848,0.7644108730336046,0.976615476404918,0.3091268049476172,0.9825959775600135,0.6919167763570491,0.9663819557081615,0.37451565434278694,0.9928356016905205,0.6399698328580334,0.9381991168479079,0.38574665943632824,0.993476390055355,0.7368417479073666,0.9642674930820899,0.3632108785629667,0.998122229810685,0.8424613987799335,0.9754732291900007
23349376,10384704,0,0.3339168340429147,0.9949718058454117,0.5852924305691272,0.9516135658796708,0.30689011090074697,0.9817113733948054,0.39599770142981583,0.9376485580990703,0.4449072028904599,0.9709528115429455,0.424425573039131,0.9402773183486798,0.4579694998311145,0.9637897375546683,0.46213959831169105,0.9124867337099394,0.42442622569674926,0.9873726404366634,0.6280708888902389,0.9661880763351891
1888878,21979716,0,0.38373785524388937,0.9961648167049234,0.784934061248974,0.9811278099604656,0.33101771202997626,0.9965353583217145,0.5585960957597373,0.9675246554307577,0.5415079225671556,0.9899699289063842,0.5774907243800227,0.9552657885803076,0.5472235538184493,0.9869457638537238,0.6507223268519522,0.951405634009884,0.46963360087107525,0.9975832895361902,0.75565572770691,0.9811304771138988
10937085,8625347,1,0.523137510960228,0.9965044327984813,0.7575213309463809,0.9818658525523282,0.3932387802632041,0.9910238958151767,0.6016271501010662,0.9721372091547407,0.6502141739092634,0.99075894850425,0.7238178373267188,0.9617381045152427,0.6223080980102846,0.9906031033892198,0.5613830276272537,0.940249366819861,0.5955557133808765,0.9920306310657871,0.7496607344393549,0.9749789099503837
3743400,4871307,1,0.3123924926870173,0.9962431035729462,0.6176545639780762,0.967674345210704,0.33069875852061714,0.9739347819272954,0.523498740548616,0.9387727245461374,0.3980812855206236,0.9722229552898032,0.43004320859286616,0.9385569322393411,0.4390500201228243,0.960982781133898,0.38355969644481813,0.8653328910326409,0.398618619907525,0.9748628426343375,0.6232189620822757,0.9261797775562063
8248731,23677119,1,0.3408483411139076,0.9946404239454156,0.5881978527263243,0.9675943132461582,0.375499273079342,0.9783328406082498,0.4146949441492185,0.9429338569735249,0.5059615271849918,0.9766788213038596,0.47001931194281676,0.9460581019917607,0.5370967675819429,0.9725364198760564,0.4464309082839668,0.9332950698508551,0.4337263420365125,0.9937486081729859,0.6262419178509018,0.9597113059279878
10062076,7095415,0,0.33080404172115513,0.997559343471851,0.7477144965742573,0.9815052779357465,0.3364876967587803,0.989657417999443,0.6232106166889623,0.9705634891266818,0.4551094428270135,0.9887309947720284,0.7034703454154202,0.9681424543151254,0.48068830893230075,0.9905955047299287,0.6604261318481404,0.9629862462650589,0.4233636871650424,0.9966990176287716,0.7784441330981344,0.9862171183722472
17212288,11548510,1,0.6578960314497662,0.9983667180135046,0.6715878401137532,0.9602185187663517,0.6383239812761612,0.9937739094308025,0.4773362795942768,0.9516034954518084,0.7375904425324122,0.9925749334851314,0.47866934494485014,0.9673111281873159,0.7412001010801953,0.992527714848961,0.5299470774334493,0.9591429846754208,0.7166422765670994,0.9951190637776774,0.6862527512895937,0.9689663044701012
19483244,93208,1,0.5795511239764082,0.9971316913960624,0.647887843307118,0.9655686719868958,0.5067590191083413,0.9886713829263798,0.5846912492330393,0.9637509519880219,0.7652597834554726,0.9953431083918584,0.5354190600105085,0.9747677470048308,0.7651659703238534,0.9948930789030046,0.5313200525091766,0.9670081361958435,0.6465257732799543,0.9944084649967814,0.7369897750891268,0.9657425901279707
5471672,5645175,0,0.31801380717494043,0.9958785678514174,0.5171895218720298,0.952907161016694,0.3445653920624813,0.9524272414015676,0.31342546619620426,0.9009820881149686,0.46606127897066635,0.9544907632541278,0.4037670764951572,0.8680561629789268,0.47971207572165814,0.9533630593027195,0.42869077874906414,0.845310063860273,0.38948151423211985,0.9785070322162455,0.576576127865864,0.9335527339708914
7760990,9127823,1,0.6456168725460046,0.9975671594099564,0.7047511641160616,0.9745137430637715,0.606290426273812,0.9982213410813616,0.5514272080660942,0.969874173587988,0.8292168671064781,0.992655374815828,0.5502637937549899,0.9514949193026115,0.7937196691771845,0.9910084538189478,0.652831698614229,0.9443523591960529,0.7104262300041961,0.9984552696847114,0.748734033247634,0.9858357566162608
22328842,4681906,0,0.34856869998194545,0.9973985590826063,0.7949557329646275,0.9859375360760261,0.32413661894366386,0.9949441487465119,0.7318123914558439,0.9811769695917916,0.4740017605442639,0.9935290072492573,0.7041576844052855,0.9486369172900884,0.46895793829858334,0.9933097981849109,0.6661304225286693,0.933860975656234,0.44372454925581567,0.9970903818518463,0.7855852088602696,0.980381504953964
7682331,13902981,1,0.4833933278187253,0.9867832934860566,0.60863169973062,0.9382429108204839,0.50761792039804,0.9897798397339426,0.4020144695645772,0.9551977308765698,0.6390500675928162,0.985777461511247,0.5481666528389237,0.961295278025871,0.635292516579185,0.9864421123035321,0.541958858478515,0.9641773876315785,0.5544572266339998,0.9911467012737356,0.5941337135886795,0.9433027276536151
839266,17729553,0,0.9629128384460459,0.9933113336997114,0.7147660641847163,0.9724102832867341,0.9619146086485896,0.9941442782107197,0.4400051877444301,0.9615013827971222,0.9352990003782843,0.998614533944282,0.5554058733527503,0.9547593160287532,0.9191090128685114,0.9985021959662943,0.5670765644982545,0.9641195036365153,0.9746036171618456,0.9975825679627637,0.7268356184162152,0.9794643125448772
126187,15503077,0,0.45378467622500573,0.989261145922778,0.6810110157431027,0.9296505795532447,0.43321086234140704,0.9908869177019256,0.8747755693984848,0.9785157136239115,0.5487416130822591,0.9927710633259805,0.7011775408276639,0.9737584651783113,0.5651328756980086,0.9886785328984392,0.6603103475099119,0.9380398232120293,0.5653785953535339,0.990416363729069,0.7157441278130181,0.9370612499707327
14640597,7902811,0,0.3085966453814369,0.9980922942529437,0.6236409964890605,0.9632775233651079,0.30624904850278556,0.9864045753846715,0.40980107559506795,0.9400750162217786,0.4168984463658832,0.9631859930658674,0.4520460998913579,0.9064019403072112,0.41420606484473904,0.9644654185034859,0.5192944799907773,0.9099252654524213,0.3742226483032893,0.9914194607719923,0.6791189115416751,0.9783288598803758
5080720,18196382,0,0.31219710052483096,0.9962029916263306,0.5072290448742216,0.9501479346682908,0.3094722859228122,0.9658108666539691,0.380497133835762,0.9376921515962813,0.4112033931172338,0.9603288209363243,0.45254269126111957,0.9142104561734945,0.4220088334801124,0.9578053902002812,0.48984004903722855,0.8847882745234188,0.38221027444090844,0.986980802288645,0.6421220081646528,0.9684786903530275
19979783,2031877,1,0.38504668891490196,0.9889431870710376,0.6028916471593977,0.9617017879987882,0.3383710334998303,0.9793894625524431,0.43434180365582387,0.945014867515705,0.4751462022064685,0.9744267833476123,0.4630856086990488,0.9469738687431647,0.47696307156408796,0.9773732415890486,0.5260056906338315,0.9483775575029864,0.48213935296657695,0.9927921032291634,0.680345922866781,0.9768161294478792
266990,23370570,1,0.40619535842596977,0.9958522017592997,0.6140090541258089,0.918345195915103,0.3521784808984847,0.9921675660907872,0.4932595894591467,0.9488735589440317,0.485642269083895,0.9904679882159716,0.6156412396526558,0.9330681853415836,0.5173490178513663,0.9878273834893032,0.5280689654031878,0.9552927993070195,0.49913850177023616,0.9941719653740374,0.6579316467587333,0.9472537195240192
3229363,23069799,1,0.5245257930847749,0.9927967553669534,0.6897335038009771,0.9819588623857584,0.4361903849105529,0.9918955634553518,0.48104604109071647,0.9590049260825182,0.6378485410045002,0.9875164122660267,0.6342863990297638,0.965756691109504,0.6308954912145511,0.9844916864215315,0.4855493732131021,0.9507107940186221,0.5956900035796291,0.9953821576925083,0.7343573025642808,0.9820261964921495
23031483,13243880,0,0.9342727930422843,0.9959795181764689,0.6686294768751126,0.9503261546189963,0.9681474759078003,0.9922907073749254,0.41143996144557526,0.9613451496924846,0.8827884043310766,0.9963649348905012,0.48183313481017076,0.9367387015355773,0.9218647970123425,0.9954111615716762,0.37218954064379595,0.906619552701269,0.952311008645927,0.9956126404153846,0.7304007499813969,0.9604716643162755
14263421,4042184,1,0.5181758884937755,0.9883444336779128,0.5372277877358144,0.9359374043601318,0.6203810900289516,0.9825340351003006,0.3839120423430946,0.9547735063074351,0.6685299785237206,0.9930012948801724,0.5271842370545663,0.9461913587414965,0.7005601567802995,0.9884059388232017,0.4778949706297553,0.9641461442975465,0.5941057716901282,0.9957123347496337,0.6683235222504715,0.9617810059153177
8425181,1953115,1,0.6179484756660969,0.991856704302865,0.5091838831901894,0.9296243313913332,0.5268628774167601,0.9949352240325968,0.3399723627757135,0.9462424423068478,0.6612548927435731,0.9804868339892711,0.43227122195796375,0.9448176397337472,0.6636094657716086,0.9810232636560754,0.4030161268788769,0.9467325618319983,0.6980531837334273,0.9910063529662585,0.5112700569143644,0.9564290404437702
15167113,1676170,0,0.5048422387374923,0.9873199954153089,0.576971472196951,0.96447312108465,0.564161102371687,0.9953143062003458,0.3450595364892881,0.9484453281744578,0.6578673144858765,0.9845088176767665,0.4324173269045326,0.9478070342585617,0.6669114929942878,0.9852512236644574,0.40660566092280803,0.9522581200015037,0.5779606674266464,0.9933509477379456,0.5798152131217149,0.9782252742957787
16810590,2055408,0,0.7486239787515006,0.9962776651890346,0.7374927495344066,0.9721719347991286,0.7553010125538694,0.9962459354974152,0.6743844710440667,0.9745495933286301,0.7747188615378777,0.996487346037967,0.6802837921831895,0.9704389711211808,0.8424477310378993,0.9929529643454805,0.653398200252299,0.952562283175417,0.796644914698808,0.9943064346441292,0.8659154914982998,0.9674051931062202
6226270,9816121,0,0.3978093214809953,0.990609592391113,0.5469619681614633,0.9070900998701174,0.3696468440093423,0.9709189267665497,0.25540068048512676,0.896197690352697,0.6016811904325531,0.966938773675446,0.37917992076104934,0.9165303856717864,0.58487923255824,0.9679394912036503,0.30370237578658243,0.919229522578906,0.4786157842284282,0.9863020915997366,0.503330988259466,0.9195339562546108
2285646,4223265,0,0.3264567015251228,0.9964527527537278,0.46964009622617264,0.959619425640231,0.3310544249490132,0.9742883178919324,0.4547950331402032,0.9444738204218619,0.4370004980130225,0.9685833695891521,0.38613188379491203,0.9175230824160848,0.4689508203289525,0.9633036280044467,0.44807510802399697,0.8841069612885737,0.4046324005918779,0.99043301006018,0.6040251644889396,0.9643434798245056
9918374,9918989,1,0.3027133640671081,0.9967211007515847,0.5469226543690271,0.9664283038033309,0.29711045043397455,0.9801646270313775,0.4039298236676162,0.9360675923244456,0.4098339152760983,0.9655574696304415,0.47050986586852095,0.9163451955006775,0.4111395074018874,0.9653285350620054,0.432708062778669,0.9070153171674399,0.3512056305254058,0.9831681416138967,0.601206847691349,0.9514952726487944
23252484,19935037,0,0.6204399450632092,0.9875400349176605,0.5870469036322948,0.939971445204847,0.7772923062057171,0.9974078639040721,0.39527506838958004,0.9421178431035162,0.873802860875837,0.991778535762766,0.39294074836446713,0.9472996988074283,0.8751386759745595,0.9929704144981881,0.35534128508474105,0.9539666366867311,0.6889890721467369,0.9894471164723566,0.6329461371371286,0.9261597244365641
5673928,18385066,0,0.4279673287554209,0.9818805041579337,0.42136602610831375,0.9067235253267019,0.3955837305830731,0.9695591203008297,0.32878431421503607,0.8993552658522094,0.581560600511061,0.9755251279735021,0.43933237730423413,0.9288526134729195,0.581560600511061,0.9755251279735021,0.43933237730423413,0.9288526134729195,0.5147918466669891,0.9936165280165219,0.43028629027153875,0.9315734336276742
9977165,19875183,1,0.5017714912103474,0.9941245201571299,0.7105414559487386,0.9703888456778968,0.3659946041067727,0.9955333135979956,0.571276082336901,0.9596993251723981,0.5755713462272618,0.9908060617614267,0.650921927627907,0.9684577951780892,0.5756637508337471,0.9906270939514471,0.6653276964767639,0.9676101572407346,0.5748975337275647,0.9935019465820362,0.7427548347674839,0.9785837121047172
8809710,16351775,1,0.4849889087892353,0.9951018558554874,0.6480014651104307,0.9573295900893758,0.4594847078356592,0.9978696920807405,0.4287404085459252,0.9480881848556734,0.6532914160963181,0.9848738252080107,0.5432178029417929,0.9463840262010456,0.6508805543046179,0.9866972262506497,0.521872349721507,0.9587737297833027,0.5549208248362326,0.996767653394112,0.673592771724802,0.9728692581474915
6342277,401685,1,0.5072523887540694,0.9992636420046269,0.7709472018492136,0.9836926071400212,0.5957259519225657,0.9904829902670166,0.6495398412575872,0.9550101648125832,0.6004352715813195,0.9796821058850163,0.49317510033970346,0.9307684512664803,0.6527975965069077,0.9876736924225749,0.5351924559127492,0.9476834212961897,0.5899411720967175,0.9900961512853441,0.7267136186465919,0.9585770398211527
22991277,4892654,1,0.2994818109519154,0.9962537765156749,0.6065034417465476,0.9703807344936127,0.29808016895676515,0.9813207774007814,0.4115747788559756,0.9454986648199751,0.39148985468549047,0.9623103378865964,0.4523604437705059,0.9111725620532022,0.3861912898794137,0.9636923406293616,0.45570631583269294,0.9159518372392533,0.34852408063564566,0.9857494370953583,0.6367058799607082,0.9603346623779677
21601084,21073175,0,0.32849849697344863,0.9883201720546828,0.5655953287437201,0.947480606008346,0.31506869833969947,0.9966646001142949,0.41985440531578855,0.9429915365859811,0.42652978938137287,0.9719548516548325,0.38308194414953145,0.9379557405235385,0.43898020451511277,0.9676164331226038,0.44295584364723783,0.928956280988623,0.41195887337121395,0.9898554570174812,0.5978094583955481,0.9590225812833464
11324607,17083702,0,0.5593522740603566,0.9943372038433795,0.7025940162753219,0.9520565422445723,0.5839993266220407,0.9915549025747534,0.5608240471692678,0.9725034942649493,0.7204616926972645,0.9974281611462743,0.6083934724345457,0.9578044862827058,0.7286499312081491,0.9935824921808439,0.5753142251548811,0.9438880108777643,0.6313715037783632,0.9977830088452404,0.7594402325294869,0.9683063642434284
16822376,14333733,0,0.371225255757486,0.9914413043737768,0.49260025617382264,0.9675579769237826,0.3942460463824896,0.987147073780896,0.4613367322861849,0.9565428684918583,0.48479952087679584,0.9598189669729038,0.3418040129215554,0.9239981191111442,0.48375910224125146,0.9604824662397046,0.3668321456679945,0.9223217605886705,0.4624905417646209,0.9817701897055057,0.5700224195459218,0.9503213096519281
14410764,12044335,1,0.6129389680208139,0.9929086324865372,0.6170305477443279,0.9503339673686833,0.9251205940043231,0.9822694634387678,0.5600527196037488,0.9483936286901621,0.7510057448148185,0.995842522641862,0.515373602184348,0.969606639455285,0.7672375736994306,0.9939712225111209,0.42522816715056866,0.9540658572248141,0.6822844344609574,0.9945113440254634,0.7066017165774721,0.9677535495197143
7407182,2495361,0,0.3215605434578881,0.9928438036976828,0.6790859342533294,0.9762080298543704,0.3368867579536728,0.9851796837069641,0.5194225593784897,0.9670239531287625,0.5067687973238453,0.9821737707068036,0.6001156600098851,0.9194943703643086,0.4872322309946783,0.9798650485570828,0.47887290356773293,0.8812970715687631,0.39578291084209954,0.9952156718913949,0.690088427342765,0.9700238078059849
16553582,3445364,0,0.3220234165677959,0.9885389946026183,0.5896219548660887,0.9715335560522604,0.312166723731715,0.9971407876545249,0.409532231472424,0.9581428700602073,0.44605246513122676,0.9747246528187259,0.5158186596043142,0.9270999124967307,0.4520114824078426,0.9810882563149974,0.4724351744194383,0.9532905506444225,0.39715117126513927,0.9916685284378038,0.7247559664150238,0.9711999300547701
10539421,7460370,0,0.4215345648746324,0.9942801192578996,0.6046194979646813,0.9588891560277609,0.4356546253260497,0.9954432353789411,0.37458406993992643,0.9559403838134981,0.6017239588873208,0.9730840233963588,0.49019615161657093,0.9302430124611585,0.5994814393294179,0.9783611017588816,0.45230501320552297,0.9369342095345404,0.4982062369254716,0.9949204773308512,0.5990898518788054,0.9810382012189417
17613722,16948799,0,0.3132640277120178,0.9952597119357545,0.662750392013606,0.9556247713371203,0.3169847792157661,0.9895593210012731,0.43963235931049827,0.9553783718313009,0.4308136793173616,0.9874929869414528,0.5614407268628845,0.9636343155675221,0.4575377792319206,0.9860395431367929,0.5914836542019088,0.9669021466059677,0.38465621019464397,0.9953462482740668,0.6516917257770036,0.9659155649903911
1888878,5751314,1,0.769899986408826,0.9983694005620185,0.7154602215783123,0.9858892763019801,0.7866101480949655,0.995109133791258,0.4999261899148302,0.9720513546562942,0.8716799311494068,0.9957709881885561,0.6555684587716701,0.9743417347601396,0.8743582096374419,0.9968083276220855,0.5870342236526487,0.9693214452280947,0.8120321801911444,0.9982330545847222,0.8025859351689179,0.9805444870188857
14896033,15659812,0,0.3241055395892715,0.9912644519549453,0.7771284971264267,0.9833089180658416,0.30953450779882713,0.9973958770163971,0.6223433377390741,0.952035655668966,0.4354904300783623,0.989407680502693,0.6973278655849624,0.9784955579480625,0.434771354498612,0.9903194978679504,0.6962661690412517,0.9789141052444432,0.4053504510814624,0.9937450451243873,0.7865976738160414,0.979103788420445
15760850,4684601,1,0.4106120203171257,0.9874861792072829,0.6153286950219974,0.9604098889643589,0.34550646546272845,0.9939879370190626,0.40292973273999977,0.9291113374769855,0.5118120105378942,0.9828218215608869,0.47734819603212153,0.9554974170547483,0.5132717622664651,0.9834284276657097,0.5205719625628678,0.9534413042172628,0.4999944942319071,0.9902687757025558,0.6678613566277061,0.9697939063726891
2691849,85619,0,0.7588077628564189,0.9989547598446884,0.6928228535123959,0.9674831054443714,0.8224566309635014,0.9947376494113208,0.6189518689223328,0.9705284192835305,0.8319402369551464,0.9920647593964254,0.6505423531893233,0.9498448561131064,0.8460292049472571,0.9918385782665681,0.638689772303789,0.943536393198593,0.8056234118768942,0.998868090860973,0.8227955752033633,0.9805267142680144
6644748,10432257,0,0.3017264362657565,0.9986805591016413,0.8395693601803957,0.9832286471136845,0.298786002899544,0.9946893630761452,0.6579874153966412,0.9806824651919982,0.36470565706992886,0.9938500635179716,0.7109096718361283,0.9588298453927624,0.3820558938658333,0.9919327619041518,0.7854501619049274,0.9670731525496735,0.3571941647190138,0.9977187901143368,0.8375884807129818,0.9859314429966445
6908540,9686722,0,0.6800859405940208,0.9911573930070195,0.743742698299256,0.9708273673511667,0.6795245784710476,0.9814813906577368,0.5754008602987625,0.9574052063405615,0.763709488655349,0.9918634949467128,0.5970210525832496,0.9436624907500683,0.7540591194284338,0.9963526056219657,0.64057816013895,0.9546895167608243,0.7433370926504791,0.9995322567754282,0.7497767170313068,0.9840828625211246
17671343,3854738,0,0.670839527649453,0.9961289335453037,0.662308253228387,0.9764028905568917,0.7618273924011576,0.9889200093481559,0.5896707292771807,0.9660233631964295,0.9736093531495004,0.9989155466450151,0.6444354736435813,0.9748093408212755,0.83418922862601,0.9899374058058146,0.6116568113670202,0.9321175420664982,0.7360162434519049,0.9917614524780399,0.7569079411653922,0.9687597452295639
12838274,665978,1,0.33621041619460057,0.9963711140367313,0.7624049740763584,0.9725558700141261,0.3360238253725213,0.9857861469477464,0.8540313940965146,0.9704783817535844,0.44130626765738873,0.9926113490657756,0.7339508002507479,0.9723341059872677,0.4412399408054488,0.9926466619071802,0.708926896839418,0.9645141915678401,0.4285498032685248,0.9925205574143073,0.7896865916666279,0.9690348511667078
9186582,9385030,1,0.461640229452545,0.9985564240556262,0.7581805209485788,0.979525758235444,0.3832813814076285,0.9977921423852194,0.5825596416795034,0.9762441660435895,0.6661872448736853,0.9841203473873952,0.545478355813724,0.9320227487513992,0.6215691182214153,0.9918617441145164,0.5866798617418273,0.9606151403409408,0.5488208006278443,0.997600331975199,0.788335097492393,0.979102376388952
3459078,970638,0,0.8801861389112144,0.9968250112575141,0.47779384571066064,0.9276812205948349,0.8384804410243358,0.9895824534019019,0.37419034270666296,0.945974157385212,0.8457642899601271,0.9948096101536014,0.4869270536262147,0.9616745454106013,0.8931297323055464,0.9947415597012107,0.5012460074180902,0.950249039626727,0.9099627882830779,0.9980812329239487,0.6695195371925478,0.9578773894861121
18600879,2056082,1,0.8659380088292388,0.9941393871479339,0.5982921749353078,0.957199006028677,0.9703649200478066,0.9897758475257158,0.33317430013631355,0.9597960484147262,0.9433950866776878,0.9964124769677665,0.37426017999389194,0.9538074606734553,0.9471375232355947,0.9958552231784642,0.36704194835613646,0.9547702986423594,0.9027367921650847,0.9987902403932117,0.6747504346690907,0.9789866496587938
5021571,19823992,0,0.47637827052741555,0.9970516158157332,0.6181222083228373,0.9767107387373936,0.46883811606318165,0.9988498673079127,0.5105663534993152,0.9598919530407723,0.6824933253378632,0.9897179110413867,0.6176789578074507,0.950449904395612,0.6889679164559385,0.9922546529143711,0.5837683428757553,0.9637773824388851,0.5543934211861588,0.9975009511409217,0.7005189713847473,0.9797776117998198
8893829,21057438,0,0.31195120438139623,0.9961966051075667,0.6777407079412336,0.9673463136012886,0.3019006398732921,0.9949620875054422,0.43351967054500884,0.9493465699893598,0.4217686029905504,0.9745549693544688,0.4752361090270779,0.946164932692617,0.4326082825462529,0.9723605209560483,0.5256834459369943,0.9178970211718123,0.3793100531858457,0.9859325184393518,0.6426281580364172,0.9670005644230336
750310,23087894,1,0.3381509955616666,0.9936298170740531,0.7321668985740837,0.9536636883257946,0.33587862264302715,0.995546340719063,0.5388804618827383,0.9671378905090098,0.4679959037175059,0.9799738806457463,0.5862434105557802,0.9336640995444405,0.48237446213913304,0.9818706582955206,0.590734420268241,0.944345335478063,0.43240100154877553,0.9900587125516671,0.765939709129506,0.947673993700698
20953556,3657883,1,0.7436429611087371,0.9979331941239131,0.6828018952600154,0.9662955016063602,0.7863391109462323,0.9946015033464353,0.6410736478026655,0.9779489590832582,0.790071565588799,0.9823726440671922,0.5423190812356506,0.8961157808094925,0.7657311539921664,0.9971484724260422,0.6938479946227428,0.9681966164573732,0.7990920638833992,0.9975156019172103,0.8197551027558504,0.985931512170961
13665830,9756057,1,0.31633756520345635,0.9969983977036045,0.6238281961956749,0.9639469382677046,0.3029057861150271,0.9837620562798615,0.4465986348745907,0.9319868956138407,0.44738617740696096,0.9798029650300203,0.5736160080728754,0.9457613216437046,0.4171666028779819,0.9796528277357909,0.4976430691555447,0.9053379236236468,0.389039897314224,0.9924444919755475,0.7131063469722266,0.9683738319415945
21022202,9371509,1,0.8842634581088242,0.9976227793820517,0.8015585988379589,0.9757239284655143,0.8113629745562719,0.9990761024072549,0.6406486256930897,0.9812242930030025,0.8523409915324989,0.997745847652901,0.7867639423243942,0.9812094816136692,0.8509265959235484,0.9991092636252522,0.7261573942383305,0.979022006176906,0.9089690807057645,0.9995836410052299,0.7948201007890768,0.9860697256246426
7927385,523070,0,0.38447460884765156,0.996943716941932,0.7451373456331172,0.9534599541820424,0.338932327756814,0.9975250500329502,0.6407193909361731,0.9714441158982964,0.5148039412101609,0.996853343517115,0.7047902916218121,0.9627056378118167,0.5066469485689047,0.9927396109020888,0.752052842571662,0.9454147861656126,0.4889798063368817,0.9983435575605464,0.8316514310013503,0.9779377169871809
16981231,7384218,1,0.5874248746249556,0.9924024249785539,0.76096910313933,0.9486848666655805,0.6042974977766508,0.9974966964656438,0.5893542666889529,0.9737329128207061,0.6485188887758614,0.995399083615573,0.6273003905174168,0.9541378377244585,0.7005739730318261,0.9904318215169551,0.6563796627158727,0.9611431470753911,0.6501478708669689,0.994824395632811,0.8027920018115097,0.9621576982575756
21601084,347631,0,0.5241145036469254,0.9981754182286379,0.7445743211055702,0.9761168441607849,0.46632248586399305,0.9966191657804342,0.5012491069934732,0.9700682211887809,0.6324865432145997,0.9929233096449487,0.553123980014432,0.9449533701271792,0.6476001624879564,0.9911417452967204,0.5707243223531778,0.9599753488869207,0.5955832281472393,0.9986745916456717,0.7686473784615042,0.9832273166820503
22807014,10254165,1,0.5917723835607518,0.9958438125967669,0.7261103858798672,0.9660168947700719,0.6824077958758782,0.9914208804528842,0.6337136780117706,0.9745392913586703,0.7081964774499753,0.9871009591125626,0.6886462173730392,0.9448735055346551,0.7556135362038019,0.9908707025405707,0.7366181215987746,0.9574546831001391,0.6668365220070144,0.9959866402645738,0.7785001841457434,0.9765836445963296
19897048,1908212,0,0.6055821760133038,0.997581985247245,0.7068448662352276,0.9744596389104982,0.5541882671090854,0.9956846534919808,0.5045335948652394,0.9732659576675683,0.6836838667474279,0.9888810298035815,0.5828396861554843,0.9560206702687335,0.7033152777436211,0.9906976549250445,0.6078741441241021,0.9649866139655034,0.6830169248911856,0.9972915550398049,0.7738813993541382,0.9837045355297125
265214,19463255,1,0.5276933841798318,0.997608404000239,0.7214074516524734,0.9764093530738895,0.6594104846835288,0.982853596726406,0.6062107768877846,0.9556173595739254,0.6142199426475967,0.9917444792550231,0.5551284845242064,0.9632116546624049,0.6332780529529926,0.9936526049762469,0.6684557145611323,0.9715294546890006,0.595644732553825,0.9951304982103858,0.7650818745608862,0.9745909905775855
10158740,11046598,0,0.9274947370514378,0.9968667612871971,0.7408196900132595,0.9670115663473317,0.8637709335647845,0.995653264811366,0.5347887547895911,0.9592683876495739,0.8311389725530185,0.9823414984086081,0.5044969832016906,0.8814213703833139,0.8395162993858007,0.99630284563256,0.5553561954606374,0.9504911901750303,0.9421249261931468,0.9977132133372877,0.7678001128140004,0.9804674918997897
588571,19194277,1,0.6960747185058096,0.9962299009413863,0.6944071410370697,0.9547875893110708,0.6002335508018037,0.9859164042415743,0.47506216874930274,0.9691532963468276,0.6536315331223563,0.985486968070128,0.48891821057335916,0.9637913155335543,0.67176899249915,0.9799720304034496,0.43479402109867515,0.9336690547727075,0.7594433687146211,0.9882885991768728,0.6558614850281874,0.9456851876011675
19462026,19016407,0,0.7601827014508229,0.9912364631853249,0.5881588251327478,0.9262342341860809,0.7859592830961419,0.9774887641051718,0.29656361207222914,0.9313003883763712,0.944724196241832,0.996569894287572,0.3113356434683231,0.9381648601543134,0.933578557285836,0.9905617640080486,0.38437753842959654,0.920344256599082,0.8061606973809817,0.9957757533663523,0.5774593124456425,0.9484793676999669
7194282,12493156,1,0.6666385894355411,0.9955624884392844,0.6092341460989895,0.950107948598127,0.626894393735985,0.9935442441530082,0.3660052481532673,0.9523123331645666,0.7277208797052304,0.9852707912525028,0.439047743902129,0.9426347888443317,0.7695431732949422,0.9931445168714804,0.5065449200915297,0.9602609179250339,0.726143049932666,0.9976509826665179,0.6779905746427899,0.9693600300910382
9913187,8181035,0,0.8948862200210559,0.9991563829729035,0.5902747745150758,0.9796569111791695,0.7930960763125536,0.9832810673786547,0.41662189902246693,0.9564664224404857,0.822469801991955,0.9888365019660279,0.437379424404582,0.9300057188320787,0.8213814795942542,0.9888097130159569,0.41050290275785695,0.9246116895945994,0.9101161092705434,0.9930827569562812,0.6793353093464741,0.9613823240940003
6419481,22626443,1,0.9416380733194727,0.9947489527167859,0.7189093918286265,0.9716064850995121,0.9083177539467553,0.9979514610242936,0.7774403034315434,0.9804100424031381,0.8910904779306256,0.9848950381815182,0.7006173841366772,0.9138019957512001,0.9156026881873107,0.9954705382241765,0.7657502066668328,0.9624570277070231,0.9533089886758852,0.9996080542297177,0.8104166773519286,0.9812555412076948
3435856,19480308,0,0.525203658268853,0.9968155541015566,0.5924654095327522,0.9610323249549549,0.4986653562272445,0.997636201433813,0.41359440760625843,0.9584117778652413,0.6456257841353613,0.9840100239892967,0.4293289123120416,0.9517011327535478,0.6528355750402411,0.985960046456237,0.40973318412571746,0.9453971709090662,0.5773361444034855,0.9959484079277472,0.6431045225924032,0.9667585443756698
14488295,17965575,0,0.3055136749439168,0.9946652507634927,0.6573815168511351,0.9612497968629944,0.30309583117988825,0.9843143439234868,0.4533662095247445,0.9461040704404522,0.36884241738271095,0.9786062618143816,0.46324910988237433,0.9379916833467488,0.38710448193356295,0.9731004091793979,0.4940716338924461,0.9433552228091767,0.3575879272243172,0.9946668526266299,0.6689798694035614,0.9611125911405225
786781,19912847,0,0.8362353668192476,0.9974470651541447,0.7346903137909098,0.9745676825866351,0.9367869801676447,0.9820260681104089,0.5264324965221613,0.9590875067394126,0.9708504113829272,0.9990008239966423,0.5437784763294882,0.976280247949948,0.9573579856075624,0.9956507939373164,0.6212662772340071,0.9537930477604913,0.8608113040103047,0.9919595120348806,0.7513161875993943,0.9622141197035903
553082,19147301,0,0.6211404437227773,0.9949745350369308,0.6335773878786707,0.95586536926948,0.6354431402343627,0.9813361452365479,0.4278187375809349,0.9553380892370495,0.7784734152610294,0.9954006869437471,0.504959074441474,0.9240613218082996,0.7884705503260219,0.9956629848816337,0.5062337543573855,0.9451800013133426,0.693398514591805,0.9940332645812596,0.7393809273276916,0.9583262786029034
5706224,9996802,1,0.3335542301522818,0.9993570015568717,0.7633727889012994,0.9682331603193943,0.3110210826872878,0.9934675026321699,0.554005321028114,0.9745466459012414,0.3981208948934049,0.9904125378633077,0.6623111160763453,0.9318495930833385,0.4168156412670501,0.9947784375140072,0.6372656624474129,0.9571882398967196,0.419085158692643,0.9927127502963142,0.7575335243911585,0.9715859961068233
233637,2103971,1,0.5844601668091068,0.9989061530059081,0.7463620801481285,0.9813809925656934,0.51588275813267,0.9930038334996684,0.6515582923948346,0.9757928945368266,0.6658557704087918,0.9958078160909103,0.7098641653247901,0.9769735558897067,0.6798369197675501,0.9946058684004406,0.6594327277180063,0.9622804677043787,0.6577581228474826,0.9995045131071203,0.8349347168565115,0.9888781601788471
13834118,21348949,1,0.6448051834965802,0.9886257294039014,0.6368438440633231,0.9328837050134131,0.6473461226031215,0.9803913172414243,0.29235578080150526,0.9415591584482098,0.77216663233582,0.9927825919648816,0.5118653327264135,0.9581283664534219,0.7499126585580618,0.9873082257824471,0.43526577450482506,0.9448379878721506,0.714133136493875,0.9941672558682166,0.6146628863376156,0.9390720919095823
8831301,15958994,1,0.4623240208727413,0.9928708489244669,0.7018857234501725,0.9773295743203345,0.4106689382461061,0.9938381203813448,0.50483107113132,0.9388491109950753,0.6913255987499877,0.9903702541251832,0.537573043138024,0.9475863333939264,0.659672580446059,0.9900433579589666,0.44689214663896715,0.9443145763219176,0.5403464873877745,0.9953808840917101,0.7429346056172778,0.9705112123909267
13202429,20836129,0,0.5478093888414216,0.9885317233761217,0.5636282865569807,0.9369265110817105,0.5361397086107698,0.9784100929454614,0.6236820958758047,0.9540881928543062,0.591275849180321,0.9914873744534444,0.6285730409794945,0.9709944533546525,0.6905236833911226,0.9927761862260147,0.6468865390009189,0.9348927582774544,0.6156497149017567,0.9931095739010957,0.723419029688726,0.9517097584333536
1989227,4084832,0,0.9688606124739052,0.9949402530603014,0.7667092855631138,0.9822010438325177,0.9653598240568141,0.9948036617401987,0.6228438634323981,0.9612597121427824,0.9371627780444822,0.9971150198253229,0.6409937944502442,0.9550159886468587,0.958052122117493,0.9958890256275825,0.6549160997352337,0.9468272528947609,0.9773524168740584,0.9988248902425892,0.7818731283783658,0.989344338590889
23035433,22307323,0,0.5536472706447515,0.9979864124401638,0.5307835869301504,0.9697435983939401,0.5736414576689006,0.9758555475581275,0.44112886991004596,0.9383115436648687,0.643121445371163,0.9789691987897379,0.3680416081084279,0.937744543549254,0.6609069316381044,0.9782054484446876,0.36624102502753053,0.9228220435904096,0.6246877637500939,0.9915120120237549,0.5914254582147165,0.9719710162384217
13044936,1502582,0,0.7143267858099392,0.9963521198971378,0.6687823736545297,0.9667036364996561,0.9035691869378943,0.9946834330698983,0.6376775216209563,0.9759291042598653,0.7294665666469022,0.9903294861130927,0.6343359034095123,0.9300906226355162,0.7537815206678612,0.9900197397549055,0.5864228168446297,0.9381521485609029,0.7675572265684344,0.9963100151510017,0.780076754485407,0.9833347690821558
1197703,15287811,0,0.5464312952165283,0.9952403256162721,0.7399259420220088,0.9468768737645921,0.46351983390088114,0.9819688961005433,0.38053778583517983,0.952539782356739,0.6975698827305168,0.9837002549323651,0.345440992309045,0.9113572403389396,0.6651794340789449,0.9816911614341388,0.40625693673176977,0.899207532297142,0.6215055117216567,0.9946459979232082,0.6561029367585656,0.9711993224239958
9543279,661,1,0.3159256055974015,0.9924567978778996,0.6092314357378734,0.9221503861948547,0.30090937766331266,0.9892123803956978,0.45998570159568497,0.9566508707575729,0.3862211809416294,0.9777932457444077,0.5040547150942833,0.9293337473952697,0.4012043619868481,0.980596090915246,0.5524722989661615,0.9474813679218577,0.39997270338837615,0.9902681921234001,0.6316255899081582,0.9372888629831363
21177597,21246898,1,0.33380522406498625,0.9924420157182872,0.625784769241944,0.9622689600862432,0.31072680527164126,0.9910108712978021,0.5183075230938826,0.9521127483719682,0.4468013864514921,0.9825311128835602,0.6489979728987904,0.9586872736901823,0.4518212987996312,0.9795236969251373,0.5310453397020993,0.9407889982139321,0.42903864079902976,0.9889690546987157,0.7250230007015959,0.9614551068303109
12078160,13616724,0,0.6697298359711927,0.9952063026189994,0.6627965305212884,0.9825708590327434,0.981046656921978,0.9918724380593072,0.400492161836016,0.9725905378494406,0.8422675402059197,0.993397041854519,0.5033189194671119,0.9439822676132216,0.9357270544593205,0.9940495899226642,0.534588840543158,0.9554530007265076,0.7313651964699962,0.992430956543999,0.7142331461940228,0.9641606424096658
11142914,22434268,1,0.5608690143746141,0.9955257097164235,0.6276868076259383,0.960317359386264,0.5344869121174692,0.9901440349627726,0.39968880680667773,0.9568161286365203,0.6806075445360527,0.9873675386257535,0.503752630825465,0.9590020500172406,0.6793472358115595,0.9871734572633459,0.46142748424919644,0.9577528267258921,0.6407929735227893,0.9914264844336613,0.5975697690437018,0.9655198361688916
21733505,4889271,1,0.33425401899814894,0.9904403672283429,0.6003366229942301,0.9493628255311176,0.3066472774486756,0.9562716505965638,0.37269404519365956,0.9178032014223753,0.4091392550661396,0.9574616086931687,0.34635126537061933,0.9061361481616652,0.4313166448931755,0.948324568316894,0.4026036385308567,0.8818681846689638,0.429525271280557,0.9782565218025768,0.5961375802430435,0.9357826584505071
18598975,18892407,0,0.6948778946763015,0.9956428834651769,0.7949143673084113,0.9721505446556051,0.7446667586976458,0.9911246306958038,0.5829028629022635,0.9689139720603495,0.762806028701973,0.9935204157754385,0.6186461959179743,0.9521621906807455,0.7819590089857674,0.9941118693422129,0.6012899823894711,0.9439705811495568,0.7633771622936262,0.9966450616161902,0.7849245541417779,0.9765207981560915
18034360,11203339,1,0.5060404299188086,0.9966260487156767,0.6867613454510448,0.9495184833697512,0.4396705786998531,0.9817209704020254,0.5245539296115639,0.9598252568915822,0.5744822311796217,0.9848825463650266,0.5040486935858914,0.9619114831158023,0.5971712757250172,0.9781103882175878,0.5578105428390359,0.9411727731128735,0.5913341406780568,0.991266990466363,0.6867973951470017,0.9662483780841026
21817380,12328424,0,0.7083414565384771,0.9921810149066007,0.6674062370872043,0.965993328467008,0.5625664630415903,0.9942235526866898,0.43169960735475554,0.943120696433925,0.7419197660493184,0.9941278889299776,0.5603135049847896,0.9507136930574829,0.745390640493296,0.9933477319738458,0.5326436315552676,0.9525588783172533,0.7714998004864831,0.992944305013905,0.730474545384211,0.9730972385776621
10264652,13940142,1,0.9778597869809318,0.9930189190915504,0.7774732873892243,0.9809363388996901,0.9794000033211828,0.9927367688663582,0.7503274418614587,0.9721300362761234,0.9712931819323489,0.99822212456165,0.7823623937935136,0.9820189829221818,0.9734062554843607,0.996237633777918,0.7642388524006098,0.9679513926539526,0.9813719505380468,0.9999098871311534,0.8420820277232138,0.9851296345491329
631632,23227325,1,0.3100564146418456,0.9955311622095363,0.7590505720640671,0.9802874477944399,0.31025637681171747,0.976857886456604,0.5570985649363023,0.9473803113194655,0.388415408998702,0.9907633826745964,0.5793025449288665,0.9422349393072932,0.4188270073097385,0.9860527188074988,0.5950427325414781,0.9581130158917048,0.37482968770986536,0.9955523202414387,0.7329900345104177,0.9854828678217384
23541001,5378327,0,0.4145945529190599,0.9932382314680214,0.6952272430172998,0.9349804088586404,0.3871300921374816,0.9860414898594848,0.48706964188686086,0.9613473027899399,0.5056793813118758,0.9892500041787464,0.6139079919265215,0.9705497981439318,0.5275138771816823,0.9867388944278268,0.5714008580440857,0.952224102183127,0.516126106941243,0.9960113665733386,0.7243677268075185,0.969870415185315
17553387,21642957,0,0.31750470316507334,0.9985176961179701,0.5492939441688873,0.9516533626138828,0.33027104068964763,0.9707946745981828,0.3811884648076217,0.9324328784396645,0.4657476059584599,0.9677048441015388,0.4442314162456986,0.9089125465349885,0.48365141308775345,0.9668852730289752,0.42729695594417016,0.8976342589171723,0.4019352985732971,0.9840461324999323,0.5950788820424373,0.9671976001449605
9805889,11499032,0,0.4622511162518101,0.9985747727431854,0.7895040291492725,0.9670160234038746,0.44444748904145515,0.9980737280035546,0.5884759234150114,0.9762414783404313,0.5728520158822654,0.9924331492030548,0.6070685895400565,0.9755972384499025,0.5834626250887689,0.9913951556617416,0.6631481431780348,0.9742569203708347,0.5452364272814647,0.9974309473262025,0.7931461030121431,0.9810069585338905
14263421,18465677,1,0.35157810306476645,0.9865868814266134,0.5319954965870841,0.9142998877277673,0.3448392894934187,0.9820311868510819,0.4585329645249383,0.9547562577249032,0.4670090355868856,0.9899509497892012,0.4805564691806008,0.9336580108812356,0.4947780512512584,0.9825739895283085,0.5622852129987619,0.9412075255917398,0.44791502684701445,0.9949670329621637,0.6738858582812364,0.9498428898356549
3058819,13048963,1,0.8360130459172268,0.9902699733131639,0.7259994217645996,0.961022240149959,0.928900573816368,0.991740180940088,0.4650243308710492,0.9588956317405598,0.9019437741927137,0.9962860511388938,0.6257846349489944,0.9582408251047299,0.9070924606351316,0.9958767858235383,0.584070918463425,0.9681049736255403,0.866359027222474,0.996981795236945,0.7114617001502828,0.9689310522330259
10246006,22066329,0,0.5451343520405245,0.9931298203690876,0.674382309116075,0.9359961190231595,0.4351464307228568,0.9747706532496373,0.44787774259003543,0.9412130945068238,0.5697057332462141,0.9893692253162316,0.515903023178526,0.9297167376861497,0.5886219521208397,0.9846764315005656,0.5176390337547064,0.9634949749131602,0.6294530945515325,0.9970174519582077,0.6271248717394922,0.9593965019471624
14284540,7910536,0,0.41291843869802075,0.992112534809219,0.7180395676556524,0.9757778611734719,0.3556097311034266,0.9940691469205789,0.5261555059062102,0.9433796581078374,0.49652972221622,0.9842163620045148,0.6033553256105106,0.9612996777825227,0.49627873405428,0.9854484455738501,0.6125799728315339,0.9645708951805709,0.5022235453593537,0.9898897960993189,0.7258278464307928,0.9672970922723455
18803363,14555517,1,0.7891774241676036,0.9925690376112754,0.6565431677589955,0.9623867053799069,0.9625288917327787,0.9862948503974021,0.5064630839844328,0.9576476376838977,0.8575231430529291,0.9945896043406552,0.5410454570180484,0.9561109060986233,0.8683484310306685,0.9984766450131751,0.57594869995851,0.9555253644849941,0.8297200683093887,0.9989049165205955,0.7816461640667901,0.9738969221073916
21027584,18465677,0,0.34670750574410053,0.9966335743739974,0.6476997770021353,0.9742466038401332,0.3345153126020483,0.9805438970807099,0.4466189047468093,0.9567282917205543,0.40707289836594596,0.9821206219237403,0.501895792841052,0.9292299446984771,0.4382632473656864,0.9736374448819946,0.4744474696040486,0.9329065887091053,0.441139424336514,0.9888785390690391,0.7072218018519004,0.9671308395673346
20296792,14481928,0,0.5748040785549292,0.9900336984839081,0.6833343540808705,0.9468395503416976,0.5177562958881108,0.980234028100798,0.6630314028875905,0.9645968556882607,0.7286363066242848,0.998080474582709,0.6867754594512935,0.9721571234232056,0.7243682192089371,0.9983789270825897,0.6542270017012737,0.9520133649766904,0.6556027263688899,0.9994013380461093,0.7474914823177942,0.9672339176393214
17229913,17999563,0,0.44074163008826317,0.9946007992816396,0.7718057001736053,0.9743626458702775,0.462380885537707,0.9814036113228177,0.6698458401079666,0.9524104237634106,0.5937636664505425,0.9903913855261244,0.6408648909637631,0.9481654503346335,0.5906038489755819,0.9883714604591383,0.6038773382155026,0.9228280618628513,0.540898159213122,0.9959971900489334,0.7845627073340625,0.9781353377418748
16236980,1026385,0,0.5663661871653265,0.9975907876867267,0.5970402397374959,0.9504614670740552,0.3975441219331593,0.9897632931591903,0.8588521250274349,0.9752875447065499,0.7060829832300266,0.9856895519796111,0.7306734291200503,0.9372165889746952,0.6970721263034297,0.9962840415520998,0.7784850993861707,0.9627853282789159,0.6212940272075618,0.9947433584542349,0.7960639305891724,0.9714228759779918
3577507,20953665,1,0.554182694960831,0.990907883562296,0.6013840695308301,0.9476893868897774,0.4167094562982058,0.9946282094098616,0.49329577780075207,0.9471826372827253,0.5993643289067119,0.9842428061519625,0.5474252466477459,0.9499601634824204,0.6030496125671688,0.9836917387371983,0.528640185041631,0.9553739275205176,0.6312657679825842,0.9910879785105382,0.6474007911313484,0.9614545612975712
4577358,202102,0,0.5013816065321616,0.9956232561128385,0.70237675123901,0.9577178666355785,0.3991685757068351,0.9807878407100146,0.3558141169764122,0.9244035221995757,0.5665041710247182,0.9841652281747236,0.3758277412807588,0.9557828133322331,0.5185381802202301,0.9854218597390745,0.39712284623772387,0.936186515797085,0.5760701613797605,0.9913955200734075,0.649949464014999,0.9562454656470903
14038399,16549081,0,0.4443127076698457,0.9950447226684244,0.8048263895281581,0.980222393708461,0.3646907071539274,0.9875437007183486,0.7308109577176178,0.9608616428134785,0.505755843819889,0.991229618135525,0.706073055880484,0.9281634922069533,0.5177913912404873,0.9944741921686406,0.7395508273647939,0.9506227495918478,0.5372212504381698,0.9997485282066422,0.8301159801167804,0.9849246864685155
14015225,6736401,0,0.6223609075979188,0.980159327167324,0.49736025562054753,0.9476194085708,0.5220266093315427,0.9779312123814141,0.2797614594828167,0.898382160309099,0.7284806524714045,0.9810553779084681,0.3769999353667213,0.9264278493914241,0.7311897875718755,0.9833449294170644,0.3520515032785897,0.9424104859047081,0.6883313750235976,0.9888759898373306,0.5731042952321777,0.9524209303753987
13994043,2232617,0,0.4949410839921321,0.9955377344762834,0.5357500243820508,0.950307254614275,0.49412685855788235,0.992732510015674,0.5865707154523845,0.9655127296089717,0.665828914305058,0.9808387848194433,0.5178617928161119,0.9439911934598691,0.6673571610797843,0.981775259734113,0.38092168489737865,0.9425317565653321,0.5725610704489312,0.9962799859542554,0.5905389840290998,0.9747137197138933
15193,2873514,1,0.3083977745500302,0.9972278847095173,0.5876454455194746,0.9626927756309093,0.3089521134318883,0.9835739242598187,0.38699652303777643,0.930010987247578,0.39878917900276006,0.9726105043386117,0.44820401273236776,0.9500390644172501,0.41373874217358897,0.9722707293429896,0.5309071971937449,0.9275324318378276,0.37087815160694526,0.991411173892281,0.5957424799677336,0.9601858786722132
190292,22300980,1,0.3262839579864621,0.9833149247835052,0.6830193342235964,0.9163583891115282,0.3201258917848573,0.9751130843804067,0.5986090289760921,0.9569590126618811,0.4463097139012393,0.9837148420439922,0.605369307045549,0.9323908408230491,0.4163685448957983,0.9848582489428627,0.4992322056819133,0.8982738014147634,0.41369177963295295,0.9968964489290971,0.7599087967614332,0.945585682103299
16386620,10482004,1,0.33557958932622595,0.9972933570714929,0.6560807940352114,0.9737047257630228,0.3253400618262417,0.9936092573155033,0.48888637601102325,0.9603123772449577,0.43584559704488335,0.9609563597441051,0.4495386083261047,0.9102174899488149,0.4630260117545066,0.9697057370870853,0.468730524620417,0.9280929360215557,0.4205719474206451,0.9871097226080674,0.6306505160851614,0.9716553960875189
13099033,2614788,1,0.29901690446388696,0.9931251676140517,0.7536345930758472,0.9729461475965888,0.29541032737767053,0.9911490747692037,0.6104478927453902,0.9467974110469682,0.34299368180921075,0.9901819639365431,0.590697045119482,0.9339387896712031,0.35694599449595277,0.9881087173496698,0.6619251573140078,0.9689409570704088,0.340542604122153,0.9949570770155541,0.79616799483275,0.976767054966376
6190167,21561833,1,0.702122212844574,0.9917829863552817,0.636952393672709,0.9620759127040502,0.7505866661655423,0.9942215775823194,0.3364841184135122,0.9542891988753537,0.7409256484920368,0.9890759908257806,0.3579694931318994,0.945578522258148,0.7409256484920368,0.9890759908257806,0.3579694931318994,0.945578522258148,0.7681210740082631,0.9975359976707342,0.6264031273138111,0.9713271522233361
14800928,6304370,0,0.9197792996219681,0.9865273267091347,0.7667249619542106,0.9316483165088034,0.8082158063794059,0.9956661916894886,0.691083257504315,0.9734342779715807,0.9562393424763032,0.9934558548455584,0.7077375114977569,0.9624670606004094,0.9342443536613998,0.9990649384479005,0.7161115113755245,0.9783290473704536,0.9478525339629938,0.9955417494601383,0.8056944554975954,0.9550915650238281
14446404,10405919,0,0.33672487326940925,0.9918538091872958,0.6346507524917588,0.9617939404332757,0.336513306771039,0.9697363756059035,0.47826272061895503,0.9549525015011958,0.4319016453709105,0.9663175476723289,0.41217447456991285,0.917747657055845,0.43857076973117126,0.9628736479903957,0.405639214102825,0.8985770286888856,0.41967759674942023,0.9848629354538124,0.7145429047748599,0.9505873434476659
17385831,10177034,1,0.5386303135340189,0.9947638162913586,0.7334072319343435,0.9847460131825002,0.3900896924664628,0.9851803152213362,0.4351719065149001,0.9370786894331227,0.6869775182848187,0.9910306063458717,0.585794838917858,0.9662812600154829,0.6109983089728019,0.9843449245158228,0.5531065406610638,0.9124781764859151,0.6098847256782408,0.9857520165014934,0.686677665520752,0.9526493747989322
2511576,13456572,0,0.3654233099999479,0.9897144906025448,0.7263835783410938,0.9412511981307821,0.352789323920616,0.9910260400441683,0.8153874307300889,0.9778988434497987,0.46021583948395833,0.9831848379488404,0.7182709989923475,0.9191885666366372,0.5028726776138425,0.9889401144465692,0.7788205905457494,0.9611515556126199,0.4606432108693041,0.9900496197226886,0.7978927115357766,0.9465195776630054
19919874,131318,0,0.3757296475970228,0.9975191913080126,0.7629226162308798,0.9690415218115633,0.3548433613265528,0.9923025720892868,0.5796427309788594,0.9708582823171629,0.5284923365369709,0.9882985486965898,0.6219464958763553,0.9468426901107382,0.5381237851098809,0.9905038427285329,0.6644728002775131,0.9571966402869788,0.47445832640237245,0.9969480242435956,0.7500772924633253,0.9694594047259998
8558207,13289545,0,0.9291057683983276,0.9926279411354352,0.5885402853109412,0.9441012069424601,0.8768037238578494,0.995337858337159,0.4316331967210826,0.9564615658383878,0.9645913223534652,0.9992435086020999,0.5009840684638969,0.9605505507411993,0.9650931595090328,0.997210769894374,0.3504996424204009,0.9579881595238792,0.9480363578476064,0.9980401226187232,0.6294726949643314,0.9573841567491009
13612487,18314468,0,0.4850159909343792,0.9968999919171522,0.6493275713134355,0.9739387219657069,0.4405500561563368,0.9889046665280592,0.43725729374903555,0.9465180018511846,0.5450517576944388,0.9812661813923218,0.4748874524333203,0.9514086934034455,0.5885019167314092,0.9815982469042347,0.48481599546568976,0.9381935586176317,0.5705526883008216,0.9904693391445898,0.6649517705492677,0.9700679642572565
14945924,7839811,1,0.5492073747082372,0.9889543858987364,0.5805744177359109,0.9525376423659861,0.48029603772330814,0.9897897134906112,0.34390732916176714,0.935717992059336,0.6414642497624419,0.9740570175658406,0.4070781173764667,0.920396950225835,0.6539613679615331,0.973541320197498,0.38506026110084746,0.9150813437337358,0.6114893896054985,0.9848456479431521,0.595990136379746,0.9366016407381227
19344016,20282676,0,0.32406791612782604,0.994565817850859,0.6749352736857677,0.9640664064024898,0.3350003086206767,0.9670783821541249,0.36097609128261954,0.9291650805385439,0.47108796306000256,0.9718090381931628,0.5176253222578535,0.9111152295785196,0.4497247771364065,0.9739102778117095,0.5246236528400239,0.9157923831134505,0.405229680847,0.9918612042606749,0.6579469545644039,0.9764288190730342
8506682,4314597,0,0.4997355403447643,0.9947491196519975,0.7552095431251747,0.9666904339177266,0.40954530384190296,0.9973144661239751,0.6633001343281347,0.9759644471243537,0.6031927483932399,0.992494054740503,0.7728695467650866,0.9640595681728767,0.6060607090306377,0.9920611851286822,0.70324117395548,0.9625631095069545,0.5831987081860693,0.993976628321769,0.7532325168748204,0.9646750212917463
22545244,345995,0,0.8236801553755699,0.9962469494410405,0.5517758096014376,0.9484194958320801,0.8914197742640136,0.9878292309643525,0.43329337476874086,0.9561769157964636,0.9600587542038252,0.9937751134912653,0.4595528931262619,0.9651159254506482,0.8970975141540616,0.9993950245644063,0.527113863323406,0.951089832294664,0.8544983216433215,0.9998054441150701,0.6926945136869943,0.9697887026671321
12759854,9240872,1,0.3317783955723279,0.9952877916827787,0.6203397579131684,0.956598614265028,0.32296319858298783,0.9810483780216672,0.3887712403038145,0.9490268661163122,0.45908907938501436,0.9730418165114839,0.4838719056121564,0.9152653034799971,0.46500868796370987,0.9712679759860001,0.4832420561792852,0.9118893136665251,0.4183957378175719,0.9919268139933723,0.713712671748896,0.9682188056520237
6805931,23058336,1,0.452923679255151,0.9889014468182975,0.6283135149322776,0.9392185498393115,0.3779483881810888,0.9773818951292662,0.45975263519130494,0.9503535248121576,0.5769993948479082,0.9856646855386121,0.5693131217935663,0.9553273907601495,0.586234006172928,0.9783872309902519,0.4503636461072327,0.9319213516126512,0.5424200347991107,0.9950453687080382,0.5581300676337193,0.9512807640788624
11228284,9563,1,0.43230044720895816,0.9991255098958519,0.7828787889346667,0.9784227763372788,0.34493819572309387,0.9973711500079953,0.6907163508857533,0.9803232964875954,0.5235352849041113,0.9956898493926264,0.6976659847323353,0.9621340657779403,0.5134592118278345,0.9960081109840837,0.7313359269271054,0.9616972553044811,0.5334136157981785,0.9926031214877097,0.777951042616892,0.9641636850842552
3253027,775729,1,0.30003818873962484,0.9880676594094717,0.48120254804515983,0.9238276447077903,0.29669535638007805,0.9749422627251969,0.44587801163840346,0.948275876951255,0.3640143932358986,0.97735718801802,0.4414554177902783,0.9325501117382331,0.36121556903116403,0.9707546973695226,0.43066157450173437,0.892619417796663,0.35422044510605394,0.992405651606493,0.6011726515789266,0.9574451465675897
23243320,7396679,0,0.7232551813537444,0.9929911957360829,0.7096857645028656,0.935791586888098,0.8755818841899836,0.9954211138228132,0.5829445271430658,0.962813382671836,0.766210092342003,0.9961670050934761,0.6449657120706344,0.9677096271693902,0.820261581208662,0.993314286652994,0.7066751573090286,0.9673301820390812,0.7765320206133646,0.9950137457961578,0.7868006566066557,0.9549445397048396
6416201,22728535,1,0.368871151205276,0.9895986368290598,0.7052815990218921,0.9612528932548547,0.35017372957860005,0.9927075590795522,0.5100106866397576,0.9549474768924961,0.4968884368898388,0.9674981503138439,0.5416614798071084,0.8975618742189189,0.5204497684201239,0.9760168164536702,0.49993258045887257,0.9206964929819459,0.4795318971408254,0.9875171289899152,0.7296455892037141,0.9605539432986605
22271237,3993124,1,0.8501308669273661,0.9921294466311831,0.5744219079901035,0.9752359722507441,0.7467042158177587,0.9949336456731362,0.5282085533142987,0.9422277697192126,0.841197859336222,0.9965843245032558,0.5555711553454583,0.9648558728728192,0.8425130734685348,0.9958981767742977,0.49314587469728954,0.9644048071276541,0.8782513078776475,0.9907503304975974,0.7345498518933011,0.9604042373431705
20559734,19602724,0,0.5699395667502749,0.99311578706611,0.6874586828991325,0.9712042763536389,0.6891725110682686,0.9872672903360993,0.4505147792915648,0.9621721679191017,0.7708302181416494,0.9876039864537116,0.4784206184528287,0.9247801444534314,0.7746741966823426,0.9868085876672337,0.5676645606637303,0.915864098936364,0.6351129796275343,0.9978222672075833,0.7351334204525949,0.9767651734650563
14313659,118288,0,0.5598265487748264,0.9945968397640864,0.7168983207904638,0.953998027668786,0.5393003021778233,0.9959817630218698,0.5735030438522964,0.975021391258949,0.7196909735095081,0.9840574387284475,0.6160499980227108,0.9056169428705109,0.7255753910647094,0.9947013202996892,0.6847065112413793,0.9575529099918779,0.6334622349324679,0.9971836715991418,0.796724066288861,0.9699611320520829
20023016,433062,1,0.30237751272768676,0.9896074697844357,0.6475212743445835,0.9362304261605214,0.2983089136590947,0.9848986923698064,0.46039418424493994,0.9617024577954348,0.3790183934872523,0.9814571047872876,0.49427751192615843,0.9399624103755524,0.3780619427304472,0.9739575936496049,0.45702429124963984,0.8987447275358404,0.3654419642428646,0.9941132108379405,0.6976533459966923,0.9679334650792776
20953556,18101018,1,0.9623222689849342,0.994183665070246,0.6958711912254263,0.9717459333021031,0.9038598086896065,0.9950881032316007,0.5523517910940713,0.9722084736631713,0.9532284820125542,0.9991636370360226,0.5404867167726821,0.948892001453111,0.9550804753725007,0.9987341118635654,0.6820751661860692,0.9647559094679983,0.9702512736993015,0.999188316509462,0.8089610799114392,0.9811394990818376
13176901,594052,1,0.7017993670558765,0.9947929979639935,0.7642954771013677,0.968712238887195,0.7011475038276115,0.9863904033701277,0.5371999305401943,0.9679846109985202,0.8826431292382869,0.9984580339793407,0.613077858063765,0.9494620225561053,0.8835560135528918,0.9973686111894363,0.5609145153161654,0.943683211667604,0.7641530227629235,0.9931547697242105,0.763267811392153,0.9646236458651688
5456371,20438542,1,0.529909760235077,0.9975710138984166,0.7847932211009936,0.9730081700577862,0.49448257176116345,0.9996322046735836,0.6296285113488399,0.9763784503026037,0.6124474352678879,0.9951510808804681,0.6873453992794167,0.9564981816766641,0.647778026636335,0.9966903746060046,0.7174574142134208,0.9761364277646489,0.6006762668053276,0.9985387305570372,0.8321982100140244,0.9791740627236789
266571,13048962,0,0.8864086833672007,0.9946147423605082,0.7111072448229565,0.9713919442032674,0.6888131199658922,0.9970243596372986,0.5819344188125855,0.9600750163227042,0.899677519225398,0.988505342709233,0.5246269603045299,0.9433552672020162,0.9640526558091144,0.9982842564363381,0.6197654292207271,0.9632623324383721,0.9053871243791429,0.9938322597798235,0.7666522658167598,0.9743937164479315
17957004,11353263,0,0.329069633399759,0.9971208657007175,0.5820362447723115,0.9751226208224912,0.3350910726266957,0.9794721198440346,0.41965854575186057,0.9471746021142912,0.4498122036987537,0.9780075900444704,0.41089793686791853,0.9303305065004576,0.4842457884886992,0.9614787758725306,0.3530577468566255,0.8536619146204774,0.39396313219133394,0.993923416212616,0.5789152233938537,0.9708629488540178
15767021,7015918,1,0.3619893611241104,0.9981258666338456,0.8076338208261761,0.9857864102587811,0.3395803469810242,0.9960487474694597,0.5798061922261873,0.971740512447551,0.46911794328146045,0.9832443292799669,0.6296060457135262,0.9469463655584074,0.5009037258600982,0.9874776412851592,0.7356053747841627,0.968245736608801,0.46614199811563917,0.9932796223221132,0.8083031750456234,0.9750807145770084
23400223,10977091,0,0.3098604101241602,0.9941308142074808,0.6338243473182679,0.9756633194095379,0.30082082697107143,0.9791160794290752,0.4206478467736764,0.9510477879976343,0.41757800916192445,0.9701781591780299,0.5126791510783175,0.9473871662340648,0.41441706456649213,0.9696128267124657,0.4982081985170934,0.9359491602520884,0.379045238650184,0.9823297359513808,0.6585470035673138,0.9502657952339335
2769195,14014810,1,0.304914639348949,0.9958645874523125,0.7343344505259559,0.9759260675542482,0.2982679803882376,0.9951348691534747,0.5854919011814295,0.9734679442651046,0.3886288141576577,0.9810250470696638,0.6635194149774339,0.9280127207192457,0.4070900016120564,0.9833649756676,0.6538987906372892,0.9466342070199923,0.3595527718001304,0.9937998012682214,0.7855383786898698,0.9830083494798734
5869954,12544564,1,0.31731634396794794,0.987941938103837,0.665063437397077,0.971097679692296,0.3138209676693918,0.9879388508239412,0.49027969880409783,0.9501151456422103,0.4274326640949787,0.980731571949203,0.6115239567851822,0.9481562581566882,0.42314423674787116,0.9802638371589281,0.5656222431615333,0.9388007095191219,0.4078720761159723,0.9933358103019494,0.7692440932079294,0.9779631590071185
4193495,17119760,1,0.7388813909787132,0.996936060671962,0.6022238213698978,0.9572201780754028,0.9202862540785289,0.9986509825065,0.2952558812499946,0.9379434349545801,0.9561588088423244,0.9969073595666141,0.3890719388815229,0.9513740199448333,0.9561588088423244,0.9969073595666141,0.3890719388815229,0.9513740199448333,0.8010955370834177,0.9952720133339473,0.5834393922966354,0.9688891083278272
8766831,9656103,0,0.7997898373223052,0.996912086932005,0.5221500587905857,0.9650751250209408,0.9689782905020031,0.9980058428446328,0.5053888593014688,0.9698540830069573,0.949074334356969,0.9989222090549655,0.3825609762712826,0.9635050400790871,0.9530952746896829,0.9972277536044455,0.4041237201411616,0.9616598835015465,0.8375307363176351,0.99887889717506,0.5747763449532877,0.9729542814522685
20640355,9730236,1,0.8794444053548192,0.9969998095217644,0.6626048354590758,0.9498567427308087,0.9777352749686851,0.9976093395116586,0.455007250330946,0.9700964058307315,0.9305954113795545,0.9978807303367098,0.5240191812697028,0.9550154773517627,0.9351501867327393,0.99733254997854,0.4433575877588327,0.9630136046302863,0.904394489457494,0.996926083270094,0.7044141603834182,0.9697367736312703
7409728,12027885,0,0.5465149280108071,0.999232864507308,0.8049770763491677,0.9667238587271074,0.4734503757496683,0.9925769439932695,0.7193027209310108,0.9786404834880064,0.7074913439520393,0.9829279261161035,0.7016764839309558,0.8939499951031478,0.6977817270078726,0.9896494232146211,0.7505407805193605,0.9168087325652893,0.6282151320424288,0.998559014832902,0.8498477289369629,0.9822767525881606
20267318,10829636,1,0.6361472698484478,0.9967969845729763,0.5937616920143493,0.9742954704118115,0.6330330845710924,0.9913669014417043,0.4061111976762726,0.9368275824191915,0.7131039358119933,0.9917799606067174,0.32299535691442094,0.9380023758092384,0.7359444607333533,0.9878812236985798,0.41765943693507446,0.952828764254706,0.7039462229288176,0.9934866512869814,0.6385891461707167,0.9768320286642769
16466520,7343430,1,0.8124402865106631,0.9974534858632763,0.7581457071370687,0.9836895248607262,0.694990004445179,0.9917331965969262,0.46187456767561674,0.9724797007248578,0.7632773051383869,0.993205231606293,0.6499222685013337,0.9356425810887693,0.7837872764809639,0.9968371958047362,0.5525331008110557,0.9617052646392079,0.8466500371383335,0.9894028234204548,0.7466146475434126,0.9601612128648043
16797551,6403884,1,0.8740235217260213,0.9971452474618421,0.6945233067402266,0.9780152137468637,0.8611793009579487,0.9879523089707449,0.5660380299838472,0.9565806934670484,0.9563829556615436,0.9994082572603792,0.5680890820040008,0.9786124245711822,0.92504855794273,0.9985634599977015,0.6252525512003229,0.980723129557496,0.9006975383600363,0.9982506013637362,0.7852935529408287,0.9828257043838479
12618322,11020815,0,0.6783999072848421,0.9971077192750109,0.8242049987641848,0.9777214441565337,0.7644877672862839,0.9838384897576946,0.5855019434417645,0.9692957197902403,0.7723488180604985,0.9906415266742443,0.6568027515757566,0.9587175127163895,0.7929559976177178,0.9970532823851824,0.7459140164866859,0.9758972254202672,0.7405050896412114,0.995368799865861,0.8193233609730477,0.9800158075476595
17530413,15537156,1,0.5569525387457169,0.9987266873618768,0.7117477470216744,0.9713859798986735,0.5384670071596472,0.9852102391920108,0.3597854334745094,0.9488898082436091,0.6778156069913333,0.9883143691793919,0.5429223546755644,0.9582413907438508,0.6898688322864223,0.9859998308154991,0.5529726208965902,0.9417235444675027,0.6290318644469791,0.9955158627182394,0.6873127818876893,0.9792238489020464
9668598,7600378,1,0.9161305132799462,0.9983814330130931,0.7205768812593636,0.964883057784036,0.9462130864355013,0.9868784538649092,0.5197313880352694,0.9697726966047178,0.930657017388078,0.9954393542288044,0.6658230259341799,0.9431072038493545,0.9123732841769252,0.9981885503153811,0.60953611321094,0.9680780146401291,0.9341394602496674,0.9979670620570458,0.7482580847120974,0.9793757498934611
358893,18284812,1,0.3111723430670905,0.9939654348498531,0.6995320012478765,0.9403015358874819,0.30832964469253793,0.9969217058450289,0.6243974967575036,0.9735639380417583,0.41787809982010826,0.9872795727953182,0.6524253334088062,0.9524034316212718,0.41430315317531397,0.9855188908109044,0.5914163130667063,0.9206509431723052,0.38467559758704223,0.9967784247247198,0.7847474958668605,0.9598281797257746
7194282,21101965,1,0.5629723648419981,0.9986423191801446,0.7088635113322685,0.9782775169673907,0.43753649322094246,0.994741208700034,0.5252477805448006,0.9702618400337417,0.6799318225518318,0.9831532068801597,0.4403878318857778,0.8822419576779784,0.6890178770385293,0.9846345314652509,0.5255284399598104,0.9024350717212808,0.658963257556082,0.9877954342111424,0.6606015850863837,0.9362832511303477
18673631,2188303,1,0.6249738799016936,0.9973234425701074,0.5715785835088584,0.9738517443199568,0.5275871063424658,0.9936656454302555,0.3098866966393705,0.9423581427190542,0.6800221793902849,0.9834731550218212,0.40750332626683694,0.9501457077026659,0.6799083253560471,0.9822709678774422,0.43288679931756013,0.9394208202758939,0.686980975210928,0.9887600358426538,0.6303931990670955,0.9616748084571264
21100204,17874921,0,0.3618072411515194,0.9915351971625349,0.7356657512293034,0.9658534794644242,0.345008409861279,0.9929548682493169,0.7010752056640805,0.9780319752250846,0.4537784252096703,0.9796763768716559,0.6347680547049366,0.9231287572844831,0.5089252217955385,0.9861087999829101,0.6543984943376602,0.9311482110226944,0.4640854204736835,0.9874214760669787,0.807758912293742,0.9434815797501499
17557352,12345227,1,0.3049625556970564,0.9873558688728141,0.6736494336720482,0.9298916534962006,0.30053744189352094,0.9814383810415374,0.4434519654774759,0.9491178107684419,0.4070571630902185,0.9720130602289865,0.49640738767128445,0.9347955867154217,0.39531262293921104,0.9692033030294903,0.49063899345250606,0.8951855412175285,0.3651975090811311,0.9940741177341574,0.6176805380055002,0.9454397654185129
740874,616102,1,0.3495614050971136,0.9894756652679746,0.5534590212474078,0.9316971535619342,0.37363436484961715,0.9809685475636398,0.44814871518504584,0.9535785581277213,0.5307164480658257,0.9854976701365068,0.5638247773562859,0.9589631339865704,0.5438682046731129,0.9832220759665453,0.5587052987691632,0.9391326100022671,0.43815064238542933,0.9946964665049699,0.7278335616212537,0.9512728670073409
4723745,6753786,1,0.8959599749686541,0.9979311042084127,0.567265292683373,0.9650839953579131,0.88712458178557,0.9914625765935225,0.4885112402819146,0.9407821295834756,0.8876473144980902,0.9872281736778303,0.3646206456147565,0.9438982415510486,0.8949096091711841,0.993515767510098,0.36509757735215254,0.9554027804622693,0.9154447718675423,0.9977418507337418,0.6644715994823482,0.9770804628078569
4519500,21456509,0,0.43719299131471323,0.9965447509865962,0.6454997166473564,0.9594584691330826,0.37027737253863185,0.9905516102337504,0.5169296942432333,0.9652837750674553,0.5168041863973174,0.9807075690227108,0.578782826489278,0.9474732778389364,0.5278412916979405,0.9816666172362747,0.5639007323242389,0.9570567976177065,0.5262135534274142,0.9898382029401542,0.7046216319565767,0.9614262890778924
1363,181591,0,0.3152626614631182,0.997783420303686,0.7700405297213513,0.9857588205673116,0.3043186411193183,0.9994417789816145,0.5464504032705466,0.9711742524936814,0.39052145194772253,0.985871872244701,0.5115685431230768,0.9496415674111303,0.40456417344699075,0.9832694108397346,0.6342306607741748,0.9649884582991535,0.39875578220162944,0.9909412463644374,0.7600204858589621,0.9617920526863296
4960419,17930257,1,0.3524239443739748,0.9961956599096417,0.6438337692862466,0.9654999757942758,0.3142720427921955,0.9978317833893768,0.4628413367021542,0.9610882815682186,0.4918741096552449,0.9773192510326131,0.51527256269423,0.9449720643317856,0.49056605677765,0.9718686374526484,0.5170052295584474,0.8912909014072341,0.45116001134936007,0.9920242482962051,0.6893984164600102,0.9716757902581795
5775448,13307307,1,0.6819792334342677,0.9934431125073228,0.600982802084156,0.9749826566426155,0.6224500299419925,0.9862474193074839,0.2918429949630036,0.9354144260432371,0.6784356133977963,0.9894909071913308,0.37522846106812224,0.9412561912725506,0.7067494533481611,0.9871902330365782,0.3713632815895669,0.9377654725766683,0.737931013396289,0.9976284180610887,0.6662398962226386,0.9786991016936873
13862028,916271,1,0.3955365674132993,0.9986381285301723,0.6920661784156932,0.9773729479718168,0.38476017838779075,0.991736391812268,0.8405102049961599,0.9808604024314873,0.542037366894645,0.9930450954458511,0.7298012472734368,0.9577785396586554,0.546689276432217,0.992083499962895,0.673172967351483,0.9335517536251209,0.49123463655191296,0.9963849039984654,0.7833325096647921,0.9829651340790139
7839811,17435276,0,0.8258563983349757,0.9847888506283768,0.462244507696272,0.9236212254642269,0.944424060813824,0.9965400336012358,0.3358511772839369,0.9243581016631812,0.7954094910163861,0.9862949322177013,0.40905615151196373,0.9308169718052438,0.8051503091454171,0.9852569711026158,0.4436064712011317,0.9288992903593669,0.8588215919413534,0.9930252868756413,0.5070275479428511,0.94918103945057
5817511,13744886,0,0.4988801952979716,0.9974961844667987,0.7395491197945852,0.9696097262505139,0.44700378488888065,0.990881045031013,0.6284439486802332,0.9718153360247219,0.549667715682265,0.9852816995643108,0.6416873966464463,0.8820237764373835,0.5999203385220577,0.9947034167317406,0.6251362578892613,0.9395659527379633,0.5810443499525549,0.9987799235271251,0.803847971592021,0.98481674071241
11946782,18675737,0,0.32487935131619805,0.9907845222318045,0.6599127720286013,0.9394502844861563,0.31971464978866765,0.9830520258872452,0.4696834412871861,0.9592317181834136,0.46663333388743305,0.9783964097006469,0.5260885105652651,0.9142247170241882,0.4627500320697341,0.9783687276316307,0.5185293789978087,0.9250351616958269,0.39699590094514386,0.9913310537749155,0.6613762385567107,0.9445398923892413
680174,22626443,1,0.6661523307647984,0.9953231951309984,0.7809625319569267,0.9626391873550099,0.5433263398477381,0.9981439829490825,0.7953369118450216,0.9862877116246684,0.7817500997376424,0.9938641187579421,0.7404245193910401,0.9413167818827322,0.7135433676552925,0.9967733182531736,0.7774922251208933,0.9529058032031752,0.7391893519048297,0.996922560743118,0.8285443747601051,0.9721505223264044
550697,18456843,1,0.9399553062401195,0.9984073881337079,0.7030831213181691,0.9803533822340073,0.8926989681244338,0.9931640528556015,0.4707881979467545,0.966651327175224,0.9412197184764884,0.9951303922999396,0.46551056745338093,0.9617003361254579,0.9466010885438751,0.9979342957215737,0.4544067170079099,0.9709181039476404,0.9521863233301812,0.9971429401691033,0.6920697649170287,0.9795763685234582
3459078,11130567,1,0.585682904595177,0.9920612028048106,0.6138610708876686,0.9721321966486153,0.6335683045394567,0.9940439385021583,0.35999423599988156,0.9406811909231444,0.6914888934827229,0.9896088068917778,0.4438862834277909,0.966723676808961,0.689849308267042,0.9885486654483611,0.5121746782036922,0.956465647067875,0.6549496006293651,0.9973267514851022,0.7198870880273183,0.9738047757675851
849586,9423426,1,0.3261893049741029,0.9966600181000422,0.7085901034154134,0.9821063172037364,0.3095488760207587,0.9924283667941322,0.5755452752255765,0.9588859245234513,0.4280406188981678,0.9921431720810271,0.6416988137474254,0.9650655382379819,0.4238186190863054,0.9877263239039566,0.5459813892919976,0.9478701560640742,0.41662954194447105,0.9951282422632554,0.7957769586063247,0.9829341619444664
4147990,13237415,0,0.534273371629816,0.9942852184701312,0.636415322164237,0.9425310446896134,0.4585949302333827,0.9930256954873884,0.47319082092143705,0.9649762906689829,0.648908693398338,0.9912788950624954,0.4748981138375483,0.9310019808595833,0.6436815536894902,0.9893835514144089,0.5590081612473103,0.9550448380282225,0.6208013251507257,0.9951498577597543,0.7046453132746915,0.9701931387293398
22857041,22911141,1,0.6040072529239563,0.9917700638969013,0.5883830540356922,0.9561896879514954,0.7089140051295596,0.9929346991815291,0.44701233290761166,0.9634093483861357,0.6612168415407647,0.9834538655176436,0.4229822989284172,0.9386297826568685,0.715042901187598,0.9858822274494708,0.431563866637077,0.9325403196572685,0.6713082694959878,0.9939286888150954,0.6148191533979963,0.9586329833672708
840277,20444225,1,0.7049177268966684,0.9933828631879789,0.6845279164862469,0.9715735885784644,0.6362000043400932,0.9877297115960194,0.683650830218238,0.9679606255127501,0.8549404489248662,0.997664380893034,0.667575366093645,0.9761259188422459,0.8781897765449124,0.9969984439047943,0.6538661288280303,0.9569492483341553,0.7588021293677134,0.99420504737176,0.7732512738258048,0.9642255786626454
7271784,3370624,0,0.3397474809968138,0.9944741874749948,0.5503435107629315,0.9548643886701675,0.3267332781842045,0.9631289165401966,0.3785349715562455,0.923818148087487,0.3918489282959898,0.9601113775568283,0.33553008309003696,0.8980871022990813,0.4275932313423902,0.9529663487449337,0.31343720494333094,0.8935393036540598,0.42784681601182,0.9869518729452122,0.6120387179762529,0.9696128423764727
21461424,18488108,1,0.7020123263162348,0.9983318916579252,0.7039698673898318,0.9739836148665338,0.6477213670110018,0.9828807708794806,0.5633075288403451,0.9596904548212671,0.7452102594456531,0.9923627610491351,0.3695520691785775,0.9420024642624266,0.7592435710036707,0.9902871768269782,0.39006560466449947,0.9349286558817911,0.7641674165127282,0.9948184857438472,0.6611964493692242,0.9670516646201939
3467482,18845763,1,0.30240062532822265,0.9886773929703848,0.6772386129683938,0.9146739081081097,0.30057272973456384,0.9599085801223136,0.5012303797550822,0.9228443987804217,0.37810537877475353,0.9843233006415052,0.49707440644618983,0.9465902051144508,0.3917067561960845,0.9724656632490205,0.5327401544988839,0.8786179747675,0.3540307258796954,0.9923007248588057,0.6660565140098055,0.9419376057229094
16544386,17037028,1,0.7054164289599757,0.9928699965418128,0.5225185422128806,0.9590346680225605,0.6122141123473651,0.9960086833556343,0.31385292403725706,0.944487312616091,0.7609704011728938,0.986956395899869,0.5161010274434014,0.9602099422697066,0.7649493254023733,0.987175765949418,0.4469521692735601,0.9607504551743791,0.7598891165422199,0.9921985210299631,0.7135571600815681,0.9698347524566325
14923488,7133024,1,0.5941254858366024,0.9985730581460898,0.6968084124609151,0.9853847382771557,0.5747022630126515,0.9964838453688105,0.3573345189506415,0.9613914225324043,0.6931663225131225,0.9851125123208285,0.5664629286676541,0.9416926246323828,0.6978312261964214,0.9838475334960647,0.5554073333810683,0.9365932832154138,0.6615989256382051,0.9932875736088423,0.715220186801746,0.9780724385207716
18779982,9872510,1,0.5731680979472487,0.9949408897751507,0.7537316748487004,0.9575448563017727,0.6087468733785163,0.9850940848378039,0.6470933676741029,0.955348051302149,0.7471483542178318,0.9960839612579065,0.6248668411160998,0.9744882771913872,0.7352024063342707,0.9947180062457882,0.6070348731836714,0.9685116928757376,0.6442791550892725,0.9964480076460475,0.679429442029584,0.9706802332421554
923861,8330065,1,0.9062204279601093,0.984002037698117,0.6302411840655644,0.9414140535527242,0.9440478222811676,0.9816412519079942,0.5717891180808583,0.9663335870341819,0.7168369472785345,0.9936853465139761,0.4967703147185468,0.9553290074389915,0.9059659731740539,0.9956095787912045,0.4903951512687208,0.8939771067335154,0.9171476489244251,0.9894096236146017,0.7519685814106081,0.9423454564906567
8868058,6270867,0,0.758548394522513,0.9981282298008517,0.7898139280256093,0.9713986763061083,0.8449778915959326,0.9955498144051591,0.41910745507487224,0.966747143176312,0.9065516616574337,0.9893886475647683,0.5058938244155243,0.9498798447005938,0.904707142931941,0.9966759903483081,0.6729016271990426,0.9739131692110542,0.8039466515239871,0.9984638833446386,0.8264201485221735,0.9814856739610002
20139125,19602043,0,0.5265942376555074,0.9955348988132597,0.7975965858540827,0.979251048471178,0.5596947469787152,0.9818981634381322,0.5538536493830417,0.951492488136698,0.6605661019349731,0.9911507551933476,0.6524645845085146,0.950594589817785,0.6591993515558505,0.9909463444137088,0.6466228781618731,0.9327883591659071,0.6105579745690344,0.9914903015398938,0.7858722886704405,0.9580570072048731
9434056,11142914,0,0.8110514116316645,0.9915397955552272,0.6379595746478885,0.9696843223245057,0.6275174053861707,0.9957669773586761,0.44257118266747375,0.9375179365848838,0.80734918051438,0.9956196939302527,0.48404713393686705,0.936686188982824,0.8088362003167755,0.9959052195839158,0.4171372946899088,0.9499418303623695,0.8442480664960911,0.9910990886026102,0.6769842703851426,0.9575940244378426
23677125,13325917,0,0.3004200815066971,0.9787145612018779,0.513266421074841,0.8718452988261841,0.2962678309674738,0.9575465448860446,0.3310868131792476,0.9071173381263801,0.39400716768495864,0.9590318358471097,0.45214252319336057,0.915139320072815,0.3835161097386267,0.9595714288394015,0.43348005644570664,0.8922444556937158,0.34832564485013434,0.9871451671891648,0.542420600369055,0.9164191708027212
16339641,18326088,1,0.6729175240884168,0.9973557701143059,0.8215748566173185,0.9821160311866577,0.8337277563842408,0.9960395232042286,0.7933157847989288,0.9717971637428351,0.8864041920511856,0.9960762097280982,0.808144543215188,0.9718865764417102,0.8962020291687451,0.997522507831195,0.8211445596696489,0.981864507202008,0.744493686552082,0.9992259994984501,0.8499924382761672,0.9901031192745644
16864880,14658498,0,0.6582173742474622,0.9951578485236708,0.591401143924261,0.9662744093832273,0.5564354769203473,0.9850138675032115,0.41069313345428315,0.9601772514145971,0.7539577044137014,0.9888299565165776,0.4576285052553236,0.942904567605538,0.7197445731696261,0.9838995630780755,0.4484165940941084,0.9066148914512238,0.7338291560177606,0.992273765569217,0.6646069280513511,0.969579265581624
19645662,14310068,0,0.315616348619937,0.9980768862512257,0.6615442173517961,0.9615706141556465,0.3024404024485092,0.9903902301096393,0.7095499295742211,0.96170074552476,0.38838716711488624,0.9948714704272985,0.5705162249374326,0.9224735948736503,0.41989490437601684,0.987657185096645,0.6118871078744414,0.9041575569560382,0.38998988497988657,0.9969752596695645,0.828622230188819,0.9687585679965186
9665214,10151623,0,0.3013381451767505,0.9983461272857856,0.7567678305483239,0.9620101167562006,0.2968315928254364,0.9891136311689618,0.6520228605882804,0.9739830161726475,0.3661196463255083,0.9865848666628446,0.6192298430759959,0.9347350143912216,0.3653928751620592,0.9855918182142022,0.6197594462969194,0.9496293910356622,0.3454654466527883,0.9885723289335475,0.7328687568224667,0.9599940134131557
22915885,21907871,0,0.40954659457593706,0.9969499685546598,0.6642772855623242,0.9792252125966282,0.38342024763802096,0.9873832946381471,0.5575480738803071,0.959615222325915,0.5212083215816277,0.9938180543889555,0.6564739812936157,0.951685560633323,0.5673176592641868,0.9876433390359569,0.7128501383973833,0.9435197484611852,0.5208359649387237,0.9892476087311519,0.7625957139501258,0.9618191401597885
1158843,20508692,1,0.9362274243813984,0.9947149237670826,0.7528349291859631,0.9758353800511107,0.7702677212139039,0.998512401782159,0.5405874975798808,0.9691870496062411,0.8517928140459038,0.9957582879559819,0.5397689790572218,0.9472827920145439,0.8623102056936394,0.9945559752661867,0.5219676060658023,0.9079833795307589,0.945906911770354,0.9982608364982368,0.7722741327411471,0.9735898743644137
5946267,14727720,0,0.5828172948280195,0.991226262266865,0.7358488087118699,0.9769175433635356,0.5936766341064174,0.9829670120497386,0.6583176524468493,0.9710856945526845,0.7524508304659469,0.996868082143101,0.6646720265457688,0.9733546706390181,0.7437803658091225,0.9956830294856348,0.7122814205359156,0.9679994442520212,0.6537464939284529,0.9943957981588082,0.7738775542409637,0.9760240143084846
6304371,615358,0,0.5991067638565902,0.9976223595018123,0.6834513332458214,0.9726899787249661,0.6457875749463561,0.9952409759118899,0.6295307748986705,0.9838973112323591,0.7397786834662029,0.9948213941352935,0.6422874515787464,0.9507986182105266,0.760265835810434,0.9965558540410466,0.6500658579786749,0.970425793831185,0.6650845304162847,0.9985130396940599,0.7684517367851404,0.9842507190275555
12101435,22246374,1,0.8595901166622856,0.9963764973897501,0.7299149250163453,0.9712983197466076,0.7289473264861456,0.9889801874567848,0.5430374656955332,0.9618181926147378,0.8890023050888598,0.9986990618141877,0.6398379985955112,0.9749483950052152,0.8482698814739364,0.995893804257048,0.5428123146775573,0.9545651493971287,0.8840266339381854,0.9932514964820849,0.7154250239809539,0.9718287025167313
8523656,11731587,0,0.3468806855131118,0.9853482618698035,0.6349300489557101,0.9242347686702825,0.3500153338273991,0.9717445957575217,0.3710222447200213,0.930083370340236,0.44256123114060036,0.9808355523111931,0.4606926692205504,0.9443850270179521,0.4757693125762628,0.9752213023634838,0.4072892177858869,0.9309204219729933,0.43973590069251534,0.9936760880581214,0.6137237853896499,0.9545264897932276
10916692,18568751,1,0.3766981716294079,0.9989531419076868,0.7720384208472031,0.9845860961652947,0.33800462825957567,0.9940634617692099,0.6328190865433025,0.9726292567543454,0.5269137430045591,0.9902993834959131,0.7102589008864517,0.9573338041503089,0.5255877702112495,0.9876712233449345,0.7325361491297961,0.9389584476395686,0.46466422459835965,0.9975261257220133,0.7862594981449949,0.9750446100980701
5606566,880670,0,0.8496427042335185,0.9961401063390467,0.6687153950142677,0.9811807922073065,0.7648380351355538,0.9880108946388714,0.43769958354019967,0.9569246792802664,0.9431557506716265,0.998492303710253,0.473406664504752,0.9604637068592122,0.8988070164065441,0.9976583275393065,0.5644991510357955,0.9328889140872607,0.878454446382265,0.997752049344411,0.7397525798316174,0.9818053407911287
6043997,13586003,0,0.29805532937735796,0.99397149388578,0.5532503755051813,0.9479640890365784,0.29391783851165354,0.9754517944314361,0.39570195139790554,0.9391245117223476,0.3539223632012086,0.9600560863067562,0.45421122137196124,0.934343482425348,0.3509320296331704,0.9570701462726273,0.4326529346121888,0.9045033178140849,0.33005797156807276,0.9826984091940026,0.5801508923447033,0.9682071428992013
21101965,4557988,1,0.8486324986409443,0.9945694946931138,0.6410951428985388,0.9186795243534142,0.6031813669733092,0.9906424739382312,0.5821576261863382,0.9718605236209459,0.7776596405392565,0.9906908178164108,0.46526093150250847,0.9027903619766122,0.7834479162328452,0.9928557336088394,0.5737954229611589,0.9310692611425113,0.8860980890154885,0.9969055038122121,0.6905543349398049,0.9509919352322903
15461843,21857917,0,0.9270022726502077,0.9957190681969014,0.5646161795817422,0.9374739306851206,0.7173667638363376,0.9968246411484739,0.3477106197133477,0.9312228506899461,0.9630341108452347,0.99678418759788,0.4918087137318169,0.9555511011322027,0.9547565609217712,0.9988476051891592,0.5457110725974159,0.962743016063928,0.9517611819158274,0.997288295141354,0.5830194660714636,0.9564111440271269
3167055,23130941,1,0.8674742193513993,0.9993301867234969,0.6589572568882269,0.9737770285283697,0.8842742307843429,0.9903433871383369,0.30326130439347976,0.9360057608827355,0.9522485197751905,0.9982769888100792,0.4318542591976178,0.959132229133563,0.954958747497782,0.998908790277089,0.46908182213913174,0.9592177479199289,0.8920993889974455,0.9970813598562399,0.5940776897110811,0.9807093880621994
21733505,20836129,0,0.6015890564762828,0.9911056455317346,0.6624247164889379,0.9198742034746499,0.7067105481110691,0.9886544862284831,0.7155702716626726,0.9730319343055189,0.7813044486898377,0.991942816059592,0.7175909514337098,0.9620744532968456,0.8178553015771376,0.9968134550662057,0.7121935544808171,0.9478047186313419,0.6669310740789038,0.9984913930848625,0.7536806451128029,0.9379394052503944
2424996,665978,1,0.8537655423229819,0.9949790042248151,0.7421805672616799,0.9649985896882001,0.9415342221177493,0.9889649835237715,0.7920238980451699,0.973860440655702,0.860450708550463,0.998651571742898,0.6435279399532632,0.9765019221252801,0.8282354059535324,0.9921161903099273,0.6506620629627768,0.936390527136929,0.8814459651729989,0.9958752393980312,0.7712139032600724,0.9684162448120782
19033605,8966082,1,0.322194310384902,0.988948042619142,0.5083934781587738,0.9413564948753245,0.30821771937469783,0.9891111932276189,0.4476483270960461,0.9655166619025063,0.41753740981262605,0.973222788433509,0.39667011112998796,0.9308314491707986,0.41753740981262605,0.973222788433509,0.39667011112998796,0.9308314491707986,0.40537135860807216,0.9930240033880698,0.6702651892356578,0.9510112361113415
14481932,11572565,0,0.5600448030037926,0.9841309801396053,0.6797748631053022,0.9569442148586317,0.4562083599082334,0.9842783254136863,0.5680000601158768,0.9484317300492303,0.6613853508139746,0.9855275624574805,0.5875487534137693,0.9310192161971014,0.66653838059656,0.9939642317197072,0.5764828777506118,0.9678271210233282,0.6373302404830741,0.9859797984781942,0.6841358243047755,0.9412831332781907
740874,10006171,0,0.36865090054466537,0.9970620211863281,0.7047977767404874,0.9773976350305273,0.41091722104075956,0.9919230176442589,0.5386161899568632,0.9618204910312573,0.5390272408039241,0.9800104104550429,0.5282747771038865,0.9318959556057049,0.594731796272855,0.990874754370443,0.6210044516998969,0.9622855832586525,0.4573350942612421,0.9972535923892757,0.7233804855941774,0.981192752574068
7726949,5636800,0,0.47304692835784057,0.9967932480057566,0.7783920996904858,0.9825466435328146,0.4331286889771993,0.984859407416534,0.5004870235099383,0.9641358849398178,0.5825469350235281,0.9914103640018159,0.5719795256909279,0.9344060405109397,0.5914064242656799,0.9912698276047431,0.5608090039130922,0.9647306091152645,0.5568790110294191,0.9951314083272185,0.7129897735547002,0.9798929682635045
12764163,701471,0,0.6460259935235363,0.9979762534366067,0.7645270055072921,0.976247990893497,0.5746348948058202,0.9979209818475738,0.645768292654078,0.9732166297356553,0.7786157634082501,0.9866673443439175,0.627387280939784,0.9170282494279447,0.7427732079337153,0.9973545859903142,0.722994307408434,0.9637440786944332,0.7137513918198013,0.9991250762944417,0.8422907840370754,0.9826825070057729
3667136,11799025,1,0.610941615767579,0.9868965150773796,0.5334557423031643,0.9660486227648059,0.8034906034905392,0.9950958429196995,0.4090960472718985,0.9442873711984208,0.6585664570587866,0.9780980628896688,0.39697270688181685,0.9146724141714822,0.6676340127750771,0.9766633835586116,0.41895728901398366,0.9059135770455533,0.6735173535120639,0.986681472273793,0.5732419304601177,0.9529474235362074
3342342,3024989,0,0.49510308099954453,0.997852901122952,0.5366800015006348,0.9273849652181715,0.4314606891302084,0.986754297475755,0.44346180714127226,0.9485633464251743,0.5647014998199315,0.9764101075678314,0.4073218613536369,0.940023001776203,0.5682747291179789,0.9772055161143868,0.46308599559109476,0.9369035425221454,0.5635630622922707,0.9913678773980341,0.6387879801248405,0.9503702808365069
14058237,15894276,0,0.4053279101397443,0.9960745133637798,0.4852870306253164,0.9573007925640191,0.41148093027059185,0.9718763513472317,0.4743485162229727,0.9417803249229801,0.5297538438712851,0.9694663540097948,0.4017290633286271,0.9282213357757153,0.555524294517721,0.9666369344425838,0.4191586738059514,0.8953251420636374,0.516446620052098,0.9841711960615525,0.6564097024064848,0.937740450557856
7718801,14563781,1,0.49708715999675124,0.9984114435814301,0.7830885457210497,0.9891683503322263,0.511404339340148,0.9909386275984159,0.703955108173857,0.970950803167742,0.6671714366498948,0.9951782292061517,0.7381968123845658,0.9791989704256913,0.6604039168712066,0.9952876622676242,0.7023390652205793,0.9732329484825825,0.5803019993531134,0.9973165045532508,0.8094057222748554,0.9802839433672431
5609837,6902534,0,0.9161816438685485,0.9972784641914204,0.7290976151579747,0.9681779966326372,0.9749863861567565,0.9957048815367147,0.7104518033772351,0.9753871398030318,0.9459823695386282,0.9973174686429969,0.7558346085403544,0.9592619174158831,0.9276367390367355,0.9951022307086693,0.6196247316244434,0.9425111558390251,0.9335905026856275,0.9961914831855639,0.8150063367255134,0.9755968365373398
12678588,2711645,1,1.0,1.0,1.0,1.0,1.0,1.0,1.0,1.0,1.0,1.0,1.0,1.0,1.0,1.0,1.0,1.0,1.0,1.0,1.0,1.0
14106232,9077865,0,0.375424620377334,0.9885828100414076,0.6753175311204034,0.950228379727372,0.3790845197163006,0.9873984308968636,0.4564751303792187,0.9482347557277285,0.5117107104570725,0.991362127400699,0.5179349898281183,0.929556570509989,0.5530185636091907,0.9829586404439195,0.546341444657311,0.9567924745794953,0.46242476285004847,0.9958275882750202,0.7412318793894186,0.9582650651497568
12879117,15347483,0,0.6574489598721425,0.9969672429304187,0.5865461928785536,0.9671886733846239,0.6550305506193164,0.988319308556792,0.3843188998342245,0.9505450710660781,0.6553720593996003,0.983037099339181,0.426394070768914,0.9504623580335041,0.6616820819967695,0.9807433549744509,0.4200515059811336,0.9462171240923745,0.7167444336094542,0.9899192445344313,0.6652443692340061,0.9620204037024117
101811,22431486,0,0.6400407806037727,0.9947189146284849,0.7114778745328467,0.9823069376935385,0.5993821961031363,0.9899955397119636,0.4935156724056027,0.9560556792184787,0.6304370088812976,0.9848499534973069,0.3500420861603635,0.9048697450971048,0.7143182222871347,0.9905997818055213,0.4604314208450411,0.9094853765586465,0.7055238937485265,0.9935958662559032,0.7764515769770378,0.9742642188367744
10432260,12971450,1,0.5403999018389504,0.9971662261548365,0.6752920424083573,0.9698453588983458,0.4139397289800083,0.988007018984891,0.4506845409253376,0.9454969841405295,0.6072844576228803,0.9825562127365047,0.456443606590626,0.9443923309564369,0.6059346286499834,0.9817108953300963,0.6671375845198919,0.9474218912235428,0.6174562448416729,0.990737851059783,0.7534337577407013,0.9627726870972113
1426634,7219016,0,0.6742436443119265,0.9931335861194996,0.7250762290691611,0.9350431385220926,0.7332331449967123,0.9964682688889217,0.500401552972487,0.9561701272877388,0.8721646154753797,0.9854786861398499,0.4911286637989801,0.9175486665850373,0.8668894221098092,0.9963011070272257,0.586050634505138,0.9686738885595113,0.7343758275394762,0.991878859208381,0.6841392593219915,0.9378712061390811
15193,9791183,1,0.34698006997141767,0.9918437442931705,0.6732442992019849,0.9636345169070644,0.35329020210381873,0.9765774535131937,0.5104883649362968,0.9484752185187619,0.46530198377599297,0.989155937669657,0.5719411528976432,0.9537530181633306,0.4998490087682942,0.9866380717224322,0.5411344159014184,0.9432619215325476,0.4452541610351515,0.9973789742551927,0.6776513687026704,0.978803588285777
19606201,9945506,0,0.42322418677167933,0.9936243337438044,0.5861689989186275,0.9641710733121109,0.37754915191488525,0.9888014875431305,0.2974893136730655,0.9481342477076175,0.6109344948356508,0.9753613254659584,0.4150195504583314,0.9380231775916085,0.6176131943994677,0.9817309443645865,0.41638679868070116,0.9482659851262688,0.49927169527771426,0.9927169895685959,0.6087949839072007,0.969363769858186
14263421,23370628,1,0.765761926132406,0.9934735143147888,0.5878194449524503,0.9578236554350043,0.7454581386846592,0.9895877683883175,0.34355982564957543,0.9538450896474101,0.9017587548833856,0.9963366801177753,0.4368701135480717,0.9634166617189188,0.9008711616481474,0.9966120241916643,0.4774954035529667,0.9676204721589023,0.8202293688555716,0.9940983899069668,0.588959673508556,0.9669318540478765
10205542,13748907,1,0.7185457064034211,0.9973697672164487,0.5856214606680508,0.9662433477219847,0.5682814772790226,0.9963002230153841,0.441419255359877,0.9504279534275211,0.8754508422224918,0.9969082004446195,0.4484801161491785,0.960626336771087,0.7367679507467738,0.988990881429165,0.39020642772899583,0.9249675536566434,0.7682034791912141,0.996188221030577,0.731525924335904,0.9812522026972299
19935081,21172450,1,0.5180680017291197,0.9955422131787464,0.6598089608623932,0.9700876507311449,0.44282425396908365,0.9948807731067283,0.4741446788435184,0.9594369592119375,0.6371823782253634,0.9855034593382969,0.46921740746784557,0.9572751641992583,0.6466303176749426,0.9841164749023076,0.4886529995159482,0.9556541572251057,0.6031134699355257,0.9932554149571692,0.6618039501953762,0.9709346731062393
20185463,21649269,0,0.6610052975017928,0.9914368601467018,0.6647965777632524,0.9418576521204067,0.6676867564913923,0.9974052959398916,0.5233741639561142,0.9717503879956326,0.8077227348991775,0.9967341149109067,0.5425431471204585,0.9697091654060602,0.7664898039688883,0.9965128426847049,0.5501743732924537,0.9595183698716446,0.7273211525856778,0.9965058326777078,0.6876596593312054,0.9714546465545091
14843540,14555892,1,0.4007438951591668,0.9898380958992175,0.6651115375417551,0.9647360242152573,0.36079187828889087,0.9904911998889286,0.45844990157414744,0.9633726510791618,0.5007650393554622,0.9742982703975543,0.4596519468392859,0.94224529927207,0.5006333404568584,0.9729839513733136,0.4700720294513303,0.9466410017673906,0.4914913405789353,0.9903653130536012,0.6473990118785153,0.9766983830914723
7143272,18142979,1,0.7632159604909057,0.9921843192275712,0.520530987538019,0.9304278780322315,0.6132798011281124,0.9896003513963127,0.3672033061294798,0.9569752571698475,0.8502104052479481,0.9954439795755523,0.43734857165146446,0.9366457059900876,0.8492200577924633,0.9955742554388946,0.41105370842016,0.9439888549878319,0.8194568588103925,0.9927867435682021,0.6230089269846537,0.9570067504040808
7008364,18054947,0,0.338498801249627,0.997112343319496,0.6948425310128373,0.9704009755023597,0.3424015740252659,0.9798238809750842,0.4711953843347567,0.9479189653740854,0.46869991022042296,0.9770739214358907,0.6015457822846375,0.9307945509541867,0.48205615904648463,0.9786240386448707,0.5093631291369425,0.935077750395799,0.42585666347945467,0.9957998522202681,0.6955654152304472,0.9776282359199668
6244937,20991251,0,0.8376539460557534,0.9930163445745165,0.750465614524388,0.9771433690388776,0.8927849945092196,0.9856136890617195,0.5122441404898432,0.9617650450212163,0.9096115106716752,0.9975267539427388,0.506775809846962,0.9607217250445288,0.9567827586641812,0.9960245795260555,0.5706744299212761,0.9482465445839076,0.8613131494187188,0.9946198944515984,0.7043600467608497,0.9687721826952738
21214234,16654272,0,0.7590626327015387,0.9978602925616964,0.7928724326115336,0.967412468145057,0.7900790283379658,0.9989358647524482,0.6431778721553716,0.9809303298769838,0.800961628358267,0.9872123010473874,0.6893582196917372,0.9189421391363652,0.8013010167451531,0.9967799628811397,0.7325220712825706,0.9755445726217008,0.8030802835369841,0.9924826661421308,0.8221341400449379,0.9633223539875843
18101018,1139230,1,0.8683199943748908,0.9920297549547477,0.6769814913097529,0.96519675149836,0.8058198458467609,0.9944837074919876,0.5626455763304383,0.9677169491874645,0.9597923119783521,0.99852382027151,0.641276145679009,0.973551529941801,0.8825243771669529,0.9963395315461563,0.6994557503329351,0.9613418473474986,0.8928034659447978,0.9970126561523265,0.7822886054642928,0.9693375338771916
17670291,7713594,1,0.5416314752395655,0.9941615946588134,0.6645306623461706,0.9517482627811411,0.45148912390330065,0.9696314063726932,0.289484122440137,0.9068510334689995,0.582024839801674,0.9851790650349475,0.4250905209003678,0.9336315771529896,0.6074458414989167,0.9782480288421608,0.4060219437245468,0.9441030477892394,0.6122458646211872,0.9958434559711293,0.6182254458266669,0.9659259358054191
3726610,978946,1,0.618418482033203,0.9940594154931134,0.6657554313399143,0.9736576151643157,0.506314268803632,0.9944158053422582,0.4092430529608567,0.9303683993003428,0.7129442562665187,0.990674481854556,0.49661820766906006,0.9584759319242174,0.7153243556983594,0.9912632357868192,0.44433731096815066,0.9556484901696727,0.6836554974258919,0.9956443471495291,0.6919264162418595,0.9785312285319684
10053153,17444336,0,0.3226185707113722,0.997903044494769,0.7187068105066395,0.9707295746307186,0.30434774754192967,0.995155901598101,0.5049750306068117,0.9597674909541982,0.4204014555660537,0.9873184215795724,0.541764733240435,0.9574611492275606,0.43532242099629037,0.9794723087416899,0.5926684537882363,0.915550172086333,0.39851884607425114,0.991974337734727,0.7290895074092016,0.9729288531735263
5562616,6747095,1,0.7051636444093878,0.9883929727508989,0.6891696347535727,0.9379978806196453,0.5629383395637969,0.9884470183411276,0.7155916898806903,0.9747721907126546,0.9010896340342913,0.9941348518233385,0.6947138205265149,0.9310931791949649,0.7426032385040955,0.9928765864331489,0.6218921855804009,0.8906087585042216,0.77035609651132,0.9951534550232378,0.7487909409119095,0.9574105048434753
21735428,569812,0,0.8165858629965391,0.9972799901305843,0.760409554454532,0.9745976098827552,0.7305376112087741,0.9868149387907759,0.5379157123853536,0.9574206965558385,0.7629551116080535,0.9943541968981391,0.6621918990369898,0.9690118818424228,0.7703922515997321,0.9949924435762754,0.6348945902452048,0.9644656582307384,0.855332446381684,0.9989776616502715,0.8364041597630798,0.9825984444480346
18921331,10824317,0,0.6813733651515832,0.993235386306472,0.6715205234698374,0.9649208455352045,0.5472240123535782,0.9925318752485425,0.377219850938042,0.9503012130081222,0.896253973975675,0.9937324583397872,0.5067818157731561,0.9616913777749697,0.738258812266461,0.986871037999096,0.4692049372506779,0.9109157144286977,0.7436504817339038,0.9977793573207665,0.6741834716973617,0.9752172192832708
11237136,789472,0,0.7240012359995844,0.999189277061493,0.6482366306578679,0.9592973510844031,0.6391975508263572,0.9989472933419556,0.4319519591654646,0.974546517538504,0.8486326487957382,0.9935793666706694,0.4379265270034767,0.9462627837473637,0.8785029164189335,0.9982592693286091,0.4832025140394801,0.970866628293181,0.7697716635602042,0.997338011231854,0.7068064384385744,0.9689067988920197
17557889,13682237,1,0.4019430579212152,0.9978570659655011,0.6188592576881045,0.9723078612022553,0.3527034429607486,0.9796188256537418,0.3537467779694138,0.9298525273153831,0.5324622165167643,0.9794798675315164,0.5149211892885217,0.9438044188329779,0.5406631132217895,0.9773914612630913,0.47989468874357566,0.9326885254503182,0.4988777521612138,0.9817527608904705,0.681643158189304,0.9433627345607535
161760,11238287,1,0.5318857341105788,0.9991088626613024,0.8352447992240684,0.9850298152098609,0.4408491987196433,0.997067993842919,0.7480866183227888,0.9764025247835943,0.6452922384748913,0.9964560103190478,0.7191334609602649,0.9613325337816502,0.61716807135234,0.9958415909568169,0.6929413129273925,0.9447412550513974,0.6164755569454369,0.9988085488261701,0.846526039003457,0.9870867119499005
843888,23677112,1,0.7968371257076782,0.9974894983132776,0.7101420570294744,0.976874017538851,0.9476487467854264,0.9879889437949375,0.5559836802315645,0.962360818855019,0.96237331589074,0.9996547494047205,0.6364658082266414,0.9731650948207207,0.9605300520768684,0.9994361484992914,0.6964615608869813,0.9710870452353794,0.840459307861704,0.9997420544449424,0.7980274469353379,0.985265822233956
22424633,16389745,1,0.2984411285267293,0.9947183247357595,0.6893645366044407,0.9497793012341256,0.29615880490919894,0.9714817358680695,0.4356602065323215,0.9390991412259694,0.3713103142358868,0.9731293043663429,0.49211827864539837,0.9339327486379967,0.36991194284617274,0.970173252259441,0.45353701285399206,0.9131356382925644,0.34164063613383755,0.9843619507150884,0.6553043597171234,0.9539483870907585
78966,14633134,0,0.5951971760058383,0.9889215973952181,0.7037742764838333,0.9686802775842944,0.5763047123580812,0.9886755305051295,0.6686247446332744,0.9665386853937287,0.7124027192525041,0.9905166509180213,0.6507146533691543,0.9639813944031653,0.8134301262646592,0.9959503110012515,0.5439765707012794,0.9358989136176716,0.6607498976931048,0.9967887511226153,0.7456211155079846,0.9691209520423556
20888980,16289496,0,0.48750399029093777,0.9878970638838783,0.7137830867120344,0.9650989926552573,0.4110520986061387,0.9893468415447452,0.46883104872267045,0.9604414123710536,0.6393780916714554,0.9897859565384334,0.5602381286987561,0.9622837484432583,0.6284707757022557,0.9906742466032518,0.5268689692667392,0.9630221876119595,0.5609776551481882,0.9981378418680776,0.7795571422635655,0.9723028155507879
8344457,10846725,1,0.5564972833948889,0.9921275509568493,0.7128989857820316,0.9296342042704007,0.4282711011232355,0.9975377356104385,0.3975350751267289,0.9621071019550967,0.678421838912367,0.9883491988606108,0.5826582653357317,0.9583252720399683,0.6626250918549379,0.9869177705537104,0.6037091879418657,0.946562216545052,0.6382288705818139,0.9963016430667018,0.7163322531827725,0.960367844680398
2525684,7636710,1,0.8818377705515504,0.9948089606579501,0.7523205593622403,0.9787789867931304,0.7864127884493612,0.988086758951849,0.7991494611163592,0.9692792002576677,0.9185395190674849,0.9988440347423698,0.7818089294756032,0.9660370072640343,0.9071541136758544,0.9960496069953707,0.7648851851183605,0.9407666804282109,0.9060486981818068,0.9974327903150657,0.8060405024713648,0.9779823893465979
7327832,8117581,0,0.31574748217255383,0.9959691967842534,0.49138036054416323,0.972971977141331,0.3137998913022813,0.9714750473912677,0.35460710470324264,0.9223942479131328,0.42610787503992015,0.9571445590184047,0.41338795650429816,0.9236328775826148,0.427873481612136,0.9565582802267547,0.421305131965215,0.9189476621223532,0.386342470908146,0.9828577009337828,0.5775234877312376,0.9619551775486473
19795307,11904056,0,0.5188264436681779,0.9947890583429124,0.6870945361216922,0.9420459380424082,0.43085434623980956,0.9877662095598392,0.5897777458129323,0.9592765945529445,0.5862748209797756,0.9918618642349294,0.6582037895054416,0.9620084716700308,0.6169426441804554,0.9916672251942711,0.6091364742845149,0.9678212037379299,0.602662502545956,0.9967530859410465,0.7894188129776757,0.9625474093766799
21605296,21204167,0,0.6716513794977825,0.9976543944129038,0.7020365370351367,0.9576145189898444,0.6422959490601622,0.9943544438850007,0.35565741447602706,0.944530706451971,0.7714629769856239,0.9921614157105193,0.4613760549418964,0.9590584734696437,0.7587745163946653,0.9921602194734288,0.4825811950784864,0.952034178606869,0.730315302102297,0.9969405360294897,0.6631100254675698,0.9644669894522937
22224116,21161120,1,0.3252528796600551,0.9974376652707476,0.8210639806412349,0.9855874155452758,0.3145270135204778,0.999493253860648,0.7660742975598036,0.982651765975951,0.45267831781785595,0.9947559225419812,0.665660628233768,0.9641847259840884,0.4631151234685266,0.9892578275594913,0.6930915185149252,0.9444549646990069,0.40765961657568417,0.996372077837892,0.7843385030877977,0.981076880885397
1989227,19409751,0,0.8054533748530002,0.9983444392132245,0.7388272420640455,0.9779963284508738,0.922532474076527,0.9963134174617332,0.6433552268633065,0.9712532501287395,0.9427231059313363,0.9919872521887799,0.6455297441984466,0.9335961146517624,0.9240150808910434,0.9922421615655633,0.7515815761425639,0.9374372115086835,0.8432577853885199,0.9985342970967279,0.7937233212251525,0.9844990690941956
18519248,1965036,0,0.46486013017399297,0.9887048559822272,0.5644131602122817,0.9267057541485356,0.5279668782798848,0.9864400892406273,0.5735749750752557,0.9682872973453911,0.6612761137242673,0.973391957894928,0.5081851585356079,0.8826309814844567,0.691534717331527,0.9886836889174024,0.6440575639033821,0.9643378836951926,0.5523556842039429,0.9957908058393592,0.6720228036314368,0.9616121011039497
4776598,21970882,1,0.7309657282721677,0.9954635904844918,0.7398256064687014,0.9702454999664407,0.7428376488338674,0.994002097070593,0.6355234022759739,0.9775635282145948,0.786638464850407,0.993884973083336,0.7359030930955535,0.9584599187476823,0.820694119036762,0.9988175009060426,0.7098384972727743,0.9792708449889911,0.7884323822667784,0.9975854534315458,0.8102949860942216,0.9741705700342217
21288637,18367536,0,0.5083331092510693,0.9925419339599199,0.6589694881567851,0.9502333741987176,0.38511744761991007,0.9921462529089367,0.5067288529340911,0.967970444021814,0.5986953776564428,0.9808301893999128,0.5273735917566982,0.9561033241179804,0.5986953776564428,0.9808301893999128,0.5273735917566982,0.9561033241179804,0.5807249765956758,0.9942461757629919,0.6572100081871953,0.9646241016314879
5112157,20641594,0,0.7743637094141828,0.996605701739845,0.6412443806832269,0.9686130022727508,0.929011647064013,0.9901062455281373,0.32223551407919593,0.9441601135013242,0.8299119768462548,0.9892307797742326,0.407639287235783,0.9232083224279987,0.8419752189338636,0.9910227335312681,0.3672370867331233,0.9332236622884733,0.821306632595181,0.9948680540808228,0.6147438119751527,0.9684270810001582
2396189,22403259,0,0.5188106084030989,0.9922165525897297,0.6349084110801486,0.9659402259184717,0.43014282450651997,0.9865677222504948,0.4293666310797053,0.9476173556530675,0.605531090859073,0.9924412505668228,0.5534736766082612,0.9432628957702442,0.619127144499975,0.9907553581465788,0.5093986365713717,0.9639705836112795,0.5994806639474896,0.9920276477187498,0.7075849584709166,0.972755238133617
16658637,16761836,0,0.3830293641008295,0.9989103958329763,0.7126210697866471,0.9804673881017477,0.40853967673867797,0.9908246934155804,0.604989656743975,0.9759223174464313,0.5217774935008067,0.9889254830420691,0.5985469855785464,0.9637888577125292,0.5391087650976467,0.9845785755829538,0.6183529999398437,0.9474714289035858,0.47576314150541793,0.9975948017073107,0.7459577722274922,0.9839070822381925
9325670,12127276,0,0.5631562661578476,0.9934935676191473,0.5919009213525943,0.9654395210107042,0.5154767172546056,0.9863063452096721,0.38131238402918455,0.9390761407003952,0.65709672055999,0.9818332267311891,0.39857942348034414,0.9488191023260563,0.6602128645591285,0.9823624367936653,0.37702885859286284,0.9454607582040913,0.6235551680870726,0.9973317876817827,0.575900250326344,0.9738312807803837
4612220,369572,1,0.3849007164517272,0.9941550788289802,0.6956038776245651,0.9496411745490634,0.3724098809798832,0.9951593672054744,0.47593809321224356,0.9674999654081258,0.5458329325746435,0.9847887296097477,0.6066619761653638,0.9542141661925766,0.5597933419156008,0.9862453990451036,0.6792670640256886,0.965774034675158,0.49403262356767547,0.9944337008731777,0.7554926772150321,0.9701111953556025
16797428,11807467,0,0.7499970687876355,0.9900162530119946,0.6343192331241148,0.9662206503416291,0.6189429674011985,0.993251140330438,0.4468979083808452,0.9533424204076938,0.7711888030192166,0.988978573435458,0.4707105490948702,0.9402778953884131,0.7756792827098643,0.9902784144757564,0.571154366914788,0.9563374777398853,0.801808699626923,0.9881980518379253,0.6864238807658586,0.952409581356381
15854363,21247844,1,0.502423430180686,0.989090864440795,0.5713555954017626,0.9469610416402823,0.47815315582291085,0.9779169608052427,0.39989706444147133,0.9294625979266303,0.6553282075842451,0.9819483181043521,0.43995189252037725,0.9364695594180975,0.6578867684934292,0.9839813288676384,0.47278017643541015,0.9279402030674909,0.5810431476925174,0.9940584983428913,0.5482732461749289,0.9506927460905729
14058237,16902397,1,0.42074384994384806,0.9978044986855539,0.734943626135375,0.9618407581550994,0.37505465393341747,0.9975110051693721,0.5810139433678949,0.9724948575054901,0.5252832531634727,0.9917260981130123,0.6278990630882455,0.9398593204414138,0.5513414375631803,0.9943829866375512,0.6359288784620507,0.9620445110636056,0.5232531965741376,0.9957415489618192,0.7662715692746241,0.9649934390591135
11193872,15031489,1,0.6494331043496423,0.9988831949435463,0.7584426696111031,0.9751977204408714,0.5638420441229088,0.9936002179793739,0.6693959781912908,0.9755150492365985,0.6772437419834174,0.9935760794093654,0.692836412792591,0.9727299746613376,0.6848562493284079,0.9949319062945777,0.7301708114451468,0.9705140045501056,0.7201871947260974,0.9944234262995728,0.806587425516013,0.9788263573370021
14183083,17273098,1,0.7514128953131061,0.9986816657736933,0.7262880919310668,0.9703866095189481,0.666436915670511,0.990203568520249,0.572818153300425,0.9713751125535605,0.8753784800375793,0.9979111229700038,0.6660686207620905,0.9780616587944404,0.7831784233934452,0.9930844191193499,0.6463552946186666,0.9465068905316616,0.7994266122732746,0.9936308651456063,0.7692456666470865,0.9674258581361203
11903969,6930078,0,0.3951555018721593,0.9942878160193451,0.6628218974499307,0.9657675452054003,0.39995126438556367,0.9881857535874445,0.692096987423025,0.9746392307384292,0.533349662349098,0.991622218344028,0.5718424978015377,0.9726375406813907,0.5306687464028225,0.9898219791109301,0.5101955838154733,0.9372660820032177,0.4882667390786031,0.9962252179433784,0.7794107119113751,0.9776926686075752
11139684,23206029,0,0.48214229814612675,0.9926422852688365,0.718221411734624,0.9418274206136272,0.4316514848847817,0.9991000716038525,0.641489858919237,0.9772636155879427,0.5059191171313611,0.9936331760237571,0.5801976767611507,0.9596895520815113,0.6060023064190535,0.9948572470536229,0.6625347062069006,0.96799538410782,0.5663707339373618,0.9980248060185951,0.7908918281202453,0.9632262978817223
18467319,12660385,0,0.8413805795611488,0.9970406673195586,0.653108801761888,0.9778165896749474,0.9567853674420458,0.9917873444145198,0.48388769537968856,0.9584075689794543,0.9100628181385775,0.9930292833021696,0.4971646863097321,0.9600981415074022,0.9589992558252771,0.9964610025609003,0.6033690400043537,0.9641518112541009,0.8699243929911291,0.9978423430389193,0.7124028045181182,0.9843203810617298
1613935,17435276,1,0.4033293144849521,0.9895116964346289,0.6136090012752302,0.9336562218158299,0.3970363263304517,0.987485921193376,0.3975645208928371,0.9216009860115977,0.6095417617979676,0.979448442528854,0.44435498959530584,0.948053750388456,0.6133936081841934,0.9808571670667716,0.5309827090141803,0.9607901681034117,0.48765615325684675,0.993376378664012,0.6243658699023761,0.9736629976044348
10369570,10688093,0,0.29975314080475496,0.9898885638186098,0.5286505844678864,0.9466406728953272,0.29536689252031734,0.9863856782789212,0.3238872990580206,0.9141174118535677,0.37577542788716645,0.9475354507916796,0.3913114009301989,0.8940903917398773,0.36100037089185255,0.9492080432129888,0.39653667011928695,0.8868620395554163,0.34529612534793735,0.9838265584760356,0.5122812123454275,0.9658860771612728
20024580,6368468,0,0.5667691239736372,0.9901598787440348,0.6485560552397704,0.950772024247026,0.7439930326811144,0.9747970533276715,0.5497004172320976,0.9242304419948356,0.6038240665558979,0.9945660401229973,0.5884287397806645,0.9463932269112383,0.6777865946452534,0.9963880554305117,0.6047149984294661,0.9497905633026281,0.6392432939813975,0.9970211883725686,0.7670795404947695,0.9698050655177773
17638222,10828162,0,0.7177957623892391,0.9922138955880195,0.5741638285020298,0.9710186018045702,0.867270306570633,0.9941783389741078,0.37679595791227793,0.9355047099668331,0.9343563186832823,0.9975996329629938,0.563566836315635,0.972967640988353,0.9348465133382242,0.9982056561315543,0.46958635539679305,0.9682581356538111,0.7738073146691293,0.9951221075148543,0.6947111635876502,0.9669191870741723
4860089,2021565,0,0.32437495398616634,0.9983517111968394,0.6887670028103281,0.9637783197548762,0.31496228098220397,0.982162581188208,0.48918906197314116,0.9517166052919196,0.419080922143252,0.9910695208402764,0.37261021551048534,0.9030847765014735,0.41622046183127176,0.9850329317607742,0.4702118870764669,0.9015190307115835,0.39865458195162373,0.9961530666166267,0.7235129233482775,0.9791077947663888
20187440,10817170,0,0.5749648997213616,0.997501854626194,0.7122608269841936,0.9827559212986414,0.5235904560229815,0.9969634014663771,0.5676216536905976,0.9720048052282843,0.6585322217171382,0.9902893446814347,0.6269813658091681,0.9516804413197434,0.6711767040671623,0.990800425029601,0.7060982278420949,0.9399776212328642,0.6492522113782945,0.9951395394176155,0.7879393264433779,0.9803066866192481
18688737,20368648,1,0.36648676483595033,0.9929423876593456,0.6040239141131767,0.9492096976421346,0.35427573528278206,0.9727710328648046,0.4060224724091622,0.941899012930035,0.5083375046609412,0.9881793871243935,0.4778247992665001,0.9447728073664481,0.5244829660882985,0.9833432332121473,0.5208136883865524,0.9506533369441957,0.4573427764772986,0.9945236284687644,0.633108028786767,0.9678824594083117
9218164,23125251,0,0.34869925681563757,0.9903459912393547,0.5782645041212852,0.9620863206504079,0.34648811159038384,0.9868953994891948,0.37480123401570353,0.942512805901429,0.4663779268728151,0.9697909574858716,0.511547258783083,0.9081903986905104,0.49104863651017894,0.9703600937140476,0.4558796969212423,0.9050289531814059,0.44536029120274834,0.9869126890609679,0.6739827249134683,0.9476533053779292
21293479,15495362,1,0.5221377898516826,0.9980543129619179,0.692033635373468,0.9793428457194321,0.48872801407429406,0.9921427504686301,0.46995595512323485,0.960024243939349,0.6299130894828467,0.9866598304219251,0.5428320672282785,0.9623160474015772,0.6523439795940371,0.9856160369242433,0.5370843875362841,0.9480339887023,0.6072953045014405,0.9945721162664641,0.7377512047498007,0.9727956298810823
13299924,4420769,1,0.3185626214572708,0.9963712331836131,0.7848357864011364,0.9647917806266174,0.3067655937399117,0.9933331827456536,0.6755763041510925,0.9784678438394094,0.44984470874151206,0.9886511404164906,0.6844072828666443,0.9526440917705998,0.4504340086513096,0.9814010398603455,0.6186395275390992,0.8747581424155875,0.40200763072999357,0.9909800412899443,0.7874477275646041,0.9526369324931764
5271062,736738,1,0.31908857941651997,0.9965716974238846,0.7635198682949108,0.9791045712279344,0.3120044465809261,0.9867150373423653,0.5624383020567233,0.9674924766597727,0.4411434996196274,0.9933411409259368,0.6727782988515126,0.9573185631167533,0.43499598716081994,0.9877189587255019,0.651950413682836,0.9215559846443027,0.4058216305814543,0.9960332949931961,0.7482348266255847,0.9773973119347066
17938737,2530139,0,0.4590864568167047,0.9992197736375188,0.7032663380901603,0.9761250497139663,0.46821787842034135,0.9895624033594316,0.5551230015232167,0.9546506917809247,0.5492415236118675,0.9848668531892848,0.6207972607831548,0.9593304307692146,0.6091512968120446,0.9884056568009504,0.5474847981225739,0.9535422313937348,0.5464115666202877,0.9957632096852307,0.7487199088219566,0.9764516548906897
1951103,17470307,1,0.7704836980912266,0.9957416657864121,0.7414715266267982,0.9819722678829177,0.713877075180445,0.9940118419402477,0.6581986811269904,0.9820529514638608,0.8641946207314711,0.9979487740712696,0.7277465053680904,0.978079330182103,0.8668984422444901,0.9983962595888215,0.7630548821635167,0.9698171236029929,0.8170923885276676,0.997400463130336,0.8320887902948999,0.9812537805487545
5145801,8759736,1,0.8695306447623101,0.9923768451884977,0.7464477605702337,0.959809321038284,0.8976974598255206,0.9938892268003587,0.6705378092806853,0.9707694133638692,0.8358903430514469,0.9881567991542839,0.6626737178523903,0.9309549530494594,0.8843822216009843,0.9975526946912437,0.7597841683570771,0.9628163044736772,0.8945854267670342,0.997694817213466,0.7997181625114073,0.9698387160292965
18675737,6219126,0,0.6621475584508647,0.9926776005646655,0.7504729784912294,0.968883454925363,0.5877521750744552,0.9879724598386294,0.6527246660899739,0.9672521914097071,0.7793812860018524,0.9971380345436386,0.719801888372517,0.9793568350286452,0.7672862379584461,0.9971386724002073,0.6684051084687541,0.9601670543553057,0.7204026727993024,0.99744343178593,0.760999276134382,0.9666455618183124
7949001,2459317,0,0.5258447745417096,0.9868016548856942,0.6752402866576996,0.9567316658475067,0.5058298692203229,0.988142152471874,0.5472418288347769,0.9677916863973739,0.5550728720829434,0.9871899946332243,0.6069926315559996,0.9714394792814719,0.5494826178178719,0.98562064713178,0.5337846857168747,0.9483464054085478,0.6092433722060812,0.9918368252846359,0.7137024289175825,0.9633243966425672
6853664,14150943,0,0.5152325490239169,0.9970127266503839,0.735605823606333,0.9660956608742852,0.46550845752986975,0.9962704241808771,0.5587368086608091,0.9725363514023294,0.6414983422505662,0.9932066322661719,0.6666685456925874,0.9786461954505258,0.6437262238283383,0.9928824893080465,0.6680200923459192,0.9800155698878903,0.6007444591565775,0.9959220329539273,0.7951718591972606,0.9824432738671163
22207420,21361961,0,0.3344696229102028,0.9910488547725328,0.4846353147232325,0.9145258183316642,0.31378104644407395,0.9503359325334546,0.23000570096875206,0.8713255263610177,0.4769882941184669,0.9442503931710272,0.3319924554068876,0.8826931762480626,0.4704184852954674,0.9444470168538934,0.3545246858744625,0.8827692600701219,0.4245251029702753,0.9743715089658581,0.5160366548026636,0.9373964642321765
13279965,20655774,0,0.4610670929368888,0.9970267389832638,0.7069818940121901,0.9721348711490512,0.40410260966161765,0.9935136852648927,0.49123798018794274,0.9724268745003025,0.5393656869012492,0.9804764440915544,0.5794751515671643,0.9504697887671616,0.5363046377467097,0.9786521526362517,0.5001867404320606,0.9307966317482435,0.5368578693616355,0.9932474156788884,0.6862515994617411,0.9779385786539889
8831301,10656323,0,0.3528020222809093,0.9933569002754769,0.6403224001812065,0.9463447720040771,0.3394953869174868,0.9772006762554297,0.4256218954152968,0.9472051783742644,0.5694540921791402,0.9826273483426317,0.55467691051422,0.9421604878239577,0.5508767726320345,0.9823390985697114,0.4945234886292563,0.9420669155261931,0.43682108798681385,0.995198959913966,0.6245379618100044,0.9598461292596969
120346,235245,0,0.31594921133402976,0.9981695225151557,0.7256500032550244,0.9760496685207295,0.3084582319818386,0.9942488374032733,0.557219607969653,0.9741027051177124,0.41053454889161606,0.9901691525583926,0.583492455984504,0.9590786730219384,0.41984543035045446,0.983376535808039,0.5626457774461928,0.9295342128405465,0.40031705577165005,0.9936777821124985,0.7419051709397712,0.9726564845653037
17116110,2113293,0,0.36782286061380215,0.9910483987340514,0.5985831844631955,0.9647669897135409,0.33725002512679075,0.9856902074154782,0.5353573992262866,0.9540242411049524,0.4778170675201631,0.9843257640720817,0.582093246771846,0.9471684130690224,0.4787072389567056,0.9844418186819895,0.5470175074051908,0.9401913743956343,0.4559694448607307,0.9957616578057038,0.6716919073823896,0.9620467219267861
9632240,13490977,1,0.48294747912023883,0.995256170660273,0.6805410474529472,0.9719615124024179,0.5077488331867444,0.9886538574329095,0.414672599631591,0.9188527168001192,0.5886932940662263,0.9815837694957782,0.5352621702448919,0.9580928714894208,0.6010228294454005,0.9828755689421899,0.48970186348231537,0.9550895449793282,0.5492755312686223,0.9945191822782838,0.6758512815835085,0.9651117961160346
6371595,1096936,0,0.3269984747273338,0.992228210588264,0.6270325859956967,0.936724388523324,0.3372882324069773,0.9895987959060792,0.45654419158279824,0.9556721199031804,0.4800953681346929,0.9755454273952864,0.47371575260882826,0.9311814839708654,0.47069635501261453,0.9725968657306704,0.5049275681647913,0.9067732701637978,0.40451049598187516,0.9961790996125465,0.6260305646429489,0.9471451768007588
14966336,21919199,0,0.5379419804892782,0.9983919679598035,0.7887175872852437,0.9855749803692381,0.6145116109290653,0.9943939521579912,0.7220421985305331,0.9795500436615142,0.6421656847313347,0.9959429839198646,0.6795940064071724,0.964341169370493,0.7231455433751002,0.9981166160369123,0.7688996032986516,0.967488741691791,0.6154715077960984,0.9988125205272289,0.8483726779961174,0.9887701866292082
19721715,5671690,0,0.46148615026051604,0.9922672483815678,0.7472371561862062,0.9371323694597368,0.4856196992212735,0.9931240386978868,0.696832362446952,0.9721993571854675,0.5741512474643397,0.9877935596028817,0.7073745479944423,0.9394186789311995,0.6629440007304781,0.9959592563773692,0.6967369009196722,0.9579566070282511,0.5566860206681353,0.9960936871043792,0.7613489142768586,0.9565016520855061
2232619,18868986,0,0.8533251108932643,0.996333361455416,0.7902698254660697,0.9720522521135894,0.8448463898498967,0.9765423025083779,0.5514144075395364,0.9442849065162938,0.970331185954829,0.9982382562635747,0.6005686032250523,0.9708292682678754,0.8936961306340016,0.9980232813958275,0.6078049177193109,0.9713200122385122,0.8777964192018597,0.9990602025785864,0.7688803726155526,0.9857944723351717
5145801,6068118,1,0.6035239370376272,0.9955603577519834,0.840203389274532,0.9776098563521379,0.6051708138154721,0.992484774701053,0.7260721111893782,0.9761858222899636,0.6454613382248314,0.9853481946864006,0.7082924242399926,0.9466169002592285,0.6846714050459703,0.9956413679433849,0.7408867739467722,0.9691811679363783,0.673011301915274,0.9963489715807297,0.810789818812037,0.9810213410722106
7760801,8350427,1,0.34754524023942845,0.9960063500413058,0.7105752084395354,0.9565733564403681,0.3292122572344019,0.9795708418224992,0.5586093798099965,0.9603296971588591,0.44640408538203835,0.9930021533071024,0.6558038599949052,0.9541771910606414,0.46548572005086525,0.9906605493918473,0.6118976771433766,0.943199000272888,0.44657546512084756,0.9908348405874152,0.7412766255139156,0.9560878528252463
8113080,19090290,0,0.7169539772377339,0.9932146120764006,0.6075718575278403,0.9538490549947048,0.8003171689785322,0.990606200745542,0.43644837993723473,0.9701464359675287,0.9394799636897959,0.9960348542547363,0.37695768415255515,0.9609348723707462,0.8797321151488128,0.9981378832911987,0.5048308652140091,0.964036156486151,0.7721219157857437,0.995757779004517,0.7165655441520459,0.9745828132740847
15707123,529639,0,0.3240395187896204,0.990545527959655,0.6447739086472315,0.9519814072486654,0.3192222495606971,0.9795008807867202,0.4130584293566022,0.9529732118756004,0.4513971978862014,0.971888907348736,0.49028590543165507,0.9301166229490725,0.45717074639823835,0.9717198424715483,0.4952042479713983,0.9142844803423994,0.4191954121250077,0.9895992594858358,0.6537482032478056,0.9623838486761463
4235407,7384218,1,0.4164314779942287,0.9927919185801386,0.625570435859559,0.9627822222222682,0.4658528644111104,0.9673902029598451,0.5093187395479356,0.9357933722984992,0.6117631736652639,0.9899041166635238,0.4331738255922275,0.9384726111729108,0.6328022729758359,0.9874194134957596,0.5096006798742343,0.9480629168945132,0.5022343493540925,0.9967981484407255,0.7054490638400579,0.9815997177556959
3767763,19436818,0,0.49318354438238554,0.9909668884046253,0.7183202941038507,0.97789745444533,0.4733239028464884,0.9915336100855281,0.49838367612204604,0.9550293039144665,0.6373868779473149,0.9824589119611378,0.5690018307034939,0.927064214159819,0.6496248137623106,0.9859950166052389,0.582119538429307,0.9418584612569822,0.5796648013428207,0.9909569036730793,0.7756250259561872,0.9669088500755663
21405565,2517852,0,0.40008954734877233,0.9982582745245977,0.5854208409817148,0.9760602682852781,0.3655358343829202,0.9832103646535291,0.34445607583227167,0.9415461814247718,0.5633771932919872,0.9862876059951216,0.34708827503028017,0.9371499147906894,0.5520429050956995,0.9759012213663523,0.4262772386701872,0.9224124049001671,0.4905445550453186,0.9909250181888016,0.7055060580093225,0.9697908362784036
12607168,2883828,1,0.7483047056645057,0.9908350540994002,0.5958233159627977,0.9391106158826336,0.63054538819856,0.9839028434842978,0.33843281521046775,0.9505914325731336,0.6772711546814342,0.9910315791657515,0.4791359328507927,0.9287130162766135,0.7115440091360742,0.9892644928856817,0.4486590483762031,0.9613953710025204,0.8024991376802783,0.9977346181883183,0.6221577893004566,0.9605295244618429
421187,2059352,1,0.317292270287377,0.9922968811967751,0.609564083105878,0.9611093037346641,0.3060030094489424,0.9756909755630303,0.4610865289574775,0.945893339006346,0.41920282444939094,0.9636768242691575,0.49378329887002925,0.933822118484632,0.4200947479173222,0.9635921185755099,0.48100300632417803,0.9284895433443082,0.4009759923441665,0.9891084376422111,0.6871904619779101,0.9754337171926823
21321505,695811,0,0.5840947771321974,0.9949355991837227,0.5235733651199501,0.9295477253550958,0.5319635751594679,0.9810070991911091,0.16744539084024546,0.904755229441094,0.6140784482461167,0.9641961090899985,0.3960617405781768,0.8626366378830683,0.6322380324495671,0.9626467556523153,0.24547156123452973,0.9018610294997554,0.6417588744217881,0.9957941266312319,0.4928157402600345,0.9522009514393912
16167361,111060,0,0.34856566084140955,0.9958139937565574,0.5614616777013854,0.9636649678743527,0.3432922274583601,0.9749901459918316,0.33352565465190054,0.944320744794102,0.5411162892320049,0.9764431912564727,0.4761845128125448,0.9310420622388051,0.5127135553865868,0.97704624169517,0.47316543200889627,0.9245037650725447,0.45297394708225214,0.9882575468062903,0.6739423408127123,0.960863452555568
22328842,17585720,0,0.5694041920892444,0.9969901865754142,0.7303564650636281,0.9804786736708155,0.4819426640442497,0.9922312460177323,0.5065907264372311,0.940986029047018,0.689226105487262,0.9912540611085611,0.5994162619252036,0.9591717260311187,0.6932328496878742,0.9888152029338696,0.6072016989311291,0.9384929083762236,0.6374297293228909,0.9973007714549857,0.7390944286360475,0.986449160636713
8003021,8216603,0,0.7859747507487186,0.9959898288944012,0.6825623838675631,0.9754329681112663,0.8100684694661089,0.9931375023899546,0.5821022535920553,0.9651627973971486,0.8507548392758786,0.995232732767101,0.5878951839430011,0.9700677450825211,0.9173945496054706,0.9985990005600519,0.6233677800844662,0.9641819499761379,0.8268467861769568,0.9982976316433172,0.7112424776776731,0.9812466823266349
2476569,13026685,1,0.3793728784312963,0.9984697200655139,0.7944856806387333,0.9765233581284876,0.37014032153701093,0.9937921794336277,0.8189769223301435,0.9844509192414473,0.524463237729566,0.9955236728112157,0.7787629313540112,0.9734959368936669,0.5466532850228141,0.9958794378814476,0.7813564861264354,0.9769677028200883,0.4798483103036064,0.999064802048551,0.8192624943478627,0.9779400967231582
11957386,8611951,0,0.9495999750889978,0.9913713660633754,0.7487538706234881,0.9630764120771635,0.8182099360934887,0.987399714690587,0.5416552908285579,0.9443793429913255,0.9099963245382098,0.9981634226731637,0.5685345221706101,0.979168631151386,0.8510866795755044,0.997704234919187,0.5655910249443079,0.9633072503572134,0.9597146339220066,0.9954614031440042,0.7243229121025232,0.9690571108811935
20566090,431295,1,0.3280194810601506,0.9845245675586789,0.702931897465392,0.9492665854063624,0.3453617478159975,0.9749535420424944,0.8187245373394543,0.9508300727587445,0.4328304874650037,0.9897928334865149,0.6821152469748321,0.9384682451362538,0.4439069160462175,0.9968558919147313,0.7025934826028939,0.9532444513486991,0.41019296952386824,0.9944459015803517,0.7317713772258602,0.9662688011783149
9746855,3573409,1,0.3030464008954292,0.9984963628303737,0.5387135916987039,0.95643033484015,0.2980428282652868,0.9917431511926309,0.40396906312859027,0.9545081583916086,0.3777277876103888,0.9687178725508728,0.4669706628660665,0.9360046718218801,0.3877575717184801,0.9601351726701597,0.42577348787549374,0.8679890771106307,0.36242267705394937,0.9833360163224805,0.6002192624038416,0.9610442056492087
7380001,340064,1,0.3460448813685598,0.9890590625687583,0.6334786317252301,0.925504953982472,0.335207993105603,0.9876302170107971,0.6754840500341556,0.9709278309892867,0.47974569947909007,0.9957256946251901,0.6412835807546771,0.9395235271436373,0.46719867096726336,0.9907276998880802,0.6866328945227104,0.9088116839984466,0.4448044027104412,0.9977795643037328,0.7312212736023659,0.9677631168215882
3654358,2498760,0,0.8197183414143846,0.9988988494818001,0.8505441200825425,0.9753255290369531,0.9128454083309466,0.9940262549905602,0.6942730025754286,0.976673052971291,0.7396442051523147,0.9957296041167603,0.7514227611314721,0.9508753364617525,0.8410609031221873,0.9965175450055161,0.7198966669539792,0.9489538114439395,0.8536646254429837,0.9979796078161,0.8541085042160053,0.9824237816403706
12985350,6155833,1,0.36094177633565666,0.997137012688208,0.6384866052975142,0.9664190418593737,0.33915781048438715,0.9743353618985888,0.47497965710976453,0.9370360498384251,0.4922240931411807,0.9703564512723244,0.46396637685868236,0.9354377052601617,0.4793587375424637,0.9724382297265517,0.4012899975678519,0.9240551785176412,0.44822774922444325,0.9887108696442207,0.6470290099809617,0.9610835445009532
14150943,9827345,0,0.3314043256977564,0.9944497525564308,0.5927960807804045,0.9485317694306883,0.3311134501190982,0.9876176335191451,0.38463962748103886,0.9547812998605963,0.47563113215030106,0.9786084644567267,0.5404115696550409,0.9540920103325737,0.48432860308734454,0.9783227133309554,0.49231357190253544,0.941164198827568,0.43360910014589726,0.9891611805013751,0.6707911986371391,0.9561445082032829
17374904,941896,1,0.5660499373991889,0.9982248085501992,0.8008123687967251,0.9844039456584724,0.4818481110747217,0.9983192003187954,0.8368830063581237,0.9849685582742957,0.6902420074480117,0.9848949788400326,0.7725361569797068,0.9161718051183378,0.6602721911889365,0.9924059734678922,0.70297377184326,0.9338162220710418,0.6463550512700684,0.9960439374470347,0.8147190730872873,0.9748041293846211
12690725,7949001,0,0.5529207133086886,0.9929082369199803,0.608572527340123,0.9358343957554622,0.4113028372082413,0.9949601524038754,0.4392378842953575,0.9636061263870938,0.5886454118130631,0.9900867309858117,0.45741950952281785,0.9087596294572068,0.5819564900759927,0.9898547140997387,0.5049035662964569,0.9451176893149663,0.6355114945382895,0.9959099169846497,0.6862562875125587,0.9570776845896387
18492103,9794673,0,0.36691818582512825,0.990263186419636,0.6328808050706356,0.9612881015406822,0.3843355195273968,0.9736158144519848,0.49612429899610755,0.9352777386013584,0.5017135238194527,0.9716648387581909,0.46789980304777323,0.9087131572381141,0.5190269988973685,0.9703078613653,0.452825512118204,0.889776785337307,0.47315264802199175,0.9904402326071967,0.703329717009927,0.9598656555217383
22991275,20929406,1,0.9619725354380364,0.9926938553675422,0.6506717348232072,0.9698911623937941,0.9008672918985247,0.9906104949942686,0.3993904412490662,0.9118782392420313,0.9385719282672195,0.9963882973666288,0.3545980399702544,0.9549850857319693,0.9407034242888418,0.9974032488588668,0.2316124511937283,0.9550094991622242,0.9756576175964249,0.9983292268464163,0.5376775086834639,0.9752520517201853
20884203,4794470,0,0.3657792434732516,0.9904778787806323,0.5433929736872544,0.928405041578745,0.3329343690280812,0.9826375013206201,0.721481584855816,0.9678777720665307,0.47127352315623355,0.9910614842864501,0.683007350166454,0.9418376977631926,0.45852889675741565,0.9965625903926792,0.6397615553427223,0.9332574418086672,0.4594508317538503,0.9985491658133109,0.7127037588269535,0.9661109960948469
9857411,23096632,0,0.6637857305189808,0.9941027129596822,0.6773505208915812,0.9542057554989885,0.7919538386388149,0.9901540917278046,0.5605561418863594,0.9675961567613862,0.7758146386779919,0.9951889767845437,0.6271779196863878,0.9627510018181026,0.7534206363759484,0.9935102042882217,0.6481927736288023,0.9663829763069688,0.7250325344339672,0.9975578733864751,0.7287024823655153,0.9702064835392076
5090669,1829463,0,0.3717584482349823,0.9914537181191384,0.616592439680719,0.9664639300260838,0.3355598268672415,0.9949445624230114,0.536122338822633,0.9625896810086414,0.4888358597399308,0.9865969243790769,0.6433610231873947,0.9558453019817136,0.4876769947709159,0.9863077582559345,0.5354785798281183,0.9508785736092575,0.45876732957805977,0.9926973504961198,0.7567630844734642,0.9773342372908003
11929030,4533931,0,0.33778397107839603,0.9921684270230676,0.6018717890685703,0.9451629377767254,0.34692471421410914,0.9864748456100542,0.5436216808193182,0.9644170318127362,0.4924929379021036,0.9812901306210341,0.6419013098592705,0.9550713267481047,0.5064045153814457,0.9792501085690399,0.5811971375098298,0.9355769595546612,0.44065399607135824,0.9908819055823654,0.7022401537324372,0.9613800498982779
10816827,13541067,1,0.39656633982647504,0.9974775914094657,0.6382956314140147,0.9671355331235842,0.44378841207350295,0.9916015107131623,0.5315818233757144,0.9615115475369983,0.4981582920032517,0.9762524618125009,0.41882896731142094,0.9414334395723978,0.5065585969187508,0.9769951490173697,0.4720240486814392,0.9385338901691875,0.4832201933150168,0.9852384208796056,0.6776081816950768,0.9602152980073807
20210697,19950034,0,0.5477303930827742,0.9942688245958214,0.7292463370804319,0.9709603477051567,0.5503726911590262,0.9960110942893612,0.4442252879665546,0.9707887399690636,0.6580541058309435,0.9826368867068532,0.5356411919794983,0.9341398692539078,0.6907829318196199,0.9878680031488638,0.6037116514947222,0.9532682750487059,0.6223988225658342,0.9920265301621701,0.7810491285259371,0.9646316214960253
3296961,11995931,0,0.5643471085579097,0.9920340595375721,0.6202487808361685,0.9619254243949062,0.5128768292184205,0.9954362976644971,0.3198809039872572,0.9568594386696793,0.691074349800134,0.9850050207528546,0.4502695897748743,0.9435335429436496,0.6965885737119448,0.9872448129126365,0.45148507372944846,0.9590953263787895,0.6349842879169675,0.9939519808543116,0.6788501854140873,0.9733202938567262
8751038,13680335,0,0.3829713439425914,0.9991783093166687,0.5471410672769443,0.958916897106009,0.3695101783406494,0.9849919747769453,0.3959213416776506,0.9567417189321348,0.5055410729085701,0.9719336889854291,0.391043112595721,0.9446980170906613,0.51088035366445,0.9715520950944527,0.37402393292320557,0.9425667000869347,0.48260313653175585,0.9901668268203747,0.6179889877004419,0.9724825036479271
16797428,18850012,1,0.32969449697599934,0.995810600637859,0.6772952110604609,0.9583940110144882,0.3269702796207861,0.9823627275026016,0.41273273378582276,0.949179490028462,0.4559793643894717,0.9757890383641401,0.5768654829012009,0.9403748133675727,0.4619047675587829,0.9772496261955115,0.5087564476438761,0.9325569337296609,0.42239709760501515,0.9898993487724922,0.7042634776040095,0.9662913094488278
5634854,13247325,0,0.37435119870310335,0.9949407392601767,0.6373821101364094,0.952909131468431,0.37924979124246083,0.9806232920514745,0.4497816910974063,0.9516812939377165,0.5394405512903432,0.9872984619810897,0.6147723995842793,0.9607171777746614,0.5302881141466694,0.9867530749933816,0.6723957999716919,0.9665681088540787,0.4712255639136474,0.996884976706572,0.7196920632636408,0.9660339165302462
908793,13396233,1,0.44168181471296053,0.9896803830182642,0.6059835118755641,0.9612155243947874,0.3395514954358034,0.994826007888349,0.427389382168216,0.9275102273230822,0.5574300126144509,0.983950133310952,0.5456256576838872,0.9553392323384304,0.5574300658302003,0.9839009780062925,0.5926079227889445,0.9576373546324375,0.5253293772075891,0.9927793856030687,0.6797494252900265,0.975463305706932
19292394,14899566,0,0.5918498603883793,0.9895683905447038,0.6942381851153251,0.9602945635189579,0.618530222657079,0.9906341786758882,0.5133274699448784,0.953265105433671,0.7400695190735819,0.9926052627230774,0.6353712947267571,0.9625993034369504,0.7508876744657511,0.9904933662982991,0.6474095404898652,0.94620364693171,0.6677194289905937,0.9980767851791129,0.7534746401317606,0.9731948625062958
15347323,21485699,1,0.5850512451254852,0.9945061934761478,0.6692914710860252,0.9700010252200763,0.45662570780112194,0.9945688957763734,0.3927309675196421,0.9413230685946797,0.6013875030895498,0.986534328507915,0.501287744760991,0.9601444939920136,0.6112017398181878,0.9873130608095894,0.6240762763687624,0.9651246133865273,0.6537701033717301,0.9950526017940942,0.6977831274710049,0.9772013088468805
19322942,4452454,0,0.7452894791621705,0.990298879299462,0.5882906266542756,0.9432077041918295,0.7902328170140963,0.9821534441434543,0.4526138469984877,0.9559617694835445,0.7905253384197264,0.9924268373170052,0.5346871262604326,0.9661909835199434,0.9037334999329009,0.9971955079655754,0.6026233395729687,0.9540735798125352,0.7935491915261329,0.9877567746469098,0.6860938090183928,0.9489121859598909
21781575,3660402,1,0.3550141514994564,0.9931784939317412,0.6379381188296177,0.9664758136746338,0.41578700500781995,0.9866762676692334,0.2964628562697179,0.934087346527415,0.49450892049892553,0.9596487675666125,0.4041954710047889,0.9186614360341744,0.4981251416474429,0.9606151027003622,0.39517484873583264,0.9247401685211777,0.44029520055497534,0.9889418168469335,0.5396282566059816,0.9481634622474475
7904404,21511914,1,0.5661787430596337,0.9979157046927188,0.7214126364335869,0.962133821574247,0.6508829279081305,0.9873543270464696,0.4946862505501338,0.9677870914389317,0.704745073011291,0.9946743732515024,0.5355837443899488,0.9507544241835006,0.7340146842950348,0.9924435028080281,0.5356751582578826,0.9491485298056704,0.6345578292918249,0.9986874229218651,0.7257869676661617,0.9725244600572789
13028547,8117581,1,0.3323397596994191,0.9981969079511339,0.41000646686715503,0.9668114941529296,0.35672759767254714,0.9823955922758211,0.36180437019138056,0.9410131720278928,0.5002551520459673,0.9614997887307732,0.4059601983600083,0.9159162281934962,0.4996358131627971,0.962314309163726,0.44573496091818887,0.9202410557880703,0.41157654903872,0.9904557015784935,0.5360695028499909,0.9564244409293787
10993811,19549575,0,0.5407993679476577,0.999020807363492,0.6521152608087247,0.9800997623891918,0.4569712556316673,0.9913618316480104,0.49409049375242076,0.9600240876941553,0.6829285625612834,0.9923708995843509,0.5329741778633472,0.9506243499231433,0.6574538993301481,0.9932345167289558,0.5069789603704469,0.9551612709199383,0.6140704723465894,0.9967723168762329,0.680544141241226,0.9783249988184909
6780166,16545678,1,0.7911236300796409,0.9968720794260436,0.6635633175853575,0.977372651894529,0.922232441318877,0.9944860137136239,0.41130346289372577,0.9486266522769289,0.8919756735191541,0.9824441966175804,0.5183232592965675,0.9309856893431656,0.9445721337109113,0.9940525171986963,0.5725351094061135,0.9638043748383459,0.8272258443951359,0.9983598489667778,0.7181068195951249,0.9808269877745814
2381662,9689565,0,0.5538431136727436,0.9978094023135547,0.6142920521780187,0.958517128047928,0.518024382121816,0.9786512834278903,0.34842812663377665,0.9331325813498047,0.612489519291875,0.9808197893454697,0.4332786389671698,0.945637343050864,0.6256750155736093,0.9801284603540206,0.4572553972631812,0.940611777079904,0.6240834939225015,0.9883708789025806,0.6115094501094986,0.9589685522611244
22331867,18613811,0,0.6619328224402911,0.9929241021208558,0.5478887820539093,0.964303679305329,0.5928249694793967,0.9781765480987148,0.49194110398331337,0.9450400116560722,0.8979274760568107,0.9928953088950381,0.4795493391483988,0.9440833257081043,0.7053795305662399,0.9954783074895912,0.4695094258655629,0.9425214582216385,0.726587725161197,0.9990983479048442,0.7228008513755815,0.9775476929298055
19392393,11617413,1,0.33461679266907657,0.9953867853170995,0.7099883864490408,0.9744192008800519,0.32100144286842375,0.9968641937942058,0.5780063595042089,0.9639900248378064,0.41760774168150355,0.9896934828478192,0.5855301160186694,0.9164148268872998,0.446835940538065,0.9912429004540837,0.674212940607334,0.974135407828936,0.42762536516056604,0.9956802945918143,0.8296609282008373,0.9857721786575157
10085826,10443091,1,0.42098887037368465,0.9973482998325942,0.731759467804107,0.969898071316015,0.41606547600537375,0.9970163129831174,0.7060919645828231,0.9817872423919103,0.5972477428374166,0.9933290940240206,0.7614643020089265,0.9624271454504059,0.6070599643614356,0.9893323840337586,0.7252705219873024,0.9277713785972329,0.5207081813675574,0.9969063194749829,0.8471603290974076,0.9794131429189726
10942052,11020818,0,0.4396315609140067,0.9895414034062818,0.5983402846136441,0.9297495033415182,0.43719709506079907,0.9882977932626866,0.5133865896095117,0.9634018932533257,0.5834230891884373,0.9863114143831319,0.5858216069592241,0.962436113330242,0.5784847942149668,0.9861461645305828,0.569659199432058,0.9666665781043053,0.5339859800177726,0.9945439009028185,0.6923822063439493,0.9429482779190301
23496079,5467376,0,0.6078274646783941,0.9991719578803907,0.5868240658430094,0.9473469109245132,0.48121397059659105,0.9930892033501908,0.49826257420864006,0.9727497684250054,0.637999687843334,0.9944296780189126,0.6125427851792284,0.9502269946437713,0.6395047816512124,0.994212060215228,0.6574240640435385,0.9368797913198909,0.6745122887219976,0.9970881659747977,0.6989994001229359,0.966242658441792
19663,10754938,1,0.41116769164402284,0.9880162433238157,0.7084976025320049,0.9645049762495626,0.4934313380810807,0.974887353696046,0.5242424868305606,0.946642110945807,0.6118504244059041,0.990906681126949,0.5751778110033848,0.9609447368839612,0.6330632180153529,0.9880373254534206,0.631322797151948,0.9386704252634638,0.5037313964911905,0.9926860050038676,0.6965563687225029,0.9628124609025424
1115931,3734993,0,0.47785076596104753,0.9988123491793315,0.6376157532311488,0.9503555857853425,0.4435230739280322,0.9922939287868923,0.42972191966640993,0.9655361291625563,0.6125670292126513,0.9851013778141497,0.5238850227161275,0.9569915158278359,0.6094309939687409,0.9853454489566653,0.4954244915044752,0.958460198240806,0.5560574844426613,0.9921829983491777,0.7442563375896605,0.9656131583887095
12641711,5405559,0,0.7496099342775308,0.9925357018085703,0.6929392286369318,0.9510299214781981,0.7418766729314389,0.9984715316308556,0.5316553253330121,0.9715410097347353,0.832504367063449,0.9987636033286573,0.4470208024737248,0.9078835975099033,0.8142434077103646,0.9949025457075154,0.5111108242775545,0.9158659539869106,0.7910266029858637,0.9948478399676534,0.7735381665876476,0.9580634819845824
9141695,576772,0,0.5746607913302072,0.9996937351731663,0.7307229190704847,0.9816451531132829,0.48427760427530747,0.9978941795993305,0.5539314150598932,0.9702050262163786,0.6180034393273013,0.9918481534245946,0.6143299541875795,0.9619049675967253,0.6067199914378306,0.9918664637919317,0.5853587715100548,0.9542512801823821,0.6495940332417305,0.998222990013794,0.8017334423611094,0.9877875455537651
22424633,13490977,1,0.9382052199411269,0.9954878704434071,0.5343457656253117,0.9611596274808692,0.9297122994501458,0.985319856010004,0.33317430013631366,0.9385400971846114,0.8672066357915719,0.9946863248966173,0.376063356224817,0.9536031028984495,0.8683355592078223,0.9953211964392895,0.3491435785307039,0.9494248156471929,0.9428691567876211,0.9915142314990317,0.589733691707554,0.9657065390313821
18310019,8330065,0,0.536071981300367,0.9962290878829496,0.7605014675862007,0.9631122327023088,0.5198030888288021,0.9948500298864148,0.5008031352119791,0.9730985246667709,0.6642187080557158,0.9927557409333417,0.647297866173689,0.9773343904253972,0.6663522894388759,0.9929145661193168,0.6466053430939345,0.9756637947141209,0.6126898957832408,0.9948037155948618,0.7384327834246345,0.9755353940995061
6061402,13365065,1,0.6041900494751846,0.9978654944066412,0.7057999346080638,0.9806550903313805,0.5088770357961362,0.9906864347647161,0.5293393419646624,0.969640682311784,0.6607638244361425,0.993954223941709,0.7549883512916523,0.9751062385715776,0.6594390702256905,0.9941233544401168,0.6592715255415051,0.9722205424284829,0.6706074996144328,0.9931461403148382,0.7403251009241516,0.9742137330682388
23389978,6936843,0,0.6643504547858544,0.9958059731583677,0.7010628714792937,0.9711002954601666,0.8548611494522689,0.9910915249029831,0.5151404912102986,0.9591980043628587,0.8892579079246287,0.983865654025095,0.5900815133628557,0.9165369766827216,0.9046271194495592,0.991250864904815,0.6140660458272198,0.948133656142657,0.7364363388070031,0.9960169044621404,0.8143370284553372,0.9784219961869098
5048822,6182434,1,0.7050006092349842,0.9969288306899863,0.6761379357603533,0.9751030340192082,0.7179647968044007,0.9950949038451109,0.45422520768857033,0.967313462826299,0.789221820982212,0.9948425754220722,0.5217179688501663,0.9588363402113631,0.7870893520694253,0.9949231224599725,0.4882375559454476,0.9595055953288768,0.7677352336983291,0.9933240260347639,0.6865215723101434,0.9612961872880125
13456570,941896,0,0.47938630343754,0.995884696262242,0.7712415227158989,0.96918991917652,0.4026190402490764,0.9991660315468024,0.7957986806050734,0.9876447605575093,0.5713178338867391,0.9844170711400054,0.6853763517626216,0.913289775190209,0.5782927893767011,0.9884935581200163,0.7485958310415852,0.9301697122149537,0.5709020783306824,0.9924386004147433,0.8428209644566471,0.9642125437571848
21395181,4462296,1,0.3083992820671236,0.9886809252263864,0.6204035594073877,0.8923900984648476,0.29761294676391903,0.9835353640538104,0.46335614103700895,0.9637017936598161,0.3632362339802954,0.975787823211004,0.49957404315934295,0.949818212295752,0.3657030343266345,0.9736553037379427,0.47239721217873354,0.9424160649156155,0.37636832399288983,0.9927095282657019,0.645220131570903,0.9314368098528268
564191,20103762,0,0.3007653997320735,0.994301744982618,0.7351984122129677,0.9488775793581372,0.299755246374464,0.9911688643200274,0.690634951132213,0.9758842704030096,0.3719619060933844,0.9931643763981787,0.6655743072956496,0.9308425195328134,0.3837605785453037,0.9883833083203488,0.7314960346069623,0.9167581621440039,0.35542853548150133,0.995025944222406,0.8040535731794918,0.9625679420673253
1427758,7169017,0,0.5254141858777388,0.9969228033484819,0.5607674726357282,0.9552008823267416,0.3904048622475772,0.9694419538275182,0.2740847703482254,0.9369239149664776,0.5644462200130123,0.9873105793634621,0.4073227124975035,0.917188559507381,0.5750637690397153,0.978890531574173,0.4416713551385777,0.9446692764432258,0.5959919588223714,0.991575247876694,0.6177724621829112,0.9668177043761853
840277,11779246,1,0.6608071713682437,0.9917564252734238,0.6914926758421756,0.9772780318207168,0.5336369935557966,0.9823353290771308,0.6091791945298471,0.9610622221533642,0.7783277158925581,0.9957099416748003,0.5855618717617064,0.9762737158341913,0.7908948819384918,0.9965012262122186,0.6086319285363455,0.9503858359538808,0.7215563966888402,0.9982176678757301,0.7728038630173595,0.9801304961495306
11865905,10293577,1,0.9398467856918776,0.9930827575200953,0.6652185188651041,0.9560689064218177,0.9147025534759471,0.9914465320174847,0.6290038144083636,0.9778599542690896,0.9265764356735549,0.9971238611541212,0.6383816724746496,0.9717706404095597,0.9113405151091145,0.9980451857056238,0.6394064976987766,0.9734543534022632,0.9540570088863701,0.9937892674396863,0.7567570319866013,0.9594970423922057
21337941,8841555,0,0.4947844919501569,0.9957945314102312,0.7013765576890565,0.9779133407166049,0.41747212749417395,0.9970163165408414,0.5403021265635655,0.9645057704723415,0.59197604312423,0.9908385866846149,0.6096083508837429,0.9675497663066573,0.6023241543109066,0.9907727650483189,0.5697581626286314,0.9748889059213214,0.5645870545569717,0.9990627441599892,0.7446985246146469,0.9856924726160994
19462026,17454682,1,0.3028485530252398,0.9927349917099997,0.6458853162126573,0.9603810923163726,0.29596675704995395,0.97172773878064,0.4477163543102568,0.9511650086603856,0.3764577307223979,0.970154874120044,0.42728732726397256,0.9300290428229122,0.3705083840841752,0.9644993970372652,0.4327495637262224,0.9008274773514101,0.3546198765331096,0.9844508323887543,0.70684571364986,0.9608215912920312
6291471,17439818,1,0.5527331351097712,0.9921489920070483,0.6101263586868649,0.9697945073353489,0.6599591210600984,0.9878997593572038,0.47756527526561554,0.9480918699655008,0.7029677879103534,0.9897484577653569,0.5272350173279381,0.9604253836326732,0.7193521419725148,0.9881729234397737,0.46247526379761394,0.9548353264448699,0.620213382594325,0.9943097728577667,0.6939564358635648,0.9621165625657099
3634782,12757148,1,0.43669919738603863,0.9905334811518113,0.8125810603888937,0.9725962432077293,0.3838078621136959,0.9929057760741614,0.6947107872051088,0.9791527552240269,0.592004083373316,0.9887260400178068,0.671223287350555,0.9523414688401852,0.5830045540432616,0.988172541380519,0.7094604828087023,0.9347766370646997,0.5530713498201419,0.9859271806585738,0.7522877641845152,0.9270841209608393
9891128,12626920,1,0.3091921022529038,0.9958346010126107,0.5532505230097953,0.9431646772899901,0.30293639208328105,0.9761801460708635,0.4150776187244073,0.9426829120200576,0.415404780164227,0.9592166493434083,0.4039519486957799,0.9197804466835131,0.40133255876287915,0.9557228870613923,0.4152119579768694,0.8925305850235923,0.3707581599655695,0.9869076716825721,0.6132449598420735,0.9689826203186112
4977583,18972693,1,0.33467430143145127,0.9932016137968062,0.632296383862052,0.9499139743519192,0.4126546585914644,0.9722630029566196,0.3649036435678916,0.9256732353645456,0.489910979397572,0.9720429837064047,0.4784878987685025,0.9410179247669864,0.49282153004271595,0.9723137826794181,0.44793538537610145,0.9423916315227121,0.4165943582609777,0.9873982606458513,0.5542095760815438,0.9636313897515212
9983757,2177544,1,0.421383874657003,0.9994178395765743,0.7372424534176154,0.974021369812224,0.42517546503502057,0.9945961358883311,0.6009283229898958,0.9761157617468394,0.5202546948567256,0.9792445391914897,0.6160955020118248,0.9207314679357457,0.5793384975764935,0.9882035889269074,0.5839231321305957,0.961090885883019,0.524275333619974,0.9948209177450772,0.7716580621889217,0.9732224491861232
23022776,15453832,0,0.5011448266159148,0.9965445632528704,0.6369706674550032,0.9442576161635184,0.5330585873116578,0.9904899989306862,0.6152704043856665,0.9680467386656431,0.560276596068236,0.9905820735671835,0.5047205657461808,0.9591797960569297,0.6371527869463689,0.9868952942136814,0.594295200920119,0.9517972730647535,0.5784936149186006,0.9917475961567835,0.7201170647260865,0.952530826507437
9096612,6417996,0,0.5225492855955005,0.9972694612143729,0.7179864628931797,0.9773084837208383,0.5171370191268299,0.9902187009511813,0.39260496781209575,0.9612728228611205,0.6972494640539741,0.9853983198775962,0.5629570404531605,0.9466784337249379,0.7087736172529675,0.9902071946765968,0.5537504294071749,0.9575406978315399,0.588688506432076,0.9965920388939247,0.6764965844861734,0.9732543382310223
8401358,1983098,1,0.7093175634441179,0.9991672799280269,0.6891978345470706,0.960148076700116,0.7546439057443225,0.9812866647249423,0.4647498330595009,0.956334097874698,0.8105789668421707,0.9921740869423005,0.5429055116302273,0.939587930150598,0.8034429936736744,0.9930274345037904,0.5307867710156196,0.952282607704046,0.7678558671954232,0.9987084556888814,0.814847210206446,0.9757955994457262
808361,4440887,1,0.7782815248409499,0.9977350675600264,0.7022312461221021,0.9693713543726696,0.7956513119375992,0.9926567719231476,0.4279280277481934,0.9611017933358629,0.8914444074295644,0.9968620984490252,0.6130743668781873,0.9770312596691861,0.8722418053346919,0.9964347657033784,0.5072989802707653,0.9646574019483144,0.8210576002250672,0.9971724551730913,0.7079365614081006,0.9775112449171737
18962892,23243320,1,0.9597261112515538,0.9979898217236287,0.660459878644163,0.9647768654145756,0.9388208615305301,0.9983153439383845,0.5495102991564034,0.9626751835517432,0.8521731281914069,0.9917604263199276,0.6348935096350192,0.9473471513961004,0.9157135028924414,0.9972072592306862,0.6908955667688437,0.9614446877179827,0.9706235739337999,0.99591842382538,0.8132431354289822,0.9704851802412474
8809710,3011295,1,0.31785224008025065,0.9949883547659274,0.6445271522942712,0.9773342765550368,0.30210741745775516,0.9911956315951729,0.46159929081793183,0.9542561342542921,0.41822497332681374,0.97536216442995,0.5421377581646962,0.9453199696802859,0.4162687729251654,0.976482456463255,0.5384865231740104,0.9498541808730231,0.38725701998573947,0.9885093062449957,0.6994304991823577,0.9684930098979199
23677114,5671690,0,0.30445088421434063,0.9896622732026964,0.564543134026972,0.9521480534442179,0.30236866070367835,0.9791268382744945,0.4683897975915877,0.9500116767938946,0.3935313985373551,0.9771440000755558,0.5772079266868431,0.9512206748459194,0.39877279510370817,0.9747358887729598,0.5789899482560436,0.926089258866562,0.36157502734211333,0.9949485219220955,0.6799145216698912,0.9683782186269344
2972949,13048962,1,0.641612944360586,0.9968066465827141,0.7325372508725803,0.9859372970093938,0.6837300752101028,0.9831861784361234,0.4726683589639723,0.9462735868728672,0.7749931447313305,0.9919627696793321,0.6197985072337874,0.9383541474499144,0.8034449385354641,0.9977879166054049,0.6730455772451286,0.9744067510960491,0.7072489131701747,0.9997104999517776,0.7582946025050602,0.9890249379861724
93208,14263421,1,0.3918196289697447,0.9961410974617035,0.5204294348830605,0.9293734335140487,0.35322811105849616,0.9984674674657753,0.5134304792626947,0.9682359012161474,0.5701646450131511,0.9840992754903396,0.502414119644462,0.9513924772730236,0.5705023178709224,0.9836415652215513,0.5291282916440323,0.9580565783837811,0.4789238924214044,0.9944208239087529,0.6973111854288325,0.9531752253861139
3672328,15561074,0,0.30937913227757396,0.9942000923056301,0.6155221059389124,0.9515407195992265,0.30431192616370556,0.9755498356624923,0.4691788672185444,0.9389439154611405,0.4151330760409695,0.9755321951356284,0.48680827327504717,0.9360712335168809,0.4202740412976602,0.9727458657325855,0.4893399175787114,0.9235703618512221,0.38290360842107857,0.9876332386733285,0.6255316270384876,0.9579185689280564
22422244,3175529,0,0.9204084562492375,0.9961940146903123,0.6307539098241531,0.9682332302336878,0.8385600279204208,0.9935309119590444,0.4046380633151525,0.955847365787508,0.9398963093127907,0.9967171798605731,0.5227060617052275,0.9646928621125249,0.9441963297398182,0.9981093726962526,0.6316120158434162,0.9709615290853127,0.932036782856554,0.9941807086626436,0.7409476229621298,0.9635683194787946
23620425,9061980,1,0.33157129223622717,0.9926568295266828,0.6110820201764614,0.9315944638763857,0.3155203062194938,0.9910293006870502,0.31116145506001913,0.938767634493107,0.4374113785681662,0.9619282724806748,0.40483838686979057,0.9173388225122724,0.4488509935927791,0.9663319848689528,0.390158286194377,0.9281287032083192,0.423812170430537,0.9872121471121273,0.6081680948166439,0.9432786302672759
13031531,19416288,0,0.6363895495979103,0.9944754046040872,0.6566765431780514,0.9555293317401145,0.638000908534456,0.9973235782880094,0.370878412866399,0.9645942417574973,0.6526107190139586,0.9900799441849207,0.3953898664662594,0.9324527613790644,0.7508301984532562,0.9936163406941271,0.47693585739636213,0.9266867412617764,0.7044454603312502,0.9948648723841489,0.6933850556615551,0.9751969850105239
21177597,6729311,0,0.5147861262505397,0.9965211490441089,0.5822899385824223,0.9504786882530336,0.4397864473471474,0.9908106713683158,0.470514187865959,0.955531161675716,0.658108114290637,0.9907467126948629,0.674736018829166,0.9704253710766922,0.6346459830390938,0.9916513538542171,0.5390662879181913,0.9611276984024693,0.5886951205617592,0.9971013161094309,0.72100611811144,0.9674930476942661
17957003,8651990,0,0.5621035042248966,0.9976286109557813,0.7023142362773682,0.9785397071369712,0.462462890294809,0.9932053540030198,0.5188043144067733,0.9595104742368527,0.6248785933427498,0.9950964498722337,0.6582593364466975,0.9543910284502374,0.6500261432343521,0.9950019408009791,0.6754505364930122,0.9657375062744106,0.6386656069178291,0.9992848369025539,0.8013324391129423,0.9901403077106183
3024973,15660054,0,0.5054646931217762,0.9935269746807607,0.6872422095032343,0.941948608367024,0.4905239965268122,0.9858417413121189,0.4388687718760108,0.9513382930209154,0.6145118729289959,0.9856843107195062,0.4779091014380302,0.951866652142495,0.6003738720138305,0.9863671008182573,0.4820525637389901,0.9538782086363926,0.5861693270498867,0.9966489797553291,0.6356145141352636,0.9661304166829943
22275470,7682647,0,0.7525977927556967,0.9938220748658062,0.5949852237962916,0.9458160437034371,0.8682327155732695,0.9984312931753246,0.4993214249846085,0.9721108997096566,0.7444472343299413,0.9905512940943114,0.6511941538326722,0.9294990779724929,0.8645449483081249,0.9939824581057755,0.6538404492434966,0.9150895799076784,0.8047132683014434,0.9965328671282213,0.7306593561819452,0.9600506348841569
8565955,4617221,0,0.3268243204710607,0.9965537418503012,0.7101230869162833,0.9549700027064842,0.31767312167307143,0.9882434955100268,0.5205492845817814,0.9641232309365694,0.4020849577212869,0.9900328431546607,0.5650183550325306,0.9494273754797438,0.43766249238884053,0.9821543897744569,0.5548361179395462,0.9350009026457897,0.41485429684307096,0.9951033194034257,0.7266637240134985,0.9740497082020068
22717685,17373549,1,0.35257132024874305,0.9969203657827067,0.680610215466686,0.9689310463637606,0.3768195545230677,0.9849294223147379,0.5238484436048734,0.9585386348872731,0.5239880436989252,0.9930644238881303,0.6413389943447843,0.9633112104597978,0.5401104931108782,0.9902712034719372,0.7250147315812913,0.9726247706254089,0.4441394948772114,0.9950093737138593,0.7647166573351025,0.9719139470725827
7427547,19660598,0,0.9246538003490177,0.9961208500480797,0.6767534844117737,0.9807358059884711,0.9373302597057964,0.9985754411359762,0.5837638368547662,0.9780057778067974,0.967606908134157,0.9989664356960525,0.6537455962012697,0.9697629292297257,0.9506252278259694,0.9994028752652627,0.6402673631758424,0.9765185877147288,0.9396372245793408,0.9939224219851518,0.7740724524902597,0.969733508780913
17638222,211061,1,0.3800473582585708,0.994864536407804,0.6134496830321854,0.9511131708098702,0.3451754783080091,0.9913612965701103,0.5617821545304352,0.9477580390487855,0.5098001336025276,0.9837188532425983,0.6200804017278259,0.9606922055609363,0.5207568954325013,0.9823655600957197,0.5427672643916022,0.9527277455657129,0.4877660280057566,0.9886227506024309,0.6855680493239045,0.9527517113685722
15506300,4551057,0,0.41295737277152633,0.9984060591753511,0.7855320124931111,0.9789917558965353,0.4419597547306862,0.9954324563767816,0.6969343816541691,0.9810706707126262,0.5565652254612774,0.9944202189610986,0.7959064507254086,0.9725411540640113,0.6288787780009713,0.996550801394896,0.6975238638514597,0.9479485103624548,0.5208624191904629,0.9936692675843967,0.8279994453497118,0.977026533493577
5565615,7237618,0,0.6453198294248718,0.9978705862463786,0.617297873000191,0.9695231032897725,0.5499596349482029,0.9854480696458531,0.41294985045333854,0.9370047989672682,0.6843589563845188,0.9881677253543931,0.46401935305026465,0.9622784748522998,0.7038018719071868,0.9882923202012157,0.4746944680591698,0.9358954188531373,0.7198071190544061,0.9909250833740456,0.6630427848079785,0.960387684898895
9403118,15946011,0,0.7082697146075182,0.9930565735443564,0.693825713852416,0.968616551222044,0.7359625087600735,0.9860515766205595,0.4583838978154957,0.9693280311126145,0.8100072002291886,0.9869471289233578,0.47022338046567114,0.8944226229169644,0.7592504963245483,0.9849376833356,0.42760064923830854,0.875900215980567,0.7671253292583705,0.9978920974377473,0.747677340903865,0.9720347815527973
16948799,949221,1,0.4027464603058426,0.9950394113452693,0.6225466880569341,0.9672449703990786,0.35318215707101497,0.9899883506112536,0.4204790031396388,0.9560702370865933,0.5963805321228162,0.9863286821951767,0.5895748821651013,0.9649468989898947,0.5977579895286742,0.9894279311493802,0.5632983290228935,0.957820807480125,0.48999846780878525,0.9953749877584037,0.6484654833927912,0.9679985726055905
11779245,23596949,1,0.46247433619405254,0.9968868637186659,0.7331767559400143,0.9653491221080285,0.4326588026092778,0.983847324643176,0.46820849073376625,0.965934632494592,0.5662423438792598,0.9876129361102716,0.6412979684372262,0.9618126413956467,0.581160938143766,0.9822185964824504,0.5594139315474892,0.9308613835110972,0.5547136525554778,0.9904958947599706,0.7128852579726362,0.9595108220577955
921317,16993715,1,0.6640392757295106,0.9969699605672662,0.6988247612853327,0.9430739395883833,0.5743320095125111,0.9944720885681044,0.6243755948546656,0.9709916213449122,0.7201524115525334,0.9844322992036386,0.6849126201954769,0.9201297075074046,0.737319244190014,0.9934469903802279,0.7692988827454583,0.9615703920404209,0.7375933278213531,0.9954141459973935,0.7844794782047992,0.961503475194341
935017,665978,1,0.4022642974314007,0.9911343195291097,0.7829627264495946,0.9763590769000555,0.37925031705109796,0.9850547983113165,0.8513609341404775,0.9695435680045207,0.5333193887332264,0.9958622378250312,0.6999919158827054,0.961107454286542,0.5098992126718072,0.9933491449627453,0.692652668463028,0.92759176191235,0.5074810053709526,0.9948087531338874,0.7605111049539751,0.9656289163217302
20898459,11517213,1,0.38234209657169466,0.997723841518761,0.6669465691829168,0.9621450702897474,0.3575190694549637,0.9912775194892781,0.49286423095915555,0.9488045716403192,0.5085896031339704,0.9847360608331405,0.6189335763907737,0.9559392268027859,0.525193058949369,0.9854177938530063,0.5946304089715085,0.9600126716150229,0.4786573956574657,0.9944630084422291,0.7402205453140589,0.9698962561470945
22327409,19722337,1,0.6165392449318792,0.9941977430247784,0.7243963433621506,0.9723496413620507,0.5509731930075329,0.9976263622176733,0.5915579892115007,0.9719181717103986,0.776736578257923,0.9870678555014278,0.5594239514029781,0.9088843740264801,0.7207290951625195,0.9873865188199463,0.5721348871114704,0.9021691096234539,0.6903295752202975,0.9987532900590349,0.703080485021615,0.9829877682654211
11591523,15710690,1,0.37766905460633554,0.9960898786380185,0.6682411046452386,0.9509688183834349,0.33669063345777983,0.9973988255847558,0.5028393831594129,0.9677229230103214,0.5154758793294999,0.9643144443827342,0.5078376422447934,0.8373479993312497,0.5281575007614453,0.9767030565019891,0.5466034205616623,0.8834761107739949,0.48471308000049407,0.9833315950277401,0.7070501167386318,0.9269055886220937
22728536,5305335,1,0.38970263829625024,0.9922360290004235,0.5319821796948343,0.9601282112770843,0.3495235426925296,0.9939540576121259,0.424624644673268,0.9563974260530805,0.5983047407918191,0.9836699671522067,0.5449137942165433,0.9629851231921005,0.5930077987773171,0.9870360898853764,0.5402365469041783,0.9441648684912227,0.47456531265670987,0.9916916996357868,0.6549359580528269,0.9408815498113254
10288424,19471650,1,0.8576028219674867,0.9940521806368798,0.7180940184848719,0.9792943632684389,0.8484775235948845,0.9974935746055389,0.32930009743583366,0.9487267900557611,0.8514345021964492,0.9915051930719784,0.36323700353333843,0.951294651587478,0.8514345021964492,0.9915051930719784,0.36323700353333843,0.951294651587478,0.8681640384410376,0.983049479714059,0.5630512274710274,0.9433424340165294
22480999,2432640,1,0.5855325580591443,0.9945334496570815,0.7309572084970513,0.965304855077284,0.7331980670433088,0.9854283442541749,0.41239574327526385,0.9596240927170735,0.698294744270445,0.9901119301158526,0.5278705408565623,0.9639631579843918,0.7022411381886509,0.9880353988616655,0.40000362802267453,0.9458842375161552,0.657035630424051,0.9942260867784327,0.6714679319470682,0.9690739935591348
21648497,19753981,0,0.4727103211800661,0.9964212988155937,0.6741262806833905,0.952729591114387,0.43982598279979546,0.9914610405337748,0.46935013981257057,0.9547012520569806,0.6291162326536253,0.9848633759486495,0.497483759172478,0.9409432461822335,0.6336539767589773,0.9849567998311974,0.5761309870162328,0.9454561437990945,0.5423479195501014,0.9972968787291986,0.721010793894909,0.9713013129067883
16833560,8407905,0,0.5345233430118517,0.9950506691435567,0.6719857528131774,0.9777443531507322,0.48496616680546634,0.9927399033873083,0.4470977935151842,0.9522767534318646,0.6407939707913898,0.9901066886408602,0.31133160929642356,0.9508212289968939,0.658582919965046,0.9884367995709432,0.5129024212300659,0.9481388152090946,0.5985292804435064,0.9923357110621674,0.6668340293014449,0.9780506441391158
2930278,10912335,0,0.5701422596631702,0.979572948123567,0.6392169917831658,0.9257688377887244,0.5534958883054354,0.9867186368754369,0.5516908094092277,0.9633332830505821,0.590325000048515,0.986132030568217,0.5388666457016935,0.9513073493377482,0.6582068315664386,0.9919918748977291,0.5117916671506493,0.9315547809536853,0.6424332437138521,0.9944061628288818,0.6746110048379368,0.9535782253046122
5468514,22642186,0,0.3164273824015709,0.9916583554457181,0.6605659162917259,0.9654902071005513,0.3003716164559118,0.9929079004442845,0.41841776956426446,0.9422328042922445,0.3720115667508884,0.97682972049086,0.5185554957957508,0.9521323224714269,0.3874686087715189,0.9706030829304068,0.5458456507802902,0.9159747522447692,0.38442772045446705,0.9826867846508944,0.6730394764740635,0.9518684051277528
7292100,21799005,0,0.5687494242210778,0.992290623526938,0.7243779003003049,0.9654804913177135,0.7029177703427195,0.9718859970365927,0.45634199195896785,0.9209387033422625,0.7450071350782289,0.9918129886016084,0.5520901328856576,0.9649096775882458,0.7649749574698576,0.9899990586758864,0.5412773398957154,0.954140791261289,0.6438524427436628,0.997671256576362,0.6873912202333883,0.9721681243668058
4959517,2278820,1,0.5934309901817162,0.9933926940960428,0.586998368886025,0.9400545644988729,0.496650784520877,0.983170821231226,0.3853988340266872,0.9465596137367878,0.859384855916992,0.9941416724408991,0.40206987335642785,0.9524975422302673,0.8603353668425338,0.9920742344414852,0.44741241176150637,0.9508138971960369,0.6578291970759723,0.9918238485482649,0.5170374286714804,0.9537127703285271
15192681,7292917,0,0.4774391397133239,0.995951810263765,0.7852355088786794,0.9813664488892122,0.3996558282880646,0.9935515611138518,0.5799781959530095,0.9733340228437651,0.5785656786862078,0.9937359027572144,0.6054628928712746,0.9571614340636936,0.5395973937172045,0.9944349259077196,0.6675504836984163,0.9461198785931194,0.5555135797938012,0.9984839435368321,0.7788912077122596,0.9801158291712746
10073558,22642186,0,0.39298368089174573,0.9934008577281387,0.8435899350883246,0.9759448669884776,0.3648998393509864,0.9975335811565136,0.6127277238363138,0.9786153255640391,0.4677129158860925,0.9908002416915027,0.6825641628120316,0.9303922550207578,0.50244922798143,0.9944129661370483,0.6443028258405833,0.9624463035658156,0.4864233382665701,0.9954140966186019,0.8337709999261522,0.9785425623670462
20924118,14988339,1,0.5392728113248113,0.9965898506419547,0.6780036360273023,0.968573098351758,0.46127364976755325,0.9887885817754614,0.3965378459689779,0.9600881822450041,0.674553818537451,0.9866574564387489,0.42648317424264837,0.9465020420462172,0.6772222269518838,0.986959988646442,0.42619662542133463,0.9488219344043329,0.6103411303929474,0.9941170198897665,0.6866795987709708,0.9775669573694439
19984804,14239158,0,0.7080694084988831,0.9897775212526785,0.6552062312103706,0.9622316202033357,0.8635800381242751,0.9893952404795296,0.4986650638156127,0.9560420302819626,0.8139770004530842,0.9959444022985849,0.6730194420750145,0.9725611993704065,0.8325257305829763,0.9969495797419362,0.6842156857120509,0.9733076823545542,0.7617892651781494,0.9978851550435024,0.697354900144801,0.9728026462456164
6686537,14121759,0,0.34110427196403575,0.9916926685191028,0.738770887338445,0.9587216132510853,0.3560553086538703,0.9940682087321207,0.5316402083140054,0.9700404124971403,0.4063948463286432,0.9832815039492063,0.44869272380187675,0.9111230729679011,0.47257661866307815,0.9836306496257564,0.49312419895795256,0.9246015782200705,0.42867107682660904,0.9896875795872415,0.7380805059017763,0.940769104114716
19578818,16337161,0,0.804683958364225,0.9966839286944427,0.6872639208473217,0.9476189481455023,0.7034028307606641,0.9917544168886435,0.3775642904037504,0.9494862207672989,0.8325059782835,0.9950221623950554,0.4227244482048431,0.9579092028952344,0.7890625298699129,0.9922857938547034,0.5054203900503569,0.9489210955333958,0.8410133051840883,0.9967212064070258,0.6199707163679122,0.9605682424522113
15596949,7952920,0,0.7006298942528558,0.9975996441411272,0.5627245833240169,0.9799316084216325,0.656264465946445,0.9912550296883833,0.4037630388909672,0.9511598365841412,0.8575995521561989,0.98575857788693,0.41814955458813685,0.9317307463561316,0.739890328633958,0.9900488970798045,0.48923032041790626,0.9437822266859763,0.7554199947986606,0.9988361217606748,0.6271012505588863,0.9751306475896293
2161862,21462055,0,0.5685694438864889,0.9979000370957346,0.6915495004824819,0.9715922142411202,0.5075013747166599,0.9930137578662913,0.5612258410218133,0.9696053944943512,0.6529245514604787,0.994805462466466,0.6257447285602021,0.9731580981729353,0.6617993316417322,0.9940024597989129,0.73231120488863,0.9676152091235564,0.6416267298036074,0.9984122507136673,0.777656591649831,0.9840614495737038
17425238,17576016,0,0.39583781585449307,0.9983184116100245,0.5810039670956098,0.9549927911191185,0.3628616495328273,0.9757130555594272,0.38138075718673814,0.9431436506043165,0.519674510606842,0.9767016621560018,0.5034279104214185,0.9436683051405119,0.5361042355942623,0.9757445596236328,0.5088873677294616,0.9363758832845405,0.4906545580286085,0.9874413121943328,0.5987675759137883,0.9689691644094706
19721715,9663259,0,0.9396800114977412,0.9958439727746666,0.8043556346369178,0.9573092994646994,0.940401693367793,0.9990759175822975,0.6993753530150622,0.9828928285689884,0.9138569954255128,0.9912770120037789,0.6540333744945319,0.9410031408070872,0.9467500549331248,0.9985806074029655,0.7023687586022597,0.9598710078378128,0.9548440634074301,0.9963071285113794,0.7529352841695367,0.9634658104483214
19549575,13207434,1,0.3825304098290333,0.9938758140252539,0.7105784812754194,0.973769772699472,0.3465817167345658,0.9929961469433036,0.6583163504734859,0.9669453552589932,0.548160752092599,0.9885491932398823,0.6349163098821973,0.9509122712851931,0.5439418491073876,0.9862875262191468,0.6333842081047563,0.9284518083635644,0.4754341838417412,0.9983074418960223,0.8145091636172443,0.9776635925200986
8361377,2852141,1,0.4200235603122339,0.996681885821621,0.6032504024423819,0.9570159565739941,0.40454539948699264,0.9823144168899062,0.48497685481054587,0.9548101817159003,0.5250505878002015,0.985314180102907,0.5199667015591378,0.9594983306228801,0.527342720315696,0.9845978324929132,0.5806564775608138,0.9620793490075994,0.49744038955724784,0.9960744736121907,0.6984216803082859,0.9690216126251879
3998244,19875962,0,0.3170289914697814,0.9933622840915307,0.5198852543679582,0.9671559290282613,0.30219145256573804,0.9792872655524504,0.3167552245594618,0.9383396342568274,0.4402383411274447,0.9633259134342509,0.38501192421357266,0.9335118589109863,0.38370024665542984,0.9534545848111375,0.26678428947975885,0.822635784576674,0.38636299564864,0.9803831770371623,0.5290317272239606,0.9463975249388707
12973571,17275141,0,0.31278197143803926,0.9990014890209937,0.5597697566517688,0.9721343739347438,0.31208033599869944,0.9985668802514432,0.4758355479025279,0.9670631796037115,0.41294949624881866,0.9873778959159067,0.5828476191258196,0.9383295462791589,0.42107206923881263,0.9868954404362573,0.5953427567905805,0.9442889091114834,0.38404682240714927,0.9950383009532683,0.7240773980449753,0.969766200588429
18048834,11952110,0,0.585515393322215,0.9986046204936861,0.6088037777437625,0.9754267590503859,0.4650746041367453,0.9968095524957972,0.41684293648622117,0.9651881398604678,0.7406275892017822,0.9933041782164225,0.5623476263091147,0.9657770584318457,0.6890737252543954,0.9938669727736488,0.5003872252389638,0.954017694982621,0.6502755586591676,0.9951609150216386,0.6726115174675205,0.9756247763219611
3410039,6793553,0,0.8439780359328547,0.9994631390784741,0.7258879853688635,0.9597467728795379,0.9430494706782737,0.9893017138301169,0.6739022197963163,0.9713819103647173,0.9182700298379946,0.9989510003887949,0.7290257001564739,0.9762244592424886,0.9464650336220841,0.9980945000759339,0.6372328162194452,0.9526393824069097,0.8712287172636416,0.9995531030543843,0.7985531475651199,0.9789560231147973
14865742,10413153,0,0.5460969900446278,0.9912889646865998,0.7169059707488546,0.9590424117006998,0.5205552609883256,0.9977700375630121,0.6466579024623356,0.9667422851627372,0.6085746076395369,0.9947355819369083,0.6134772016056709,0.9610222885449475,0.6804485607400089,0.9929561704734209,0.608375671850879,0.973172066753697,0.6269741658775821,0.9961644022819136,0.7930054079360007,0.9840187220347816
10634007,415583,0,0.6561530799662092,0.9983385011582168,0.7368175525960529,0.9791623853407925,0.7353940020141456,0.9888374823068707,0.4712133770149143,0.9510680389881838,0.8537236910190613,0.9974225321338763,0.5666633138979276,0.9626807373923004,0.8566267721847939,0.9975788316252684,0.533327203871123,0.9584704926299151,0.729966967613337,0.9985955157772843,0.7557016767139697,0.988976464032487
8827647,16549081,0,0.352922472255217,0.9911251467542004,0.6605082168204208,0.9711685045677783,0.4059712003672546,0.9717264947075571,0.47239354555892077,0.9301923299813379,0.5405514374748358,0.9807345664352062,0.5258480992637835,0.9114560752760466,0.5680216361323717,0.9781614116710756,0.49606076485282447,0.8866039230868051,0.4533744338538257,0.9899253574996063,0.7059344834769659,0.9626574271184144
17454682,7407008,1,0.30938573874537384,0.9931532741512495,0.7003444459026082,0.9831181210019032,0.3029519304919638,0.9952032927337104,0.5741320208053733,0.9680492631981977,0.41337926037065137,0.9842007875764361,0.5621900324776683,0.9564823171679442,0.4113626226602287,0.9830264718957488,0.5723736375448703,0.9639370867235374,0.3766592334210667,0.9939438983355812,0.7795046601267863,0.985505060266868
17930256,2883828,1,0.815696377105302,0.9934876288104235,0.6234842585121806,0.9455568055939447,0.9607082451683158,0.9894100265466984,0.4249870932316858,0.9560945720651747,0.9177965092198139,0.9959599960866821,0.49164262049486107,0.9614604748961022,0.911367085847538,0.9889517322585584,0.4928140538477017,0.9411195409610456,0.8566068548007129,0.9948041493046261,0.643187176788526,0.951365506792582
1699618,4643706,1,0.4951033531808894,0.9889559622063899,0.6501136806443701,0.9681542304846823,0.4891746541059651,0.98920793216859,0.5078280104085211,0.9644558332946472,0.6420825144426673,0.988751117827279,0.6669748404881639,0.9590145633459283,0.642064215210091,0.986335144315861,0.5935671018213624,0.9526433058342008,0.575626688884132,0.9944550609621676,0.7390118825559897,0.9791595824239567
3024986,5927306,1,0.40761563599601847,0.9939050579717787,0.5264479507865276,0.911779125762151,0.3649676405145919,0.9800570332858992,0.3593148831084205,0.9498874895025959,0.5093760204931842,0.970260212071875,0.469323184977131,0.9208623624072592,0.5057153850403863,0.9675714700294947,0.4276413248953125,0.8822391336199954,0.5120422241659024,0.9874005891223235,0.5301717132738037,0.9274284058083895
4707507,21644427,0,0.6694476189028435,0.9857790628074283,0.5651335668113893,0.9480503204195222,0.8515306104492343,0.988645523658142,0.4799615400227074,0.963335895306741,0.7410870360220622,0.9916420861411607,0.5429278085963434,0.9604556338237128,0.8317708331262864,0.9961059664159002,0.6385691808650247,0.9489291697414785,0.7394788856785518,0.9975509536385636,0.6956219606187743,0.9594282454531203
8055627,14390570,0,0.44309448462482326,0.9988633620653177,0.7795272300953957,0.9846708081102135,0.502804540157394,0.9964161570977317,0.533292787687898,0.9680506081379835,0.596304896048777,0.986692592778703,0.5895131082202154,0.9647891924493677,0.6722740388215147,0.9897765279305352,0.6095627570888361,0.9463690476213652,0.5268883952182376,0.9956520850774473,0.7521716721679139,0.9804907083339078
17497944,22035132,0,0.29378266163273586,0.9942504709866717,0.7285108736031098,0.9618310608389509,0.2938795892080968,0.9903591092651922,0.6634571522249655,0.973670744941426,0.3180876749824637,0.991306783334557,0.6489729439380113,0.942108741153091,0.3172769996289711,0.9914840286504439,0.6978536903073518,0.9735206159719687,0.30723304705120075,0.9980520775681264,0.7544803341995667,0.9740371387686868
19050843,8054454,0,0.8531055809118291,0.9963876222763556,0.6764996512111991,0.9642495474787967,0.7929214087408051,0.9912485405345066,0.46514184459272,0.959190785160482,0.7221336598314267,0.9756619007860956,0.37281667996436607,0.9122119318641693,0.7737971749769738,0.9885208023462684,0.5214250234136588,0.9492384229829302,0.8779401175793108,0.9960839352676785,0.7285714836392978,0.9731041681176625
4147982,821218,0,0.3698295842292781,0.9947606683830402,0.6836856001027618,0.9750840092886128,0.33156452765433797,0.9910282177018341,0.4255582839650205,0.9461922299537254,0.48249241255829595,0.9734328019060741,0.47752690006308574,0.9389722404257604,0.4969843890036242,0.9731401160069606,0.4205750939899294,0.9411630571822941,0.4741996101455179,0.9794302515557828,0.6444149264184728,0.9393656507927803
7726775,19274388,0,0.5947864707386106,0.9924667756237336,0.6672307154214496,0.9459321514062455,0.6088490244930378,0.9989099271464427,0.40867031829148626,0.9583389212788759,0.7774550705491323,0.9937906658008167,0.5009785626001038,0.9669910834152732,0.7530676620539941,0.9906224428060825,0.5164486123722365,0.960920868310234,0.6671660474712758,0.9971839462781047,0.6723488802099247,0.9671841579100043
2525684,23486114,1,0.3096530298997027,0.990422121394181,0.6103438243735473,0.9553271327912164,0.30112227781975437,0.9951391422521916,0.4639072680110372,0.9399464731527862,0.41347719562698537,0.9783533258715192,0.5819408858083156,0.960077208902249,0.4120277565859559,0.9786913070224595,0.5766690761799416,0.9452302235065355,0.3803112821806455,0.9884936002087767,0.682938724964981,0.9469321990036211
13940142,21958776,1,0.6359449400409918,0.9946990297855645,0.7169088576394804,0.9688930892400464,0.6409040700585471,0.9947733596658823,0.6707378499454533,0.9702031107587678,0.7374042072123533,0.9970367620276829,0.7827213496143597,0.9681979771309337,0.7581811341583188,0.9975848308422325,0.7262228458840991,0.9781708482836393,0.7065959781443119,0.9985177851157027,0.7849910288409622,0.9748419732477336
1477955,16116703,1,0.6599238840438252,0.998136427368226,0.6514053352992699,0.9579557264335529,0.6009512595927246,0.9967020254073363,0.603321648798312,0.9634429572315613,0.7498957757887603,0.9927092897211726,0.6473473863883001,0.941175183532586,0.7259488526508681,0.9948415798482397,0.5747084744489215,0.9678207214707859,0.7191120580429754,0.995807229221608,0.762390051385127,0.9679186147612214
4347908,497400,0,0.5830885260217566,0.9942732725480518,0.7790845956076913,0.9766829913334449,0.6547995737005414,0.9891135102587364,0.7564778927804652,0.9729101175006163,0.7997343596998903,0.9849366112928165,0.6473007975964414,0.9316759684667282,0.769896806732919,0.9983929792494584,0.7173007152711897,0.9763013613110634,0.6534281623381343,0.996027897851099,0.8187367496047111,0.980824293925738
10824317,21807527,0,0.9298843098392933,0.9926353222273655,0.6190010008649481,0.9438079968753033,0.9062782215956084,0.9864016170307274,0.41147418150964876,0.9521266472003056,0.9464669200110781,0.9896997412399742,0.4661559704309295,0.9411253845376625,0.9615812997671981,0.9991222326918054,0.5457110725974159,0.9715504126189747,0.9566066374949979,0.9987556002522322,0.6529423141435069,0.971114410330505
8138998,11394767,0,0.2944654617145736,0.9869114728996633,0.5950441284159464,0.9625236427496614,0.29368232111605747,0.9689102961293087,0.3235323776530721,0.9203146838817939,0.3421203499770995,0.9428426266465036,0.4249902120502127,0.8738634416752006,0.3344729319279834,0.9412578745425888,0.3786985344954319,0.8420203948982101,0.319178846112794,0.9738866055964203,0.5102188794510314,0.9261036744520873
8766831,11453456,0,0.7833152193387939,0.9982411044901928,0.6281241406978441,0.9766912744033097,0.8507788542924816,0.993522650980102,0.3732171800229501,0.9350485287390765,0.9204790558520219,0.9974275040639448,0.4395147228734133,0.9163409618641818,0.8826427714264159,0.9938314309889033,0.4042059618621958,0.91430100698767,0.8258154650384157,0.9983470211558859,0.5873798272922944,0.9754945431760301
17557354,7209394,1,0.6045438862676408,0.9943645585982097,0.6895377301374579,0.9743375664809905,0.5287051497454199,0.9939771068939778,0.544063686638214,0.9527984951461741,0.7125279569148628,0.9905013215790358,0.5835363997364803,0.962496817270613,0.6948642853524227,0.9879805668860178,0.6013018723933534,0.9450970828227168,0.6741634909824401,0.9967920906905419,0.7248940514819264,0.9818590870937075
2450,1686479,0,0.3262677767823783,0.9984524135778725,0.7537404415807782,0.969561729281701,0.3376824219505444,0.9883037928604443,0.7614989696613708,0.9687234551876741,0.4325345193858103,0.9946710601899101,0.7187963380559271,0.9653846246970041,0.4763097121617124,0.9973677483258342,0.7127718346503682,0.9698886857106572,0.40891961756242173,0.9951624178706824,0.8178055841286191,0.9768428540015984
16851953,8250730,1,0.9521173526896461,0.9943780275515096,0.701279215818211,0.9675003879405958,0.9466497685752112,0.9942880721367842,0.5292531065718977,0.9768162997032446,0.9288277944229958,0.9985967873338883,0.5100868415374423,0.9655637637540523,0.95621214516256,0.9972152998388485,0.522680393174709,0.9464343825887513,0.9611197417082082,0.9975801832242024,0.7184721648373613,0.9708192920228266
11807467,10669537,0,0.6434889140520167,0.993926830796703,0.7434799190033261,0.9720469650268667,0.6699424972354069,0.988991773268681,0.5801161907469412,0.9640394796778414,0.7682659819867421,0.996056707037712,0.6298264253861925,0.965729013919835,0.7727515686542688,0.9959746382165934,0.6143693356747775,0.9736474810259774,0.7127287510662458,0.9963033729128888,0.7741060989544745,0.9701195627762349
13312539,7225732,1,0.3138389294778843,0.9954975573343312,0.6771994731046691,0.9656227098923762,0.30683155479442753,0.9926828768814293,0.5129415701078732,0.9644505792298639,0.42747338146166686,0.9737555633907884,0.5797625565549773,0.9067219303382887,0.40432074825789016,0.9810797384059547,0.6062463987535287,0.9373069840013568,0.3868731293974277,0.9921053634983519,0.7217202938894283,0.9773644939252075
20924118,4889264,1,0.7824770884659785,0.988592007212613,0.7189379794507282,0.9625386872290477,0.8620223348047166,0.9900498710973497,0.4348962448655058,0.9549293613967783,0.8093003088122694,0.9940420747766392,0.5396185595029133,0.9513846565190176,0.8182359396729708,0.9955872291466109,0.6553274368225296,0.958412654071108,0.8285819799686888,0.9989668087599977,0.6217443249649605,0.9698377645680468
22323688,11101252,1,0.31406062912595856,0.9950522852169241,0.5192704724152853,0.9446264733589128,0.3110833405122216,0.9946047722819317,0.5463256675071542,0.9604757661076878,0.44323882163540507,0.9860992084242421,0.5966424767404783,0.9575657125280228,0.44143018448989935,0.985201941644877,0.6392913960607474,0.9554625267383839,0.4117948450632824,0.9934972197756091,0.777068643248823,0.9764327342663213
23620425,20103762,1,0.34757997980003913,0.9930259474555305,0.6289469510760353,0.9258010614284606,0.3184018160771086,0.9908759563754574,0.2682752838304935,0.9403622655411242,0.46532699335427774,0.9600316707374709,0.4557864819005425,0.9023332777495435,0.4591065797508401,0.9656601355155916,0.4144131827092351,0.9307966606198019,0.4387742966235474,0.9899580943024523,0.5590454253185511,0.9511866348894584
21273051,3352341,0,0.5610343741312663,0.9974990346075789,0.793782048824825,0.966266880076497,0.5639199202817218,0.9951795475800409,0.6773010932554839,0.9773701723356375,0.648968973841936,0.9957366021463061,0.5913424839141522,0.9637284221767133,0.7121292636336368,0.9939879191700624,0.6470077519127098,0.970951993943633,0.6362521586743792,0.9974087791272793,0.8004516222582245,0.9704156236930487
7901588,20383360,1,0.3051781777625951,0.9907068593400726,0.6783779246255648,0.9449880313947067,0.30717872453731754,0.9644875511744532,0.41611032036218387,0.9262627281106136,0.40131666863294485,0.976449017717734,0.5895066907435544,0.9468212550168156,0.3977307912025823,0.9763325214897799,0.5892314590329577,0.9355875432881767,0.3616373414344561,0.9933568661586532,0.597837388538762,0.9612863895762318
13893663,17472701,1,0.6843856373487319,0.9952008766575119,0.4855305990747546,0.9528461664309412,0.957791263845913,0.9962312642394232,0.39081847969531935,0.9465191837952344,0.9112829288130905,0.9887079260773244,0.44948806224786664,0.9247392440330812,0.9162981867295239,0.9888987403488885,0.4956463406317315,0.9331946255044333,0.7462225812694081,0.9907103017989757,0.615148610973147,0.9623566661837156
1949890,3330945,1,0.3184511152132621,0.9949115714539437,0.5420983103488712,0.9486064532860777,0.32268968114405416,0.9553532587506189,0.2616700362272095,0.8987443941728211,0.4641534891449025,0.9575809554166277,0.40030951888423105,0.9197793391479882,0.4786191671835189,0.9564950427911886,0.34166155587515334,0.9024863905043049,0.40889810187320025,0.9828483014548558,0.5706174067319212,0.9663748780890566
15372362,22637563,1,0.4420282290150758,0.9941157946495587,0.6781133814070309,0.9718335404204095,0.400190912507494,0.9876336081892777,0.48619189416497244,0.9635931024970273,0.6242255651494559,0.9862029908104465,0.6491286089248514,0.9477884994035974,0.5954269845794428,0.9844037939645739,0.541486884861156,0.9247396813361394,0.5310242056399258,0.9964620194464198,0.7150517061516687,0.9846167202605787
10205542,12764163,0,0.35768138380657727,0.9961871038716729,0.6297717397294742,0.9742830407493215,0.3262919819006999,0.9911712692611475,0.4618202605006415,0.9506074290645047,0.4460976991042847,0.9877493988189586,0.5415412415399348,0.9521596481722671,0.4698352053223759,0.9796011565856203,0.4487783458731368,0.9298921519354161,0.4493845116330191,0.9913965960867607,0.7440390968378121,0.9735569876326969
20122631,18985881,1,0.5314773953029972,0.9952542954780601,0.7578934495357977,0.949792757051561,0.3712338617751279,0.9946392751384046,0.8806811437091522,0.977461709283469,0.6479174533456755,0.9965703654648752,0.7718080709483248,0.9734136078226929,0.5797962879574171,0.98883827983263,0.6326842932500087,0.8880999483329052,0.605718548381325,0.9942197624755669,0.7994211382032986,0.962935161125368
17965575,9385030,1,0.3385280783894479,0.9990289844492608,0.6410121535169706,0.9544509338920978,0.30993610104633856,0.9946220449858028,0.4336629202339244,0.955201770438406,0.47119673325828443,0.9750850793581554,0.47566015119228966,0.9470882960522238,0.4500529306250768,0.9736524747587488,0.4452078813625914,0.9337300441926573,0.42861379188289894,0.9947707989581511,0.6673958146016249,0.9718567513023934
3778980,1884023,0,0.6101946731449553,0.9960185003362564,0.6938712872706493,0.9726339971672052,0.6088765091210434,0.99693972138203,0.4764441482481966,0.9676482292441416,0.7368904552082894,0.9892753399928935,0.5481834359770075,0.9569053114805431,0.706441789253913,0.995436865981987,0.6308737622436602,0.9636513129132548,0.6745412911742864,0.9987829773503573,0.7366772994918791,0.9773715409315518
23482443,12413704,0,0.36119303615032783,0.9945016181048438,0.6201818121339429,0.9772076146794227,0.3936616939864151,0.9729381676150478,0.41754820148007876,0.9427938703480263,0.4996468867646573,0.9863390235896554,0.4771787619245894,0.9486199556106989,0.5333717956344315,0.981630484553876,0.5134398034542664,0.9453386453796031,0.4584780323665848,0.9956974101681318,0.691195925771539,0.9777666541341903
20239269,4076629,1,0.5213971915839662,0.9964706753673992,0.6368604633773199,0.9793412052030259,0.5341668450469468,0.9809511853859331,0.3837885520625779,0.941276217464427,0.7189392088557358,0.991658065262654,0.5000344185848944,0.9355549288585642,0.7044722548474539,0.9918420151944884,0.4047740022594446,0.9559059794691978,0.581391783290458,0.9943650985468541,0.6379331637016781,0.9681221814938731
44823,15228322,1,0.38110908690745954,0.9984961568996519,0.7360532619332106,0.9771158863908807,0.33702233610792326,0.9935883967109506,0.6415717361849631,0.9659795055988554,0.5146244977830874,0.99335035847511,0.7543382274466771,0.9730239341013142,0.4961101200134888,0.989994418882796,0.6814526967349785,0.9450895848090833,0.48477470317096927,0.995490780025195,0.8176524068431901,0.9799076910006942
250596,9543284,1,0.7828972564753505,0.9952976773496363,0.7348598158354788,0.9805083314797167,0.7335723248442044,0.9851942697756091,0.5425940548080554,0.961649058487538,0.9703343909506822,0.9984891147261442,0.6462696637009901,0.9763224633347225,0.8588997077046171,0.9957550038873823,0.599388521482953,0.933949859403771,0.8176052014091421,0.9973062354138835,0.730587279119191,0.9790371331790535
5450104,12724823,1,0.5960757678492824,0.9959315115273285,0.7437273552546806,0.9798714384951066,0.49270200029482153,0.9955587415645776,0.5993266455733368,0.9776697822958909,0.8130177977192179,0.9959118986539939,0.5474109439048586,0.9598307853838294,0.7255868528222602,0.9955833801599642,0.5980967116365248,0.9548088478549718,0.657796932312271,0.9947375111514286,0.7900310358500797,0.9753129452237841
5312720,19569154,1,0.5319532533957578,0.9951542831180488,0.637632887096522,0.972922353344199,0.5198081914672391,0.9756769212073987,0.5619424803201964,0.9476270422553534,0.6676237953947979,0.9928042381897263,0.5832173519253967,0.9451560036882519,0.662279939616956,0.9964600109898128,0.6116253014432959,0.9629343295889655,0.6104912222484116,0.9988384279342968,0.7763258173597947,0.9825310564887949
22625096,8166293,0,0.38060208715622856,0.9913521126196259,0.7511870098845147,0.9725452103377679,0.34518631158101165,0.987964183671819,0.6530463845142984,0.96682513276195,0.44414498403382574,0.9822331203763389,0.5842095493024565,0.9266531116999662,0.5061374795071768,0.9833898779116743,0.5100408918196018,0.9062320369716582,0.48333691707038123,0.9853370146868708,0.7812354087006558,0.9496673169160691
13422847,21253562,0,0.6065397705194135,0.9957173094252929,0.6691137760113502,0.9559163333431946,0.4972911618916016,0.99352781626124,0.3879947053678878,0.9513897413574102,0.6634702931015367,0.9887522517203771,0.5212312053501016,0.9538950559611512,0.6588327154953899,0.988020826074629,0.5084187532877383,0.960331519176809,0.6782169911336324,0.993111416347944,0.6802113055002876,0.9655797501189904
10447015,10178498,0,0.9557557992935258,0.9930806278610482,0.6813331628775923,0.9671842488554844,0.9344978540709232,0.9989414435656019,0.4965093126858702,0.9672638722403717,0.9135511076098205,0.9980737973998463,0.5972977884500971,0.9609022732734627,0.9174705210006944,0.9980034772245712,0.569865809755762,0.9676729384615923,0.9579666371224218,0.9940999644737835,0.7170419249547354,0.9634542700053236
98368,19332852,0,0.34491933103692035,0.9971242786241443,0.6758250038845348,0.976376075945986,0.3321552781549203,0.9813615114097064,0.47533161051390116,0.9578791426319342,0.479390011014899,0.9797041482069581,0.6262234407239655,0.9504495265110605,0.48860851087258,0.9795702052257369,0.5484956984484792,0.9335469371208784,0.4514638830518866,0.9825425876831603,0.7024405109261297,0.946389729070068
7553634,7235121,1,0.48133892331642075,0.998043333843125,0.6023294771373251,0.9533000469592479,0.4216108993188281,0.9936947157864131,0.4076179426889147,0.9560269566333021,0.6127292983735204,0.9831898266759467,0.4746363938558734,0.9451024137236046,0.6245178061719463,0.9826796563052407,0.51075132380398,0.9483126587316558,0.5666130578948869,0.9924940355027742,0.6704329798181676,0.9649892447941475
11070888,20368648,1,0.6236719238105729,0.9963076957995031,0.6539938629436121,0.9722753961988988,0.5827664711361237,0.992015312108882,0.40319043174293967,0.9499348807323663,0.7241939916522682,0.9900963361479685,0.45704003440003094,0.9502859579878595,0.727437856990417,0.9902624877317037,0.5942249031621845,0.9591698225753921,0.6913490465480259,0.9928980734188309,0.6573213749819639,0.973113701771395
17907353,13812091,1,0.4243381979367077,0.9959492631817187,0.7612052193103784,0.9716670896770392,0.44811574390130227,0.9867219981574777,0.5564854263529913,0.9607206194162754,0.5448951782559703,0.9907730182267788,0.6861314407688672,0.9664235136785336,0.576681583269568,0.9925090459341747,0.6522700041676228,0.9698743444296344,0.5150137721151417,0.998207635097107,0.7664120919459291,0.9815439683070726
6374427,22125927,0,0.8481807982285604,0.9980250882551159,0.7103887982830681,0.9732340469253001,0.7978705293714339,0.9985300458913481,0.6587490849126911,0.973100353488753,0.9023722669054032,0.9972509502115067,0.7232231260144082,0.9706128838131494,0.8806478102152197,0.9989925458211705,0.6949131475556157,0.9791659338987468,0.8778548676872786,0.9978060100422531,0.8372011123885879,0.9868901940376219
19584878,13290531,1,0.484828760333583,0.9876501373801133,0.6019490577299365,0.9573551009763696,0.5311316736122811,0.9903877728714596,0.44175727607956417,0.9581780161056928,0.6536664146469072,0.985311848029686,0.4799260305257147,0.9497537597309914,0.6503518094630825,0.9861130562646715,0.5093998299649325,0.9567309271043162,0.5544053629653144,0.9911522299224785,0.642262416248361,0.9540453046152544
21722036,8983114,1,0.8653155005655535,0.9993090861114912,0.6415305946291464,0.9658862455347972,0.7112776864702421,0.9808607068576491,0.5251852728694855,0.9400935267597109,0.9427708751727832,0.9947592328747425,0.6396562705211475,0.9328325019955439,0.8965607163946585,0.9971800398693562,0.621258831140231,0.9549668079644915,0.8848875202477756,0.993907203144418,0.7696086426421052,0.9640325928445057
13387011,9195362,0,0.43123626372692164,0.9964136665583165,0.6849374856079449,0.9424354454089102,0.3535575746163867,0.9926274388560177,0.5082455764206883,0.9682600238982031,0.4951224228010108,0.9907218534698035,0.581377914527816,0.9338268589731552,0.5188798566297609,0.9918509612124107,0.5607662436652392,0.9339181570122548,0.5309288998413835,0.9870826740015554,0.6005982241445026,0.9371389050025304
3024973,692680,1,0.3039528944295278,0.9894186162245365,0.7270014757218656,0.9363272199382113,0.30397795943348377,0.9733898394224286,0.5289286119856635,0.9440408347902739,0.3947265596803446,0.9736163968908429,0.505411979886734,0.9439608531029917,0.3682251251048718,0.9754353235342637,0.4602570126163451,0.916669913916163,0.35970706666373947,0.9931518742810449,0.6839204399046288,0.9613313318642479
601908,6190160,1,0.3718821085594062,0.9952456546317837,0.5927942395366801,0.9454422296032986,0.3286331021381409,0.9906517132193157,0.4564314035729432,0.9690212919764066,0.513781028885288,0.9794505182946426,0.47898384342558475,0.9331960777359554,0.513781028885288,0.9794505182946426,0.47898384342558475,0.9331960777359554,0.45647120520093265,0.9950279709519871,0.636817824671001,0.9696288103466426
13031564,347631,0,0.38047678061221124,0.9979202777455032,0.7833168784610597,0.9873507181849249,0.3823093997044651,0.9975447189491828,0.5546338322796968,0.9726848270243018,0.5351034332170566,0.9860463455218458,0.6282519003496017,0.9654279019216454,0.5650829683206675,0.9843741011615107,0.5718483911366776,0.9480448698203869,0.4792832377266067,0.996394419467439,0.7944385902499314,0.986434540687048
15102903,19029279,1,0.5888150295108726,0.9958356721060874,0.6951389718160486,0.9739099401924177,0.635278691090023,0.9770907842195267,0.5470893914295898,0.9487626927932409,0.7282491137463776,0.9922288020361726,0.6061272076685179,0.9339977239939122,0.7468366755680437,0.9952310522553627,0.5339276970612994,0.9558415679884549,0.6721204753199983,0.998558149450181,0.7237132458092266,0.9812305344788765
19474501,9456659,1,0.41531832013203024,0.9982795693217308,0.7113691799494999,0.97496059710793,0.39549504227611254,0.9955534366565214,0.288784650896056,0.9527276848010335,0.5998293928457148,0.9736453307064741,0.4626481634906432,0.8832529218431097,0.5853789245784666,0.9878494190092579,0.4569654871301396,0.932865932919344,0.5025864486016041,0.9962990418833845,0.7052227575641048,0.9687437701935463
22321272,11213172,1,0.8952242248928513,0.9961645722735438,0.5623138243298542,0.9655032935823707,0.961782062964531,0.9752933463345898,0.3642527764789477,0.9426432117370432,0.9314614972653122,0.9888093766533158,0.402091644936277,0.9287666993933535,0.953564325644247,0.9989733718732048,0.49616314936291983,0.9589164375380452,0.9129293055931214,0.998950140038001,0.6175855909300038,0.9704167747778855
12660385,5854498,1,0.9251376424070115,0.9971288192492468,0.6537613578370052,0.9696188926049968,0.918937335057412,0.9925617840506226,0.44576889474251,0.9557553227850933,0.9428563977569593,0.9920472378678549,0.4630445249707156,0.9378680718651272,0.9439771429325613,0.9956915409902439,0.510791479517533,0.9453647445087594,0.9401996955379861,0.9990626406950281,0.713437312920997,0.9836544788864962
17116113,17901734,0,0.5852425222141012,0.9898747727331307,0.640294285317285,0.9235373363391988,0.6322745917606358,0.9882882013294181,0.5675248483300751,0.959843453363754,0.7383303539827833,0.9953994896167805,0.6408212201412854,0.9417763881983745,0.7447923192067218,0.9949751077603071,0.5932191324056131,0.9393882380684418,0.6507208002416531,0.9972493332320039,0.6900726833396734,0.9472240724786377
19260977,14887616,0,0.7056057949579486,0.9993326911214082,0.625573612156022,0.9770365527054978,0.7051689672262217,0.995622870884331,0.5496852080577914,0.9729445019290616,0.7652755278821501,0.9955498368063439,0.5470343092757569,0.9305450259514787,0.7754116868619645,0.9962006264544434,0.6225081112983741,0.9364197065904268,0.7589696635961677,0.9980795222981682,0.7882714248959737,0.9781847520326907
22142748,891550,0,0.7884501339306488,0.9978660982199951,0.618239382422944,0.9740198612567612,0.8207785908377002,0.9961806496015463,0.32208745207480016,0.9526367859359394,0.898655980013163,0.9958234609970599,0.3552559539647283,0.9327421685354843,0.8202236186049467,0.9956778287212075,0.3808693564774799,0.9257699137694851,0.8242045742670766,0.9989194707864981,0.6871830103054782,0.9820255603527677
11939185,19474501,1,0.37352399867523123,0.9976762478556143,0.686763098559131,0.9665734580113197,0.36833451499801206,0.9904548726747785,0.4538959266452356,0.957109683990728,0.5605082643367065,0.9797199028779849,0.4737459057662504,0.9350906682413875,0.5441430227698766,0.9818503986083075,0.4666348059776292,0.9115313623054279,0.46075206595302437,0.9932922456388886,0.6710947012618464,0.9791942242630759
17987049,10685269,1,0.33175574548418035,0.9992732321935965,0.4749233673397938,0.9614923274364435,0.30834946555003956,0.9756195199983352,0.33951323713252557,0.940731768350479,0.40618872514696547,0.9691622180993874,0.3380404764676759,0.9405836459003715,0.43210414723118834,0.9591728652048214,0.39236969611015304,0.909265985340765,0.4107822001852537,0.9876169621287681,0.5329312737444718,0.9607722115781486
9665900,13336602,0,0.8702791897298544,0.9977777466502149,0.7824455125709311,0.969439892130781,0.8377558554638287,0.9927378555329697,0.5299829301587788,0.9703523406189519,0.9501566846685385,0.9983127307378095,0.7021800061770636,0.9731157055405414,0.9382146591989542,0.9985516373186426,0.7020877937337543,0.9780311906743905,0.8928004477615814,0.998618958648667,0.8034382803781366,0.9791797986169033
13420786,20077101,0,0.8425671048878388,0.9956915027183033,0.7843276910497702,0.97369257361049,0.8059743230052003,0.9992237141344882,0.657613958089103,0.9808908254560262,0.905348948182111,0.9940351628786729,0.5454516480612214,0.9226161427647123,0.8148320592668363,0.9978894446456538,0.5519549322315614,0.9152891075865939,0.8722686286687662,0.9910548212107914,0.7491697218643634,0.9551148789658079
20082006,17981986,1,0.5480600301648851,0.9942103856585055,0.6797058776866527,0.9689769889430747,0.5042783447862437,0.9854424613558354,0.3736361284828964,0.9529201222011467,0.6697246728358788,0.9857146621425817,0.492121971877156,0.9602499063746205,0.6827394662272441,0.9830256326681979,0.48877993510898976,0.9405610593515106,0.6231624758597845,0.9933661794913049,0.576852527253594,0.9721082541824205
1858117,3419825,0,0.567404363338101,0.9992263187672207,0.628262126625595,0.9742792075530682,0.5264286604215562,0.9938877333642666,0.38194193460841375,0.9452819911828341,0.6376528760735729,0.9789994977961685,0.4572694251183218,0.9519020899330864,0.6418501995201424,0.9797996605388517,0.3454765134851181,0.9395151399754815,0.6331589611811264,0.9946635698430613,0.6148794773030444,0.9686544809391288
8688357,23537979,0,0.45811740162209036,0.988364745771775,0.6972297433887134,0.9397272280219288,0.478460087605626,0.9938285728297982,0.6209889200924645,0.9750354855060742,0.6302146501864165,0.9876363445952507,0.6003100908899217,0.9437419632118828,0.6382787017601794,0.9847039889015798,0.5804588547065548,0.9083102376824361,0.5343274876406641,0.990600392537431,0.7407326389622699,0.9541858876360603
21270256,14650348,0,0.3697675421050656,0.9959336930361965,0.8262861979940219,0.9788239935373223,0.3643409881667753,0.9930117866374886,0.6390353135712749,0.9789113412499674,0.5093267341773077,0.9905588521171625,0.6833812867369515,0.9728751986044691,0.5259241466514047,0.990043563374146,0.7122442971742047,0.9522942091641659,0.46869903652953215,0.9968715907338036,0.7759830295836799,0.9777774517172912
23291433,18070587,0,0.6312508081886246,0.9815247480010788,0.6433737364084957,0.910483730406337,0.642260851593832,0.9960968677220261,0.4396195992863078,0.9657699391546485,0.7419116319515112,0.9903110081903332,0.47522759584569574,0.9645816987443033,0.7401282954453839,0.9913362163857568,0.5035623181762904,0.9587350907454297,0.6915346343276098,0.9831437294498852,0.6847665782112851,0.9100038843230006
778875,380318,1,0.44963848490752656,0.9875358163543887,0.736805768489118,0.9676294187354145,0.42244990901943685,0.9875203634627036,0.5056631259434743,0.9597856191588888,0.5371576554840243,0.9736053522878683,0.5126079542125669,0.9076330764286458,0.5675393094991115,0.9872520362647131,0.690880059188641,0.9633161433963802,0.5424681994462756,0.9953404279478215,0.703353533578761,0.973547949992538
12838274,14717089,1,0.3745252993025379,0.9891020594075506,0.7899291749109061,0.9698293112884985,0.3729764712850234,0.9905130518625395,0.7708304142751033,0.9769936973756961,0.4845650719884283,0.9863289500697912,0.5868585596786746,0.9324636206634124,0.547710028047146,0.9964491426254262,0.6599901805571371,0.9281828885599532,0.48474764105924817,0.9935064419989411,0.7977895553156912,0.9724732810358918
15464749,2711577,0,0.897858159511678,0.9977391517806159,0.836291265681014,0.9797057597744622,0.9485867471736731,0.9922676712368175,0.7150486557121517,0.970440141176873,0.9216797889375998,0.9986149069614159,0.7013691023886692,0.9516581120005152,0.9486706855448731,0.9962410232081949,0.6634412279196841,0.9419777483639562,0.9142126644178006,0.9952170273364933,0.8221332119022093,0.978445164549669
951388,20761702,1,0.7164684332899217,0.9886485546029041,0.6594943331963383,0.9662339698333992,0.9791290313875276,0.996310043599895,0.4151342008484973,0.9736349660665492,0.7958559391429868,0.9946315473898742,0.5225491126224077,0.945927259324617,0.8750481758241397,0.996871619301439,0.4628357147848102,0.9336698406314622,0.7779865636522135,0.9917599820063767,0.6306284337056212,0.9557355616307096
22602225,18972693,1,0.5540822315707333,0.9917261130690758,0.6578443883422607,0.9406802032493449,0.62704516737248,0.9898333801836658,0.4190976569453392,0.9595071760194162,0.6298507300213861,0.9834010283695261,0.3277426251915788,0.9213956954674899,0.6350102649238439,0.9835933701398915,0.37943624104842355,0.9303381970047426,0.634215183039761,0.98470166101309,0.5599728562779445,0.9482906406921775
19029279,10545755,1,0.4179752921931256,0.995965143348712,0.6683147950834558,0.9618220110048736,0.42827357988042875,0.983619476840907,0.48376751021537456,0.9543834775229298,0.562646271872169,0.9899431810228756,0.489548046257851,0.9546619381550632,0.6049438018422055,0.9835906845959536,0.48168879297447287,0.9198120349138247,0.5234925510080205,0.994015354605528,0.6743348826816057,0.9728907903440855
10565544,22556551,1,0.6261949431360375,0.9843486819524727,0.5089843619240184,0.9588952008315771,0.5057055948679561,0.9910404277040479,0.34917999275465905,0.9270460631054416,0.6416676997525499,0.9805299781004968,0.33695262463948084,0.9420629564704519,0.6367924072094394,0.980115554757981,0.2816417975845156,0.9415261145947611,0.697335864013431,0.9896547439192817,0.6739719271909943,0.9682916190607577
16851953,10878119,1,0.5677036807849994,0.9887597477831045,0.7394940742572327,0.9709357800694154,0.5854537432427027,0.9783701503208173,0.5877653927935521,0.9419477587933129,0.6548401360855262,0.9935664982554817,0.5745135713419258,0.9748312017173949,0.6722676961807965,0.9919613796074721,0.6182389213059003,0.9525845903300297,0.6519281616492707,0.9942159238282645,0.7606313037664384,0.9694201767598863
6244936,12641711,0,0.8303502685743066,0.9970761088497224,0.6716431449625904,0.9712302784979387,0.8033186555610847,0.9821389243413556,0.6034802945241142,0.9638535992376479,0.9072825754273681,0.988114152276459,0.622282400044029,0.9320614776490445,0.8506977972946912,0.9955811581374558,0.5362659961001695,0.9576254037002228,0.8600018826125617,0.9961859780758726,0.7332376062432373,0.9781226297744847
15946011,23248619,0,0.301826769706163,0.9799346725059167,0.5347433295076511,0.8622259740926417,0.29380601977135673,0.9972898478855748,0.5622403850414841,0.9746395485391238,0.3625776171957875,0.9768350556486904,0.5773073181532753,0.9387259044511076,0.36256334357580705,0.9768622046078949,0.5791044576149469,0.9390930999982596,0.3285637879907333,0.9868238250523221,0.7022849942501221,0.8991048198354316
2362445,557726,1,0.2979029884952305,0.9946428885849473,0.6860960800735787,0.9509243656157212,0.294713054495554,0.9819657647535671,0.4208696576214227,0.9296485284258214,0.35547873926972795,0.9763525019864034,0.5083919943931338,0.9337468170464213,0.3542740819683482,0.975353254543736,0.5223265007484499,0.9248422237323863,0.33399319376484665,0.9889575247770539,0.7001372860463799,0.9637955413199744
8546232,11238287,1,0.5055345163640812,0.9954412634204389,0.7114240531689683,0.9683407578623497,0.40317297965177235,0.9959157692199292,0.532708084819776,0.9581980944791595,0.5823482067526863,0.9923884654407814,0.603037811972342,0.9687862770522309,0.5830669073735456,0.9921171587615938,0.6346039555362526,0.9633192363980351,0.5890064840936954,0.9936990511263688,0.7297576030014601,0.9706186888228295
13665830,13612487,0,0.3392658232753359,0.9961467473316742,0.7932564568537992,0.9825266925708003,0.32704573142523236,0.9962522934860839,0.5765086473113148,0.9776003609686712,0.540339285771657,0.9770025154490902,0.525177761171578,0.8877249932308285,0.5034091767858697,0.9856205501668863,0.6050201822483486,0.9123900237565138,0.43315501314705296,0.9973888457860921,0.7888079420856893,0.9798420088117316
418257,888827,1,0.4404929275151149,0.9861022978957029,0.663839366590228,0.9263146347168351,0.3792527826823319,0.9913378445387833,0.8018429473257548,0.9811220602027784,0.6045159729184415,0.9955179171020714,0.7097785542762739,0.9516859020481585,0.5662019780069742,0.9947545957658831,0.665180605918077,0.9228466343171948,0.54080628597836,0.9985940701336583,0.746055431977384,0.9626543326914678
13104737,16944401,0,0.32969889764844196,0.9940631576284316,0.6165856226944882,0.9563375286241491,0.30756757278210206,0.9834518166570564,0.4542429942066707,0.9590467801823235,0.47436500016259864,0.9754025974883548,0.4801208865321357,0.9421167121724173,0.4783128646893656,0.9735248442546809,0.5121547116413605,0.9261838406741489,0.41132552039474224,0.9934583765383962,0.6563198123532765,0.975274010403389
11149084,10294554,0,0.410600334546522,0.9988278721607742,0.7188446286667092,0.9837157450834627,0.38845609581450047,0.9921965102536828,0.49075400561797566,0.9578869990070054,0.5498474873109029,0.9855253602834531,0.5781523937504229,0.9446396379772644,0.5578723696165159,0.9847648023805466,0.640033494885704,0.941928638811814,0.5062022286860343,0.9961941967075635,0.718559964902413,0.9843207523167135
987675,14636645,0,0.8047734938479595,0.9920294058153726,0.703590470920984,0.9680366894914035,0.7893892969467158,0.9830235960922591,0.5994536883602415,0.9545285769829249,0.8861946834699613,0.9991539189814691,0.7650277574199349,0.9723035338378261,0.8742511791970501,0.9979366060228271,0.6655814942397273,0.955887909865205,0.8435502837847015,0.9970140569937934,0.7691474152335727,0.9779757723756548
21519782,19392394,0,0.5205702479438035,0.9959951115371419,0.5758967046734372,0.9564816568128296,0.4680729017704231,0.9890524080362917,0.5552983572282382,0.9485359167577815,0.6306239768853569,0.9841949052334295,0.5200566811179954,0.937201415240473,0.6217957867482322,0.9817076792963138,0.5518779729775398,0.944017659886817,0.5985375263330952,0.9919401892109048,0.7516426645683585,0.9668953425734481
21807525,11143530,0,0.838842359387149,0.9947376530512646,0.537047166593704,0.9451709873852605,0.7998686215772891,0.9949462203112364,0.39520343546017656,0.9572359317132854,0.8383734482625154,0.9924103906891675,0.5447369369291499,0.9658617529599736,0.8412273346368095,0.9946576713618556,0.528533791951732,0.9680477648067296,0.8703897886881719,0.9971587911191739,0.6057002006968925,0.9656598537819041
12048547,10690728,1,0.30820614023471227,0.9941881820516333,0.7141038464514706,0.9691645831372536,0.3051788360740704,0.9993650178409904,0.5626896652988707,0.977579309188032,0.3839203629745097,0.9872050538079536,0.6237354367026331,0.9625050622450554,0.41377759448948476,0.9875353426530554,0.6196770050212547,0.9718067267140721,0.36595748262958916,0.996257164944498,0.7247815812456162,0.9685533036634664
8909675,14773781,0,0.7770670692564727,0.9962854798975361,0.7097901197932184,0.9654896623838194,0.6727773594584275,0.9937564245500783,0.5048417615404466,0.9578451422272226,0.9437525621729765,0.9996997616707197,0.533785689075127,0.9526419706308853,0.8652984683433451,0.992344355190581,0.5435332099062429,0.926994421411992,0.8240204361658888,0.9953834142250841,0.809797149772269,0.969024325863791
21461424,441377,1,0.3049967207903792,0.9955104408229631,0.6779629054182241,0.9674411640186901,0.29891332315325436,0.9816803877716468,0.4974508398972649,0.9603811189258579,0.37894850064608315,0.9830687439245595,0.4933629430972942,0.9513869287452904,0.3780692336922502,0.9753573882764491,0.4924388724855777,0.8994892212913989,0.37464374090019337,0.9903161163708065,0.6609543242271531,0.9563185458808434
17557354,10287986,1,0.7148649883717602,0.9971636191588021,0.7306239722932211,0.9657643014525479,0.6620482226044153,0.9903737219390419,0.5492865611513627,0.973902309963152,0.807203923892273,0.9945840388917544,0.6692979153138134,0.9715392092625427,0.769167951852096,0.9915020518036182,0.625194456802161,0.9457185856093163,0.7697360687367073,0.9935971561188018,0.74873664396029,0.9698812346959602
19338729,20139628,0,0.7477742349846388,0.9947355280794489,0.6666922707360579,0.9579617598698501,0.6602093710600633,0.9949906724344987,0.5088827379401812,0.9615029935041567,0.8315006306865854,0.9931029482505765,0.6510193874401595,0.9520093879176674,0.825108573476986,0.9935255838292131,0.6022048096959776,0.9559963732668659,0.8055757001291943,0.9926813458294254,0.6946260984025898,0.9522954910278473
6096495,5373841,1,0.7472378369569854,0.9963051726300478,0.6399765550912653,0.976785246465003,0.7813599374882947,0.9807138319074375,0.381525327332518,0.9474554722040494,0.8604438407043636,0.9960527320940101,0.5548718541209017,0.9546129822492188,0.8098096505984245,0.9920233643830305,0.4463572903390671,0.9527589745346748,0.794015397051941,0.9978428565165786,0.6537587415908481,0.9709068189426706
14616047,7283902,1,0.4856591044018539,0.9950571068638303,0.5605604205551585,0.9528746699908593,0.4926946672821554,0.980530179808995,0.3680416084060294,0.9467896545308429,0.6442286881140199,0.9796174995980185,0.3255207276535941,0.9405623912186577,0.6482738766476626,0.9770870551904448,0.41948556598747677,0.9220838264848283,0.5645886700662842,0.9950270237409389,0.5621435715268551,0.9673434697352173
566820,21652119,1,0.34725568596486656,0.998063932488208,0.7888297111507578,0.987767234507842,0.3544683530170702,0.9942179907626352,0.8265865166311829,0.9773831119423521,0.45007427149680757,0.9829241418218254,0.6498514066262564,0.9381615138764079,0.518776503180347,0.9934963040659679,0.6630294264323064,0.9503272046442589,0.4565105099196509,0.9883540945918584,0.7851639520451175,0.9588565015493319
22289763,4424457,0,0.41716275105688827,0.9921415809400735,0.651807495467287,0.9733571421881285,0.42371409990766645,0.988495779955906,0.47289884472626154,0.9441109806719932,0.5469795790250098,0.9742297908271587,0.5333036601577681,0.9369642902713069,0.5580688187011914,0.9749221235707287,0.47459763106228603,0.9363038647471436,0.4965386693719774,0.9881467055486135,0.5886681202767556,0.9600713369544408
11373801,22870704,0,0.31855088752102834,0.9884219861075738,0.7108111673602984,0.957399269516102,0.31597778900962115,0.9827019441826368,0.507870634679121,0.953006650474738,0.4563563996435505,0.9858512975305603,0.6002581146733844,0.9584875996681879,0.46756689296056186,0.9843148965810258,0.61887512791813,0.9558294572349803,0.4063937697145826,0.9951169960113585,0.7264314314763285,0.9690623721311656
7577030,15127557,0,0.4733255029314806,0.9919214783163579,0.712909488352168,0.9587830931338922,0.46122700737671946,0.9850527609992599,0.6193371339942375,0.9650934611294937,0.6343353863262439,0.984482392621761,0.6258159815211042,0.9245806033627834,0.6286861054116151,0.9911859956606615,0.625852029841987,0.9451551282245579,0.5476966686746038,0.9876640110877187,0.7588050894096812,0.9386986563845693
4042184,14540145,1,0.4745756282644258,0.9986800237958545,0.7430389263629303,0.9792971402789462,0.40414540969922425,0.9966884688514763,0.5568616968419031,0.9727678340314436,0.5755511385143334,0.9812370850959288,0.5606063396464922,0.903495940007402,0.587678641896112,0.9894373183220058,0.6451740038924209,0.940443722559168,0.5542593476512567,0.9983355139784307,0.7922382013602598,0.9802051379990102
22739188,10349782,1,0.8032196405078428,0.9902698758835168,0.4174659157274947,0.9405585335482238,0.9142252275029338,0.985253581442017,0.2891449663293836,0.9220533672614737,0.8461992020869288,0.9920418850229201,0.5052453310758719,0.9455082907186669,0.8461992020869288,0.9920418850229201,0.5052453310758719,0.9455082907186669,0.8435265592543351,0.9967644112047044,0.5254356199882158,0.9589541069275039
11318551,1026391,0,0.6410350975433805,0.9863814732818956,0.6596634120458842,0.958750629361681,0.6299093187858242,0.9846937699108017,0.5857979132855686,0.9469801271078235,0.6677685698231726,0.992623765693298,0.6361391522658719,0.9512459308504732,0.7490512297364059,0.9908456359531338,0.5915823031566407,0.9635584285783596,0.7157856474486707,0.9933424533147517,0.7549838509208432,0.9712904711374472
6764531,10669537,0,0.780845780555833,0.9971759628987291,0.7286318632921909,0.9822675162506488,0.860823472306526,0.997702410153871,0.5589147897390916,0.9726696720601886,0.9662615684459449,0.9991239060794064,0.7724361485421817,0.9798503061981653,0.9566993855713671,0.9944294167852502,0.672032054627629,0.9611947170447926,0.8244162610990301,0.9992690110445905,0.8002190611658986,0.9880725055361081
9354771,7384220,1,0.4154008453870312,0.995571403616537,0.6757344992025021,0.9702948186902254,0.42830673219981374,0.9804182147416715,0.4640643605257252,0.9452751607341683,0.5123643496786562,0.9760760744831336,0.5086061011302263,0.9476702971149906,0.578892502793873,0.9776604911930461,0.3951354663114658,0.9016334128188471,0.5049028418622881,0.9848469348484332,0.6913206156416023,0.9409470066112713
6788258,7110836,0,0.5856826427430819,0.9964984837964189,0.6070800691105236,0.965111212182052,0.590598448087763,0.9978452419048881,0.4722432402379898,0.9490766688150271,0.7383321109824438,0.9929653391719915,0.6071250111577947,0.9689800131173535,0.6965596952926358,0.9960337214616873,0.5702413514715888,0.9447916804603236,0.6530887992976914,0.9964522495972292,0.7728437372637961,0.9671027387263647
17147420,2614788,1,0.5872317424007256,0.9963848443282862,0.6376218606361426,0.9785211822987796,0.6086565899141433,0.9780563126230974,0.44129852063992736,0.9267084925017111,0.7031844286109895,0.9886214162292385,0.5503951837419557,0.9604102816440522,0.7083301440528527,0.9872158500461365,0.5418788954534447,0.9580946052323815,0.6622017195908775,0.9893476628085359,0.6761216834395952,0.9643319976969126
398778,21461878,0,0.5458369281902362,0.994617036117997,0.594755886122433,0.9607705523199715,0.526698609767651,0.9942136255096334,0.43689543594184466,0.9615762785984611,0.6768428279997778,0.9910412777393314,0.6329391959528767,0.9687906583299118,0.6813811128259254,0.9905513735846361,0.573336289265243,0.9715427679770988,0.6277441944536097,0.9921459701402373,0.7821774226726355,0.9680290615539906
3762872,19042037,0,0.3678573694180288,0.9973159915429355,0.518182628810254,0.9579526829822822,0.35503908526763983,0.9887088970769637,0.454881552192537,0.9565344652896254,0.5114366875855166,0.9712701767391317,0.48688139978680844,0.9143699381995304,0.5123588033991188,0.9746141570965745,0.4749542537918233,0.9313788321260364,0.46962296583267477,0.9881050010511603,0.6115023464819908,0.9589917747821102
12261686,17486397,0,0.5313573820880862,0.991565378775994,0.5666478352573068,0.9478204402166331,0.4973440342507824,0.995100932468537,0.3016476252121928,0.9571337583576857,0.6380375015744199,0.9850105978213546,0.4406931736792902,0.9548052366695411,0.6645581548283072,0.9848838762037527,0.4799376913259089,0.9542885514705299,0.6017221017131561,0.9834547152747078,0.6477204212672352,0.9358425296962698
16908849,22366637,0,0.71502857246379,0.9989883885835806,0.7369688517825155,0.981183606600763,0.8385599226366696,0.986437084679223,0.46469268981195266,0.9653290362377519,0.7339748865146402,0.9915301756586783,0.5866073502567191,0.9651646356400742,0.8374845690800878,0.9944447003692538,0.578223089147355,0.9520005758538795,0.7684812188004414,0.9934486465737414,0.6942439156172521,0.977847358256108
808361,21511914,1,0.5747716115350663,0.9963747767263987,0.6780372486772712,0.9693057265125454,0.7174326165168,0.9856979072036269,0.48297677445713905,0.9360252008907306,0.7044401206697897,0.9930837215938535,0.5395951015353595,0.9412717563790866,0.7804061940580725,0.9943307966695623,0.5092089197745997,0.9681092654265596,0.6432182862440722,0.9983587387060744,0.7541251520600724,0.9788838898007157
2691855,6483359,1,0.704987029655787,0.9966097187367924,0.7017871070118459,0.978940959289624,0.8139036374953248,0.9980289166449666,0.5825195113975037,0.9544509832558804,0.8907506813325049,0.9974938393109839,0.5849648346035763,0.9652611548569799,0.8956543794010214,0.9979227473708145,0.6123926213065571,0.9710994937834183,0.7718417909114108,0.9985516085987584,0.7621629382679747,0.9825164857706646
5675396,557732,0,0.4066477614085826,0.9975905578703127,0.743316165755637,0.9714498475411931,0.44995032323951434,0.9818856712153851,0.7056084970847284,0.9606323119920194,0.5713143113868762,0.992054990755427,0.6905775838662662,0.964093604124307,0.568611724811229,0.9903534343702358,0.6410413044060492,0.9629513936146735,0.5083916560491696,0.9945803648441622,0.8224456193154306,0.9823935467252348
19919874,1896923,0,0.9041842231036747,0.9926701264635501,0.7354459703260301,0.9382227634456668,0.9886640672313203,0.9984816347335108,0.8478249701695444,0.9885830297386122,0.9418683385726011,0.9969531137361454,0.7709843942062149,0.9465130085634774,0.9465712823754479,0.997526846794668,0.7275351121535507,0.9524381348095698,0.9250126331405344,0.9985068404106969,0.7907531078908725,0.9575296210834903
23284463,15515642,1,0.6983516492567826,0.9982381239819308,0.6764935177610991,0.969740999130992,0.7245304758730768,0.993815248468613,0.47074783388881647,0.9664438240322116,0.7630532240784269,0.9963282489616101,0.5783746334678364,0.9559959485121192,0.7849906019424162,0.9955485640934696,0.6265653453083309,0.9718309257504747,0.7643458329704818,0.998634988527695,0.7262930422819728,0.9769786127496383
3265819,19582152,1,0.5841507456205951,0.9987009524753937,0.6937264936328061,0.9650020285779946,0.495488895704533,0.988173226971705,0.44084073154289305,0.9586997086958531,0.8513405034407178,0.9951919252142645,0.5460311821150983,0.9501074581671852,0.8484329957708118,0.9951353096966014,0.5132537416059006,0.9560989627687556,0.6479992649153932,0.9959092872232489,0.6944355623685075,0.9666588772910543
8831301,2374764,0,0.5006796043033376,0.9966927332945836,0.6427404433866579,0.9747914809650763,0.45520173898699295,0.9916087433075023,0.538792199953241,0.9709550985122908,0.7045503017504341,0.989479600663915,0.588935581024266,0.9542064782743338,0.6798123427125985,0.9914053451692162,0.5785781328520129,0.955249983882034,0.5728935591615131,0.9975833427317661,0.7384260000249293,0.9737020653563518
20080077,7524607,1,0.9500207920216922,0.9905678018512791,0.6781479870994358,0.9611231225564436,0.9165353573928934,0.9963371613805472,0.6151367089843484,0.9750259107549465,0.8736686046855616,0.9956877410331201,0.7236701060707331,0.9743420870462753,0.942924513954298,0.9967745023732795,0.6239442260428265,0.941517748432259,0.9520273923032342,0.9904826694115685,0.7418910418036437,0.9456641745328049
20200144,3874060,1,0.9136590097714535,0.9944410589094552,0.689698127455086,0.9515862987774922,0.8135493941358223,0.9969630285428508,0.49698368063199494,0.959874109633784,0.8600658377343923,0.9958966568032035,0.6837086576715616,0.9446332967759148,0.8630892706687516,0.994155491750845,0.6601673662103338,0.9471045834281001,0.9265806901471974,0.9928557032053523,0.7670102325667617,0.9565552890659836
9236362,13569444,0,0.5688445458720588,0.9934748465685708,0.6359260350749874,0.9568039830335682,0.5346866374120631,0.994416827766268,0.4726891424813576,0.9586159666500441,0.6605586036004137,0.9862280951326874,0.5209665690797999,0.9443636474662633,0.6589766769900035,0.9840008544701794,0.42780074901655063,0.9505626383230805,0.6324046998590213,0.9917084574849737,0.6878641924076152,0.9678558681097301
5551392,19080745,0,0.4189020437386413,0.9893224836184366,0.6665590920383226,0.9564599508032997,0.3433994492632309,0.9837510761912996,0.2870539204996475,0.9372492151205765,0.591839228420394,0.9771267007473184,0.4606300303819265,0.9427616137961227,0.5728391947623108,0.9705213935635078,0.4666778702439782,0.9088307908240724,0.4961883150887424,0.98641866608911,0.5673454851080972,0.9507016093613583
1477292,7505934,0,0.3030871516532909,0.9758521187744066,0.4160301645488135,0.8348555580643874,0.2932387267555706,0.9882036013298778,0.43151208760775206,0.9574813494305305,0.36100715468222516,0.9515462241832064,0.3511842667077071,0.7748995236518755,0.36136195581411035,0.9516788154583998,0.3512362089232257,0.7724808078452811,0.3420727196423505,0.9800279447628327,0.6262702856893771,0.9187435341524939
615358,106595,1,0.5626248674469866,0.9953263016043965,0.7384952496145083,0.9728334633862229,0.6313931956473893,0.9906531961718149,0.6338028925724626,0.9760260457743489,0.6741395213552778,0.9935403210566355,0.744949728515722,0.9755260195172772,0.6859911834453155,0.992919130140611,0.6840472642983615,0.9667448066345967,0.6471100211498576,0.9938593508042138,0.7990880251324619,0.9770030474324822
7895612,17486743,0,0.5211893873787414,0.9987931020203669,0.5464910949302741,0.9782214933185885,0.44607190365417915,0.9840127806802158,0.37815111590135264,0.949956201227772,0.6381438464491821,0.9801307950138206,0.547381629490794,0.9141131525472865,0.6387092533218176,0.9774977918965895,0.415440875227007,0.8844774699939988,0.6023945397435789,0.9894977912847644,0.6218654309702834,0.9695154446011953
6382620,932224,1,0.9445720652396808,0.9915403668250906,0.5223527404679832,0.9560000243830672,0.8113899948186134,0.9973409107260169,0.2832007395897449,0.9567149610108606,0.9621830626708346,0.99977352694336,0.32162902426609496,0.9568179381348638,0.9621830626708346,0.99977352694336,0.32162902426609496,0.9568179381348638,0.9588218567834517,0.9959190817610484,0.5968866538646838,0.9612903058884004
15796324,21369319,0,0.35840750333133475,0.9968726260485308,0.6571977431543341,0.9617088987073726,0.34008411797984406,0.9774611040191606,0.42495718726654486,0.9543463954808339,0.48052990044926186,0.9796683380754733,0.546645974646101,0.9470176147869593,0.4942748141644635,0.976630888077719,0.5024932833858831,0.9292164220025914,0.4460197184512563,0.9925634627037527,0.7296456365689501,0.9734274805063823
17545948,5463029,0,0.8908055253473046,0.996401410506257,0.751557771872687,0.9600610718044568,0.8635715681394033,0.99586302148235,0.584550461952364,0.9740808712145307,0.9844641184920809,0.9985411461484509,0.7174996256282054,0.9831402503010116,0.9413259771008569,0.9970229545754927,0.6449394074207312,0.9740349348017626,0.9099989039418399,0.9951561638004923,0.7978995249059074,0.9641008379061152
20970925,10977091,1,0.3952332756475528,0.9933541538565464,0.5936953236075855,0.9447896756116367,0.3425957414528514,0.9766263674858278,0.39882618321277863,0.9415130964887102,0.5007502599787724,0.9860718874536927,0.43476786027598846,0.9252539220509061,0.5101121078222247,0.9770973372850451,0.4708373437247956,0.9300263754737702,0.486259871008231,0.9900821704903184,0.6472917710079116,0.9683633768690786
2481505,2396188,0,0.8383190592825777,0.9952983733103773,0.7118605883788327,0.974942639462529,0.6629921019403169,0.9981446025691968,0.7388945496413515,0.9774027614413938,0.7822102767435754,0.9967196765757428,0.6327901745315321,0.9624148764025039,0.8668411762328627,0.9978366632608402,0.5427433088511993,0.9152864478548743,0.8672499618109528,0.9929687876420478,0.7850921257955754,0.9791329764667792
2057012,6128274,0,0.30097707575399735,0.9846973846582926,0.5867900595379821,0.9525121880523234,0.2997868156570877,0.9887732658577496,0.3717442334761626,0.9417130399599619,0.37687311557259107,0.9548962648349097,0.40743861928863223,0.9011211016416141,0.3837395630045398,0.9552762670101225,0.4548925225270829,0.9017280186323117,0.3528603654401666,0.9816491177878325,0.5732285696297219,0.9389155826707083
13915960,16012363,1,0.5585015445376909,0.9919101096550924,0.613550885382304,0.947243291590024,0.6024507708141077,0.9840318268300731,0.40946010904683905,0.9593080466795602,0.6663293627723559,0.9856384101638939,0.46937235252209386,0.9581058194010872,0.6671579388997073,0.9843978782750035,0.3952013779948932,0.9574206380783237,0.6252833828302279,0.9970442107151599,0.6708417220728866,0.968452712573591
22567370,5105540,0,0.32288722090990024,0.9956696571966687,0.5388224864623675,0.9655518950161089,0.3255615087905317,0.9892202228116327,0.40719085472264016,0.9488650095193366,0.4649614354552015,0.9708264822800254,0.42385210008892327,0.9108713312752541,0.47746843805858435,0.9703281065696396,0.432364533486281,0.9056190071218927,0.4176948850332273,0.9837179272844563,0.645242697256674,0.9574660537651053
5036265,346058,1,0.41374704532217665,0.9899009135285667,0.6952923583658861,0.959467451467818,0.47322342638033194,0.9791687138018073,0.7695503294019941,0.9513527856445863,0.5156886819352162,0.9915765564803671,0.6497904757226226,0.9416472751651942,0.5548369998166168,0.9955471942587903,0.696596172134383,0.972614633227678,0.5172063901927179,0.997500739711129,0.7925473521543305,0.9784379741703333
6244936,10601019,1,0.45867667028503434,0.9908950591181375,0.6953501662161162,0.9480671105720504,0.4598019406413929,0.9953572441036865,0.3608251182705673,0.9555305483015938,0.6045743341616633,0.9810048454471508,0.49351025162554507,0.9443549196967713,0.6005378111278689,0.9809768833473673,0.5008445244275574,0.9551167014791837,0.5319348210095082,0.9915815572075357,0.5946951426309552,0.9348411643671631
7704001,564199,1,0.3374080644263495,0.9965776505158955,0.7398525591376898,0.9584881213636778,0.32746008042691765,0.991886028055101,0.5598313049569824,0.9601792368572969,0.4735061629048831,0.9808146078193865,0.516378573207869,0.9050777707015558,0.47031934893822336,0.9821337168273349,0.5789424529862839,0.9215738370925379,0.43572453188899607,0.9909432450419645,0.7711408545332568,0.9643380255936219
2691849,1269271,0,0.4524529259118048,0.9974191085536094,0.5748893250570646,0.9640084512633569,0.41724843577969234,0.9880422797424531,0.41026055852365195,0.9600607839160202,0.5740874396647322,0.9882536990922416,0.566986176256306,0.9615270744406057,0.5915400138357746,0.9883763404570155,0.6332836157234747,0.9650613817826984,0.5396031704625738,0.996409182358376,0.6548115362947335,0.9790598008801548
4489007,8544627,0,0.4189660721176629,0.9970308842512635,0.6204772272636707,0.9690752048354817,0.3406615636085391,0.9753454842974429,0.383024874542378,0.9481621188799839,0.5807630409904856,0.9788717065924982,0.47292860602921205,0.9503649628046427,0.5338714740215451,0.968832596222902,0.41178408519612064,0.8928195529698784,0.5073441544825105,0.9917119679589147,0.6716416453611249,0.9780066011923725
5086587,18956017,1,0.6220135643523222,0.9922255731515051,0.5609708526389239,0.9421295334986568,0.45521403231598356,0.9871506677013046,0.33390978625623235,0.9118768201593038,0.6175104931798673,0.9748351315084655,0.39659382284470024,0.9402078198361379,0.6180150730464222,0.9750552037471717,0.3560495124975702,0.9353665573429286,0.689306353092052,0.9953634365304641,0.5780538551711938,0.9697133695872391
14504556,4982455,1,0.8532577150250791,0.9929723139616732,0.7001850688089433,0.9471584911591219,0.8230749645548769,0.9958798753728034,0.5563644639250421,0.9669914627411629,0.8501975322557158,0.9961591961117449,0.6988097228943941,0.9741904332316483,0.8457753544085632,0.9944663194727197,0.6559695630604916,0.9533623766711723,0.877178366298802,0.9885846604061306,0.7447144610945289,0.9453223493447575
8535393,23071780,0,0.4566572304206212,0.9985326195309602,0.6330555800884279,0.9694273414572355,0.4202906800056084,0.9877712003242752,0.42925039720721436,0.940112744916919,0.6017321023684826,0.9828909071080882,0.6716438555903158,0.948823610778804,0.6182478593649152,0.9800902340289607,0.5186325045200084,0.9361496896315205,0.5452130957539977,0.9944920124820805,0.6704655710109984,0.9697960940403321
20063872,1944560,1,0.5402906628261457,0.9877371993551818,0.6302407977000378,0.9493674446655433,0.4100397391214867,0.9762353355590199,0.5332687939235478,0.9334890981532424,0.6257127261870956,0.9887481158822276,0.6131950062195597,0.9527794804832055,0.6267424903936389,0.9887498334421774,0.5893980469538131,0.9607591030782653,0.612280968223574,0.9914050766791428,0.7535621062015834,0.956859947712214
20162871,14395189,1,0.3801727793234583,0.9946117784804517,0.6955162367324693,0.9636702919605538,0.36572433861667264,0.9961995940435083,0.5286027036186185,0.9686616262197338,0.5010394501528207,0.9749029943889069,0.5353414812049648,0.9232946598094004,0.5396491169614747,0.9835787335055332,0.640734389446012,0.9530859810119886,0.48382169272345465,0.9955936075541679,0.7644496646324926,0.9712313056818371
3059648,7631406,0,0.3076302123530818,0.9937713472547599,0.6432687447183055,0.969008819870817,0.2986806338083142,0.9823875670527082,0.5038191710189375,0.9397072866325334,0.4151402955412879,0.9835981228200729,0.5721825908438263,0.9279499005577415,0.41561653504387186,0.9875213708532845,0.5390303874250677,0.9313927067638073,0.35743441021407374,0.9935204011578055,0.7285997036094395,0.9598564037918702
7227024,3058818,1,0.6833067124025498,0.9886636722956811,0.6991001657052682,0.963323476590757,0.893247918347329,0.9777213418740258,0.43380124849653545,0.9218956535172792,0.84253919133529,0.9918064766393909,0.5201848353424534,0.926676503677944,0.8488395767131036,0.993002787533016,0.5714245095478232,0.9289938404160201,0.7479008093796541,0.9955192710728705,0.7038639475790824,0.9675003277071733
4641591,12226563,0,0.450626078766138,0.9940856690016497,0.7345176144814336,0.9751075480915897,0.485457818283435,0.9872148004298379,0.6339715612912962,0.9624930354666759,0.6368796797193912,0.9940060111931042,0.7406042753118061,0.9679612252175571,0.6448134791600719,0.9903030064811377,0.6820366259927304,0.938921097589196,0.5421193260122329,0.9986173712770027,0.8081712804674469,0.9864537986590542
369844,497400,0,0.3975857371141845,0.9913156868638199,0.694456768647518,0.950899636004929,0.40068571609123355,0.9870139970487612,0.5972524700563125,0.9699861674619348,0.5934766645694879,0.9957365880047769,0.6711032578940856,0.9630727154363945,0.5852316121520633,0.9955471908748775,0.7831639796120348,0.9741793685317356,0.49050256987209023,0.997041534966503,0.7764557034130054,0.9667861703109987
17477957,896284,1,0.7009281431685215,0.9981530500363592,0.7450037264988725,0.9695009194709077,0.605776288600436,0.9894737188550607,0.6245039348456098,0.9696498706446574,0.8530700967846908,0.9957930505453709,0.6404249051423692,0.9752205165103441,0.853810758039923,0.9973696881689261,0.6317131206741055,0.9641172527255918,0.757250964071559,0.9948221994810972,0.7825014052547135,0.9658585674695496
21919199,16619409,1,0.6491242070507346,0.9989019433060429,0.8092877248665907,0.9763869039293265,0.6081921566168063,0.9953816459608841,0.623523132919952,0.981517688005779,0.7770913729355359,0.9945804525163783,0.6405556515704092,0.9708762168600346,0.744102665976735,0.9980285852191736,0.7024720958529896,0.9814961335631617,0.7210713561023278,0.9952588590822684,0.8203932248464739,0.9779413448971381
772627,8883153,0,0.352174170342877,0.9954083146415261,0.5773693141120743,0.9717827304194396,0.38118460849246794,0.9653979258444052,0.33220715832221115,0.9357458823164845,0.5025348257545385,0.9731299387264587,0.39850371972368726,0.9356298133529134,0.5147210085232373,0.9694114862617804,0.4258510803655554,0.9168931501901064,0.45309072803811046,0.9866496478440783,0.6453767769769654,0.9639716552788773
5551392,22560734,0,0.5245606979153329,0.9943287704493107,0.7530597879554908,0.9414257040631172,0.45778854301583716,0.9948391176317636,0.6139092420240994,0.9795529614665468,0.5300881930645917,0.9851973059084237,0.6395865296175557,0.9443604357631181,0.5869854517628816,0.9878646446298782,0.6127825354322339,0.941396308300117,0.6085949719401763,0.9918895847206266,0.7596511039282278,0.9591894931101165
18417069,10246006,0,0.5881977689416752,0.9940668550183118,0.6303150941386302,0.9677321622248933,0.5532884384444519,0.9937878656090621,0.5702720975732125,0.9704226765421899,0.6835149030810137,0.9939903738681641,0.5520966072861619,0.9446137165316931,0.7071020375204797,0.9906592697409267,0.6067722776504949,0.9598939098312911,0.6673385658052639,0.9973932917498954,0.7055535903357577,0.978453740861242
19608876,3375714,1,0.4484052478196338,0.9862463095510839,0.730899558345298,0.907413921906675,0.42231853940934133,0.9928250305562003,0.7934978485016658,0.9822317014366578,0.5089544889952707,0.9844541300714779,0.6946108954189808,0.9142794835813164,0.5799837972942247,0.9959446943934974,0.7714531598851704,0.9503436845172211,0.528890661871467,0.9987317797206665,0.7326686038325874,0.9354562924491213
461629,15593678,1,0.347288315585783,0.9938720165440965,0.6649833338779774,0.9494363954535722,0.3232682533987079,0.9833339085009515,0.4308440263430552,0.950284568020505,0.45852430367692576,0.9746740702649741,0.5007027471369525,0.9387233138851432,0.46473648950411267,0.9709863378757452,0.53085479660426,0.9351915429659649,0.45455521840615326,0.9861742756416028,0.6683405846352543,0.9524539602036797
9236362,18465677,1,0.5600869986529269,0.9941467528998365,0.7605896188458394,0.9557938721362477,0.4699897131272699,0.9870057850415892,0.5573096438629246,0.9618500201564825,0.6443927210371695,0.9877583150410901,0.5885838935194342,0.9265956012615912,0.6542644708701043,0.9960480382546631,0.6333976014356821,0.9692726489821594,0.638598989717122,0.9988227935422225,0.7821336357077457,0.974410562548052
9665900,18845281,0,0.33349780163204606,0.9875254103299678,0.5844045047115268,0.8867368696435065,0.3116394135408065,0.9657133857418729,0.40314530838610974,0.9347302562387287,0.4565040851628259,0.9642200610451496,0.4691972246428634,0.9353479559128093,0.4578792644714175,0.9611473822076424,0.43772029924003586,0.9208986080575828,0.42525772644313836,0.9886119588070478,0.5653447952364083,0.9381227475778123
1676011,4056440,1,0.35959198714064056,0.9929876405212956,0.7038757032608821,0.974991664563561,0.3161757549810551,0.9925947059561714,0.5288110586019178,0.9562819803473012,0.4886637320989735,0.9879540786424483,0.5833076481211033,0.9580473508400364,0.4952336601436439,0.9853542396499797,0.6075461919734957,0.9717415562743191,0.43666398814317176,0.9957657035248636,0.7480269050015141,0.9669758027776886
3386551,21996068,1,0.5658788431011322,0.9957660789086292,0.547603654634844,0.9744393180829232,0.5415676200945655,0.9850783959048314,0.3401076289472138,0.9358603086566872,0.6545727266523544,0.9827670578232426,0.38174388582689933,0.9382750162286104,0.668360762226137,0.9822702889251956,0.3968443478533882,0.9240864561629508,0.6327832962904958,0.9934783451264966,0.5879927941516135,0.9734669669568238
21364786,3024990,0,0.9013288385798398,0.990149235263325,0.5787990192637817,0.9150273287080476,0.9135333884523377,0.9965197722941151,0.43595844524294725,0.9671070096009149,0.9045491558940169,0.9980224348868222,0.48691521914339897,0.9532186328542815,0.9082697823032877,0.9981049869504262,0.3850084152950578,0.9576550452811462,0.9317333596502586,0.995313823669389,0.672158680089912,0.9479353049073511
6040545,567313,0,0.8224788163627769,0.9901446432631416,0.7619469038580715,0.9708994350905381,0.6026137889110311,0.9966985017007881,0.8655446844216792,0.9866847514300585,0.9494490263766137,0.99658085086862,0.6833086642451632,0.9634418595438566,0.8595680862373023,0.9986755214266435,0.6896911531560133,0.9515830941053168,0.8566695187618459,0.9885441730855671,0.7433639770172746,0.9567970103987835
9191794,1276377,1,0.3390100311326764,0.9977021884273347,0.699832910243776,0.9687774038855681,0.3484044613131462,0.9839702459192567,0.48072464557843486,0.9511055472318402,0.47409824484214674,0.9796320155985241,0.6090435927348858,0.9292178186338685,0.4796535314364243,0.9806837529253463,0.5376184881035698,0.9410870632093777,0.43264006964105967,0.9915539314317071,0.7402695262388247,0.9684004412855862
19979783,15924093,1,0.39672641237898404,0.9956299382538469,0.6235645920853359,0.9465273127184191,0.346590826268379,0.9877047948323234,0.4493968616542401,0.9639183569405001,0.505161368746088,0.9802096979201481,0.5262503475923421,0.9511751740284837,0.5091203740108309,0.9801869856183806,0.4807495661551324,0.9469574776029541,0.4930606557726924,0.9875427546187446,0.6543168129230192,0.9536261979900024
1293659,2495361,1,0.34106949174611445,0.9973769106002751,0.7763556442402969,0.980074370869361,0.3509683010371981,0.9934299489970835,0.5200881444486476,0.9551012942720314,0.5137177114744609,0.9807182298381151,0.6341685296836972,0.9213265111589727,0.49420040572214835,0.981011073161535,0.5614130035143492,0.898833558406858,0.42499943421271025,0.9969882597257359,0.7677548436039199,0.9761505011137628
20508694,22550493,1,0.8440935615054563,0.9958044411886321,0.8559852636871874,0.9723050844982417,0.8096583517582983,0.9927703575929651,0.6981747264167194,0.974187910597784,0.9225609848342864,0.9876049218793859,0.6754816709289276,0.94281209973624,0.8764796259864234,0.9973403598148615,0.6436449192965981,0.9275204909859854,0.877939256773907,0.9960335289133234,0.8103630358732262,0.9774951272664782
20805582,23004478,1,0.3846346965411821,0.9893751235435813,0.6430040694855076,0.9370306169638561,0.35563646652113723,0.9753131367880626,0.4567313849850074,0.9472783356703229,0.605324959339259,0.9849404594882296,0.46151626148854064,0.940255605981186,0.5651000241868747,0.9850444216811739,0.49922353972295486,0.9352760739356694,0.47098514960258925,0.996419569798357,0.6554401731559002,0.960425424431326
23141718,21958776,0,0.8049269770892041,0.9960754594321377,0.7136388118275871,0.9527328507367656,0.8397840709482864,0.9964074977734851,0.5509935863709097,0.9666129710422996,0.8365922211594145,0.9885202146316812,0.6224491942616189,0.9325024700224867,0.9128172799781499,0.9962419321350368,0.6372113391692322,0.9662995651450065,0.8463135868377656,0.9960276212074056,0.8032518568796265,0.9683800615223024
1604134,6959224,0,0.5584111889146643,0.9963002171291347,0.5287198628746566,0.9572057592596047,0.6596042003248126,0.9894646248087035,0.4636862757283545,0.9484329288979005,0.7051408530387175,0.982814861785032,0.5770193610804041,0.9306857074379546,0.7081419797483633,0.983551361509692,0.3660670851333804,0.9242234816675651,0.6162737972197238,0.9919851496752639,0.5462190787159052,0.9618673282333918
15115748,22510494,1,0.29813043646672444,0.985766288941956,0.5735847646866745,0.8823626011693196,0.2943847033270248,0.9766553162151628,0.3271871178972121,0.9190130566757759,0.3738220757589597,0.9651169769979745,0.4514958388456187,0.9303780822262551,0.3641070433830645,0.964793624545103,0.4325161123935207,0.9170540843161246,0.3457051067535831,0.9887207872161123,0.6125531219384385,0.9403434485009594
11723383,22456976,1,0.8655522341422888,0.9870800089237156,0.6217852609129231,0.9667611561797015,0.8487756942995567,0.9949654577778843,0.3907909827151571,0.9417056849597855,0.9576171564858628,0.998355974656436,0.4575529750075169,0.965499872052783,0.9566000901248399,0.9927665120090843,0.6164320301933466,0.9570430236838562,0.8869733179204412,0.994665097706656,0.6747513120926654,0.9709816826643385
266571,6190163,0,0.6159728959928122,0.9892443596408469,0.7210214938818675,0.9735648558700264,0.5630919883606021,0.9945762669286095,0.5039057993912484,0.9692619020451114,0.7998113906992191,0.9947967228597419,0.44763680381189686,0.9451749969279337,0.7594123233082238,0.9951623445631508,0.5712241076425972,0.9634060980931969,0.6812085928390069,0.9902638235159675,0.7156078866390607,0.951674592749883
564191,7902811,1,0.32617423557615155,0.9965901927005323,0.8709396323302107,0.9735550549625658,0.316534106976991,0.9959965915329732,0.7562788674399247,0.9828487669606327,0.44501201967029985,0.9956748340516164,0.7438115066358817,0.955769310297368,0.4554990911511241,0.9959715596552924,0.7797093359412783,0.9616680625899856,0.4207403822960937,0.9961811928900984,0.8678160457263707,0.9728398715095925
18573528,21919199,1,0.8926711954748536,0.9918884238695156,0.7899983078170809,0.9790078685852366,0.9472758771607691,0.9921019137676917,0.7382030957330206,0.981392598905854,0.8907595164673356,0.9909256313335578,0.667618162891717,0.9571603453258797,0.9230923522404385,0.9987183853030945,0.6833593889482654,0.9426476046271217,0.9129192608206653,0.9980866270911707,0.7935021709593434,0.9844928300780861
20023016,100791,1,0.30237751272768676,0.9896074697844357,0.6475212743445835,0.9362304261605214,0.2983089136590947,0.9848986923698064,0.46039418424493994,0.9617024577954348,0.3790183934872523,0.9814571047872876,0.49427751192615843,0.9399624103755524,0.3780619427304472,0.9739575936496049,0.45702429124963984,0.8987447275358404,0.3654419642428646,0.9941132108379405,0.6976533459966923,0.9679334650792776
6544082,22190302,0,0.7537432907089331,0.9925402125574747,0.7941815876810359,0.9788919442687145,0.8830515024130237,0.9809023012829096,0.49872003640959894,0.9310639530336969,0.861944237750744,0.9970425388825424,0.5839167068163689,0.954642576302753,0.8263873879290172,0.9956309089081232,0.684858223447964,0.9489456850316264,0.7959531459808092,0.9899688977813764,0.7521523979785076,0.953516091027695
78966,20258159,0,0.8813937503985899,0.9894506101009751,0.7359871709578605,0.9610278280205715,0.9608423099412284,0.9774699683424826,0.7082463067076286,0.9551563677572547,0.8008140363999308,0.9901305411110686,0.5985455256950076,0.9473644759831382,0.8167335925601185,0.9988036440370327,0.661079560162499,0.9554376014273374,0.9066638871069729,0.9997027885451236,0.7639406727606717,0.9697664553739038
11591514,7333455,1,0.32809418795778855,0.9974307843140614,0.6567962783111593,0.9707021290964125,0.3262972532373217,0.9752038299077649,0.43770351169065125,0.9471824856857314,0.4503579183530144,0.9753022392347659,0.47700375882974355,0.9449901652319512,0.4578436924377528,0.9745071232060344,0.4710009123524074,0.9161527757548233,0.4086890181380163,0.9920071433306018,0.6805908182450235,0.9720391231102113
17974663,1113238,0,0.3011501470121465,0.9897462223737608,0.5235762535578941,0.906761925966874,0.2966505953209329,0.9568065947610986,0.31136328090953136,0.8985970523208707,0.39557196448494064,0.9557756364492974,0.3874723318263825,0.8966453777541628,0.39777945593656194,0.953058295598363,0.3666331038320223,0.8858351121333242,0.35035362288942073,0.9795400688111623,0.4763839302699988,0.9441594054282475
3597316,10057850,0,0.5707435584352962,0.9980986817997121,0.5857628637286292,0.9576499199752073,0.44220846323950475,0.9865712252584927,0.5114275328930902,0.9490465613690813,0.6927332162737421,0.9921105481747999,0.5826387656258958,0.9670396622692282,0.6535118327799714,0.9907369101591529,0.5496186834810173,0.9564722532101826,0.6418208244069229,0.9963122636571905,0.7314085195305841,0.9729935411150589
3291802,19053519,0,0.8597700787991747,0.99391153236359,0.7075906145285047,0.9627001918002258,0.805862592849967,0.9984519810513559,0.5996356518347541,0.9695250778096662,0.9279017452049554,0.985733329476902,0.6035338745380605,0.9094015478126167,0.8496227205122112,0.9965055732226431,0.6381437271025359,0.9653651426727121,0.8820933449850462,0.9945307527514009,0.7562331184286214,0.9611627395744424
18178530,13307307,1,0.5671102343039423,0.994657751758472,0.6362072583213512,0.9570952132964372,0.4655005495225391,0.9892877815870749,0.402620891109448,0.945726299017502,0.6652079523259539,0.9832099113380867,0.4063346051523816,0.9319237547508851,0.6351082660136153,0.98355551718868,0.5312815444921611,0.940391341981763,0.6378513313146643,0.9952916611783041,0.6854664767592802,0.9657172779039058
9236362,13199957,1,0.435081036820966,0.9936737243697068,0.7027984294444323,0.9603495887443987,0.4047040099433465,0.983806020664013,0.39958674341034606,0.9527999674047491,0.6164875252522954,0.9820504300753701,0.5634840064552324,0.9410324070642065,0.6146399825818258,0.9821274431206829,0.46329586664450073,0.9371836994622806,0.5159610843742214,0.993617843363275,0.7038429021404788,0.968615636619281
1831679,8230744,1,0.8554819877484479,0.994880494121824,0.7047551760088815,0.9527936884450429,0.8516757617859493,0.9965999919532166,0.6056257366390387,0.9761000378084168,0.8713541708004474,0.9978077035999966,0.6695201770486047,0.9771153186595102,0.9184897045380188,0.995112657931431,0.7011783488113161,0.9590617964019145,0.8809503644436597,0.9982577710399096,0.7616121376136005,0.9700696386181291
20884203,3109682,0,0.30194695655861165,0.9978094024559405,0.7072782335067709,0.9770113775126585,0.30120948113276463,0.984418769280378,0.5101863895322349,0.96215916563922,0.3452259456178711,0.9635194521052075,0.4538044177961529,0.9265663536290919,0.35840200750490037,0.9799309016896259,0.5298458514156179,0.9557136845475582,0.35245149453754454,0.9895129753869331,0.7057526419508031,0.9688156684393229
16704464,3462669,1,0.4706271528169932,0.9882506565514071,0.5479077590349262,0.9208083619893447,0.43766817821122733,0.9831145499768836,0.46037040517162653,0.9399503753575784,0.6657281370421106,0.9853543829916498,0.37840943357484047,0.9512229812920834,0.6586908917710903,0.9848978997707085,0.44654667303674567,0.9485880205404881,0.5532981132308501,0.995257135518108,0.5831270242545245,0.9474051290603813
6242999,12454182,0,0.3674907888472947,0.9949678845716047,0.6059066560033904,0.9543594414229939,0.3364637428630945,0.9770567795421272,0.356155640342137,0.9320503548247883,0.46679279844140986,0.9676426811479073,0.4356882746002453,0.9146381644545828,0.47330346968664394,0.9661308075698619,0.38234725658675095,0.9274862402955778,0.4703997140258869,0.9854759481029423,0.6141690251482195,0.9555657738928758
14341904,9312243,1,0.33019979886840894,0.9898128578734219,0.5504452686271039,0.9482576764264767,0.31615453081682354,0.9862810793201804,0.45032578510378785,0.9567906823052933,0.5039312220616715,0.9727317962793713,0.44025554180274895,0.9251153082316297,0.47722731814884345,0.9677765373120482,0.4682988235559127,0.8840040101747093,0.4146597720564555,0.993029139778603,0.6460087106710928,0.9458473284343831
14318467,19262311,1,0.6158906987548085,0.9962687150681016,0.7113288844330927,0.9442456551772835,0.6555315567808299,0.9840846663417472,0.4530212134074696,0.9465885006410565,0.6802873760617212,0.9943849783664993,0.4729068413821833,0.9379839752080789,0.7164940616891203,0.9939822641018701,0.5828834782009715,0.9513710236546455,0.6849229611219505,0.9946456191453265,0.673241841517646,0.9546264276143506
19416288,266571,0,0.7730154317731162,0.994385119876757,0.7130970557102685,0.9763931156382508,0.6472643009007192,0.9983329279140989,0.5346539455976727,0.9740233383709518,0.9579218063162154,0.9961144240253544,0.48096558334867245,0.9500511923065943,0.9031836993909285,0.9969578318371967,0.609546550204961,0.9451248293355045,0.8129212533770721,0.9932273402923318,0.7464250279127573,0.9716654184683315
3229361,668660,1,0.4795612995290196,0.9900334689284068,0.7466819710050676,0.9724703364892426,0.44436853564502893,0.9846423438409952,0.7865912299090627,0.9663068732829154,0.5981230209516598,0.9931362638195891,0.6837878244875191,0.9674502816028282,0.5711441668497632,0.9907788331729568,0.6652414540620326,0.9144572076867299,0.5612387088981615,0.9989182956662487,0.7378130144869661,0.9744396802636
7525367,10337387,1,0.5511519823322789,0.998428364533139,0.6768119913083552,0.9816733602883676,0.46208758526476723,0.9890332835695654,0.4375729162280747,0.9623518465469916,0.605058609719002,0.9858869096531726,0.537371298215455,0.9660995558169075,0.6220585568948576,0.9849900904141509,0.48344277341534814,0.9554302474940596,0.6301653339709778,0.9953993037922524,0.675010931572057,0.9835879566746761
839266,14075761,0,0.8210536558351248,0.9980733387208427,0.6722611978513917,0.9721207075952555,0.905197140962788,0.9976596147434593,0.43774539181528094,0.9702188692990941,0.9186276309653982,0.995277753704924,0.5748437803146921,0.9485874578957431,0.9074173014981193,0.9970479595550371,0.5548607198221389,0.9731436040432494,0.850093809167596,0.995647139769242,0.7336823942553844,0.9712837438605683
14408302,11627705,1,0.5612783985509766,0.9901248297374139,0.6378467266991874,0.9466057406188445,0.5172984405351,0.9875208838533401,0.32473478094991315,0.9452476947895292,0.6371134348589208,0.9821833971866274,0.516792429831245,0.9376949229698661,0.6451688500373916,0.9822708711771311,0.39120473203745554,0.9398740337800815,0.6302535988644494,0.9956439197003162,0.634254974249278,0.9530627586793606
30237,16788944,1,0.5689766162665735,0.9935411349501675,0.6639897687562393,0.973459754603085,0.5970268423037558,0.981752601452288,0.4166360894717239,0.9292804535506897,0.7174154372489605,0.9871063309068201,0.47887689882297546,0.9580522967343579,0.7211468865470957,0.9881680904178857,0.49603061541768323,0.9570214720852838,0.6451130790891543,0.9962673851337068,0.6411016390984446,0.9768143479144658
8344457,2883828,1,0.7616422039927591,0.995254090869669,0.5774412225507219,0.9722113738302508,0.8458314921074661,0.9883346810825131,0.4631873914637563,0.9430091878804616,0.7825640099056934,0.993803264300051,0.621571451501574,0.9586230366873514,0.7982339207049558,0.988168244255606,0.45009764261527907,0.9527712336618196,0.8128489243398633,0.996020864698842,0.6582156446132679,0.9740469565510681
12670642,12543783,1,0.4983635439943455,0.9924301800819405,0.6440570243935697,0.9783113643561908,0.4887702206566281,0.9933449753673533,0.4694497717499643,0.9588427912720758,0.647785145716231,0.9845240065256579,0.5730105296816221,0.9257100744689661,0.6394889296307048,0.9846436256266968,0.6033110221297406,0.9228598046953257,0.5754878609566834,0.9976949665223261,0.6989731970662652,0.9795369410284029
20112083,10482004,0,0.7577953927883486,0.9920240541643137,0.7663697798309979,0.9628743862907562,0.7840951997577468,0.9899905184552196,0.7089175517620541,0.9779887206894734,0.7613964724984268,0.9980808798554957,0.8328464181237071,0.9702847618499543,0.7959410094778581,0.9971414690031144,0.6819692499949331,0.9600796940679742,0.8108343385712778,0.994637169438338,0.7940077045805763,0.9675432952146245
14416222,19063414,0,0.7304261640973888,0.9905521141717175,0.6832636212060219,0.9482939447155885,0.596046282531845,0.9918294037504397,0.7494056472338531,0.9741720050663745,0.9332925906939792,0.9979628809717803,0.690069275833408,0.9762127870470176,0.8392525232272374,0.9984554367636306,0.72875007940051,0.9589202085055202,0.7756005634138916,0.9882715349441116,0.7968524775953553,0.9389162709437805
19322906,3799026,0,0.7408370013740873,0.995348959237661,0.6107428157900667,0.9697692137859591,0.638564390860836,0.9905398696847423,0.25230353265184524,0.954577796963936,0.835072615798303,0.9947873047038376,0.47056331385541506,0.9489774918769621,0.8345282999909258,0.9950647824350823,0.49763142314597475,0.9470923739522918,0.7913362449155762,0.9958203541715497,0.5936540472278246,0.9767260220600457
12048547,10912336,1,0.5328738597869688,0.9979896999831697,0.8249280657888831,0.9866551254208022,0.4526461072088961,0.9988819190717868,0.8151790520506121,0.9850193598743207,0.6132882008971292,0.9836410108295963,0.6959919645435018,0.8906551757794191,0.6310479546805955,0.9936743735871791,0.7522147743819777,0.9428997352575871,0.6070253973875203,0.9941376557521694,0.8547790630295029,0.9730207168448359
19912847,11322573,1,0.36323740663861465,0.9983977617593454,0.7372188261663493,0.9827365008660286,0.3273556288108301,0.9885628619311944,0.5858557016197795,0.9719324913240075,0.45324794095724097,0.9904104674400276,0.6201215775115014,0.9386516724353843,0.47519448359638056,0.9900370070487096,0.6214467167407187,0.9364721298649128,0.4540506147168202,0.9942986876831856,0.7634935470032199,0.9799824336061846
475969,1961734,0,0.8337119544478829,0.9905782299708592,0.5995372372776062,0.953310338918449,0.614704000870041,0.9932631382674143,0.3785706890965769,0.9381971931927431,0.8418097951392711,0.9944346919378848,0.46564461349756203,0.9669489776056234,0.8188168553827905,0.9945861872513464,0.5267159608599727,0.9608532939216409,0.866156120911336,0.9917284179395742,0.6161327035446518,0.9559798641426837
9737790,15515642,0,0.5570437426894873,0.9941857102766227,0.5907854375801609,0.9535610752240256,0.4795200855013375,0.9847243346016946,0.4567529817849709,0.9527831202433503,0.6438041426811525,0.9888359015781593,0.4911824333328838,0.9570762780211582,0.6624812029077646,0.9844083922676101,0.4724787801738175,0.9535173885019602,0.6294338617448669,0.991562240751642,0.6507403139186729,0.9605075978049232
9439748,16163062,0,0.4968134996155605,0.9900907776119601,0.5879784208444516,0.9410890581435348,0.3468357401154473,0.9971155951747442,0.419802252655329,0.9528649092606493,0.5423409450637977,0.9789625363032306,0.44645564542032035,0.9496582991812145,0.5427626815771108,0.9783681925352301,0.5618776543838503,0.9544014297139373,0.5772392266762173,0.993777053508085,0.7144133487450044,0.9759242778373517
4491957,16586894,1,0.799637803527957,0.992895752465405,0.6828099115302503,0.9452520841060348,0.6895055142100401,0.9893840219900967,0.3606178004767584,0.954618241996685,0.834418347420605,0.995340819990312,0.44442928644942703,0.9548004766847867,0.832754943611012,0.9957289270178816,0.4692229877898664,0.9528180077952016,0.8483316778994878,0.998430458338815,0.6151145740800172,0.9597576615505059
9106740,9834214,1,0.7764819831197451,0.9975230084468952,0.7396881222772609,0.9772262732687222,0.9750647328829981,0.9991883425109992,0.7297885297823921,0.9735710641966712,0.7761522460131597,0.994396517146139,0.6315606618931335,0.9704382517187504,0.9334161343331959,0.997997428865437,0.6625315825510422,0.954278749208122,0.8217548694759093,0.9973370715794154,0.8192263779104674,0.9847093875066215
11946782,4796776,0,0.30655992900218143,0.995198223060272,0.7013223372825036,0.9634218896224315,0.305068331594996,0.9752685298756965,0.4697037879000282,0.9518649069311097,0.40006259156236934,0.9758658839932378,0.48427612389303765,0.921165989088989,0.40594007243254954,0.9741113489701556,0.48541284176822486,0.9250207309801975,0.3739133354200976,0.9846342261745672,0.6700511802067979,0.9343528502166442
13762940,5138456,0,0.4988965269633385,0.992001287578309,0.6726419951483829,0.9677374493136994,0.42793429955246187,0.9918741489912648,0.45117993992046046,0.915568358705187,0.5562158567021388,0.9853387121758438,0.5269607856653117,0.9617114946469274,0.5812675221901795,0.9833202708547754,0.5220347083863488,0.9584535009899737,0.5802723982750119,0.9926233563664559,0.7907300063051734,0.9745580577897986
2145966,23165929,0,0.43636405960685337,0.9859919444152416,0.6232004067277541,0.9594255062281737,0.44374522545549727,0.9820226426987112,0.6101706655634458,0.9590309186620872,0.607204965728233,0.9936866346612412,0.5675176505481347,0.9460303981201186,0.6271977781763518,0.9904758536754718,0.5938685219908781,0.9231731668809406,0.5352910802597077,0.9980758919929454,0.7147238787163286,0.9732642626550297
1655162,2177544,0,0.4038218306376385,0.9981418472332239,0.6596065502085142,0.9605565196553263,0.35037007211333565,0.9913320320758721,0.5609774897315664,0.9705538461166923,0.48815446481967995,0.9885875534709104,0.6274165574077502,0.9381297173288896,0.5069941417102455,0.9867041795354582,0.6393865768288467,0.957340608859914,0.5077571636679441,0.9945205517188613,0.7590715463307899,0.9640011930153969
2084427,1741432,0,0.6328841204356812,0.9975626119243026,0.761538057070812,0.9679415493006247,0.5649329398011572,0.9983336042566894,0.7453965798786699,0.978343326763066,0.730642380854656,0.9963745475127788,0.7010394619080793,0.9652223618617823,0.7038133842710814,0.9965840978354121,0.7660705823712467,0.9758898637270167,0.7070450249433134,0.9997276049080955,0.8310141018584651,0.9892178537892994
2016232,23596949,0,0.550726327405879,0.9929725595481446,0.5894590337966492,0.955285111232778,0.5485560703617585,0.9959129985001667,0.4031318755480737,0.9406016765339096,0.6573659058893676,0.9840367232508592,0.41762759971482233,0.9307607728194146,0.6607950449295609,0.9841624245288393,0.4028916502223877,0.9417865402197113,0.6088216273394786,0.9975435166005947,0.6044335542649952,0.9669515646055049
1831679,16749958,0,0.37139159161494606,0.999086877965173,0.7852193628320256,0.9761147999416314,0.35859459542879096,0.996656036656507,0.7201336743749924,0.976529959394334,0.47584191090097716,0.9900723743806197,0.6531412362039348,0.932722021338102,0.5149490853230644,0.9959154473559448,0.6991686811313476,0.9759950302071363,0.4732855303300914,0.9987918463794901,0.8042232651837573,0.9886985827851832
1367602,15946011,0,0.7108492086075744,0.9967915300899394,0.692835511158158,0.9774923022421779,0.6546645122460305,0.9965337193723951,0.5378163238445901,0.970941952083773,0.7500199310098506,0.9908227034432624,0.5924279898257117,0.9547793770182749,0.7573595246345948,0.9906837230280648,0.5338487322850309,0.9411516310936363,0.7702011463594838,0.9957498279167515,0.7627578246755959,0.9779016073943455
10941155,18845763,1,0.518231748890491,0.9842703718394289,0.605570694435579,0.9117680433829645,0.4301956230504681,0.9788524338504113,0.39521208939180985,0.9501410236597451,0.6558653207561752,0.9870536956517237,0.5605340862705043,0.9308016082387077,0.6495324403445021,0.9859125788045547,0.5223564213330032,0.9212178268908708,0.6015579935583155,0.9965061914805108,0.6419446869978345,0.9473941982440607
23053699,18371114,1,0.6464356050947839,0.9948994707804821,0.7652169240205806,0.9747685986615873,0.7907246614639211,0.9881079259116319,0.43825948037865814,0.9416414889820863,0.7443007696570056,0.9920443715820861,0.597552468668207,0.9725024924015196,0.7491771500759989,0.9909019915363311,0.5925713189813009,0.9711635851885349,0.7110399296985394,0.9984858946902516,0.6993822570520998,0.9773975040793015
18464490,7464991,0,0.36220930788027617,0.9992570172427748,0.5721047780984687,0.9734803010857638,0.3322815832667997,0.9824678172932448,0.415830396704588,0.9348914010926734,0.49550048761220367,0.9766034108223147,0.48851569148002605,0.9254703131349384,0.4996385083042372,0.97039639700757,0.4236940699369829,0.9310798196716036,0.45965127171647574,0.9902164334178369,0.6486586923735824,0.9708236588798053
13680335,14840477,0,0.3166641757078571,0.9956103699767412,0.5731281537465495,0.9563290170230838,0.3333306739524564,0.9667044942743986,0.3575995149526022,0.9220253273694934,0.41999808009475087,0.9721410247657954,0.4242158388546493,0.938156360728546,0.4568105337618539,0.964654140917524,0.4016059276819932,0.9130218125095266,0.3842145143980083,0.9909005261952099,0.6059717802377935,0.9653034290762998
17050025,689689,1,0.3563981128721275,0.9913610313372573,0.6234424352738221,0.9612784329008834,0.3235359879358902,0.9969114544948494,0.41268004566903393,0.9614399981333507,0.48059712903861473,0.9701305484508885,0.43983149863872917,0.9377005257799255,0.5030642105916895,0.9766365114928338,0.44445909711829457,0.9365403936565376,0.43836807751081414,0.9920451248094498,0.6837676833856685,0.9789464543691716
18099260,20089258,1,0.33301867334641494,0.9858066454619979,0.5884389629822108,0.9395055782081704,0.32041326392899916,0.9819147491850291,0.536868693721289,0.9521013498631501,0.4716840903496743,0.9740053430237928,0.5278454435542419,0.9098402561790948,0.46690477367045347,0.9765354295008568,0.5638474310844455,0.8987161610267902,0.4149761810000835,0.9913751049305514,0.7110408368787317,0.9491692376573856
5933080,22122895,1,0.820920336529445,0.9982806898714641,0.6960010542552744,0.9807029486333785,0.7978275550819383,0.991816403366654,0.4847828593802469,0.9531892295680154,0.8401405918584645,0.9947441874583237,0.530468427491483,0.9654537120781209,0.8483227099768071,0.9935149536891279,0.5672521415747402,0.9626796865987939,0.852275889640416,0.9991698022768167,0.7170082187160879,0.9846270412668603
22742292,8251281,0,0.3243623705718259,0.9980446281122348,0.6949675487984865,0.9767722958364269,0.3398416746043761,0.9854227374844953,0.5735607654787434,0.950207953560213,0.4807333200655302,0.9894226346838939,0.5902039883491453,0.9652175881814308,0.48435539663460003,0.9897531448791563,0.575038149990917,0.9617157614860842,0.4104911381293915,0.9969054385588734,0.7832375593995469,0.9758577917788643
98430,6750354,1,0.3436496114510985,0.9914031084609444,0.6570383680275294,0.9553741252584119,0.3582017974427273,0.9820733254820821,0.5763935438589696,0.9686073789512589,0.5119723895198892,0.9918665799516814,0.690175569025332,0.9724574110890729,0.5092588655458182,0.9909321572715974,0.662815839480722,0.966791520540361,0.43063361256108246,0.99771867474892,0.7424288881402561,0.9734681609509858
22621958,7254343,0,0.5246958769707484,0.9949663075549681,0.531535388356244,0.976808875576881,0.40825188859610845,0.9893636210043905,0.3037556462428008,0.9316267638783718,0.6381389980535013,0.9782816582810309,0.44040303534012903,0.9294589490177829,0.6400921427642113,0.9804396850097026,0.373856844974071,0.9346205667815441,0.5778773676641699,0.9954231166175154,0.6147806378796312,0.9647582367589426
17456433,16223920,0,0.3079684297673809,0.9944985205543476,0.6465130991735549,0.9467446389325946,0.30340329741153854,0.9523159568072589,0.36387242798835007,0.9103432476958176,0.37645617694514155,0.9616050153367753,0.3527670503674004,0.9275038271758522,0.39486248180653566,0.9535663630614252,0.40674412873362653,0.8913439111339051,0.375734507220168,0.9836170272843404,0.5564951801049569,0.9454011472866463
482330,5257598,1,0.7273775141173354,0.996889053464577,0.8098289641182987,0.9691584305623687,0.6420197703646833,0.9949859536640896,0.7923083494293227,0.9786529501436934,0.8838668044438192,0.9957821653299809,0.7594568135134929,0.9630551958036773,0.7717070530069154,0.9976345756823907,0.7187007402238093,0.9492046271024955,0.787931614798268,0.9997189378121687,0.8617120995106736,0.9842383755673217
22424633,17003469,0,0.6072570751810841,0.9952446628071147,0.5107881067067563,0.9262238139404427,0.5146731515250162,0.9837173125464874,0.5047746171139684,0.9617091812469367,0.7437318614906344,0.990541360191585,0.5309048765198734,0.9524831808358127,0.7440495112908823,0.9847928932543086,0.4317275726169011,0.9274275124628985,0.685474321239225,0.9846155738354616,0.5925699586092239,0.9332800806199842
8898759,7110836,0,0.6351437093507435,0.9979145206155322,0.6201345016811748,0.973812411682211,0.6350827713286538,0.9978930366215236,0.46877272334210984,0.9598540818178036,0.693688304088743,0.9909338245588303,0.6018855607116699,0.9512179425881248,0.7045621585617937,0.9923847488234846,0.5850494769298262,0.9591870871456842,0.7064375248061007,0.9960706388287799,0.7740648369214647,0.983810443852691
783717,14409851,1,0.8467713180574319,0.9936266336571556,0.5940927144763001,0.9416066002118841,0.7862736872266212,0.996242263012068,0.45121496352794666,0.9710449645913758,0.7469026505889279,0.9912054438776728,0.5106333435634742,0.9695670288815811,0.7469643217606815,0.9897638802968318,0.5307208237778329,0.9725855355140848,0.8739831726324636,0.9944157432413778,0.6229135447977734,0.9608673838124642
11992308,19945019,0,0.5270706595425783,0.9939185513961369,0.7550480447393437,0.9802437202359863,0.5707810839653623,0.9867422926568278,0.611023485389234,0.9582395438765602,0.6491420874046604,0.9926902457495214,0.6777073750228568,0.9725155309473901,0.6829028662038977,0.9912599555569207,0.667092311484212,0.9645202570058681,0.6068464842001515,0.9967943127629468,0.7719477667082677,0.9822876157368344
4301327,3850809,0,0.48809092815764565,0.9988287974556129,0.6924003523563078,0.964551824232889,0.38876046271900633,0.9919397972692938,0.5103485331518711,0.9611956517848432,0.5064036894901255,0.9920321430068396,0.5244845375335285,0.9469421465264349,0.5498400285065935,0.9888008860496357,0.6058086525192324,0.9606679258232977,0.5861508998875465,0.9908220712510483,0.7595267105054249,0.9598803270710049
16250771,16619409,0,0.36032523568591585,0.9952257269604483,0.5616455678801378,0.9631868314967321,0.3348352377755888,0.979768108559359,0.32384036152740703,0.9421727613422036,0.45307773539862994,0.9728810904445846,0.44747891515343086,0.9501588781039291,0.47703254194235484,0.9622323511295003,0.3690288610517023,0.9000406617403007,0.4494575155435625,0.9898495389331987,0.5722347002444903,0.9687229205034333
14208906,6371582,0,0.8304623619395398,0.9956345757292367,0.710540541714473,0.9492728935032825,0.912316519859833,0.9928600018491911,0.5763158560585357,0.9611082933711345,0.9490449005271072,0.9984927175763265,0.6010089877432371,0.9600868751373948,0.9547070292780749,0.9988567709052003,0.5869719729424634,0.9705116140379879,0.8599674346835854,0.993742941535674,0.7505963052605382,0.9548772733147035
19205402,153271,0,0.3415478429513915,0.9964618158647423,0.7345917521796648,0.9613656922133739,0.3395514778204285,0.9914911735860833,0.6290680625174527,0.9748617477164954,0.4507804178869715,0.9904164867366075,0.6146382985470933,0.9299022516701417,0.4759514746408003,0.9933928885004197,0.724511297084807,0.9716438151220033,0.4283143750371017,0.9945701450503597,0.7601683127938818,0.9691874992489135
13522884,1629748,1,0.3159054890749465,0.9887714217336452,0.58862423943926,0.9345336358884941,0.3093145704809932,0.9854630158802956,0.6002584853546468,0.9697406863945734,0.406636248416115,0.991779893435067,0.4437072116444706,0.9379828426042702,0.4344080426451651,0.987432519554726,0.5077005030696196,0.9311052777219846,0.38678492292836486,0.9964013753690356,0.7110749756673511,0.9551242724838324
22631349,17329685,1,0.6037489459530093,0.9983066480202489,0.8023429761901664,0.9743446954566213,0.6618094795596554,0.996581077450012,0.7710594610399839,0.9856110680263384,0.633429542401613,0.9973618088789343,0.7055321485349941,0.9732264793245642,0.7167850965005831,0.9973778847101362,0.7598313875452354,0.9741681017990337,0.6829844301129693,0.995567935668829,0.8318549628279127,0.9739424826677985
7303337,18810216,1,0.44850489449421754,0.9974951711565033,0.8014257863362415,0.9790135484372442,0.3873167783458871,0.9906387724047784,0.6627804327983269,0.9712575058772128,0.535637195259614,0.9939690017675402,0.6912773299456634,0.9681940181136218,0.560789286862985,0.9950704579717045,0.7077542256558128,0.9566265172067954,0.5464053488190043,0.9960409126973402,0.8022243860921048,0.9865636231636886
488614,2691855,0,0.918914700672183,0.9957677895600846,0.6793995465309801,0.9686328236147216,0.9608118754937957,0.9910360613222985,0.529253106572064,0.958049670468433,0.9740652037679994,0.9996269185229791,0.6578951838568625,0.9782374750780836,0.969503321222591,0.9976944057915661,0.5768672881170187,0.9725908017964382,0.9366095973521098,0.9990294545623151,0.8286134088005664,0.9849324117317353
5198625,1293657,1,0.7970140725589939,0.9945322560662997,0.7415934773660837,0.9643472425000573,0.7561493066348414,0.9947297264456751,0.7061163313327168,0.9624691220787234,0.8412291598188704,0.9826420021302733,0.6693397879222597,0.8766774889271117,0.8425530205156838,0.995368474376547,0.7277938215765336,0.9405857020302597,0.8360938918504797,0.9967028604499989,0.8212093329245722,0.9693051095239544
6988217,17907353,1,0.9436869028047089,0.9903000535401636,0.7202990549516268,0.953289316161493,0.9524115984070857,0.9918272180149492,0.5653107620854515,0.9776070944718096,0.9353237448469927,0.9977643424318309,0.6076479388719028,0.9522566435637982,0.9474401822290018,0.996482320618169,0.5644002459404046,0.9377606392281348,0.9772008407066803,0.9965719114088731,0.7701641268196352,0.979284523456341
21348949,727183,1,0.30884943590888336,0.9997986716682925,0.753949589332403,0.9834874371352524,0.30169087750024204,0.9985154761027603,0.4983551921135533,0.9682708725227027,0.39058018413033296,0.9837507896838099,0.613926745633351,0.9446843831668889,0.39772749464577145,0.9815926782169717,0.606009094918504,0.9425110654787192,0.38519981873320996,0.9903845387033438,0.6916127694751373,0.964786782183793
5021571,23574721,1,0.8188663423551633,0.9954759387554746,0.5553276078482727,0.969199798236145,0.6781319988859777,0.9964030517105225,0.6685407411914449,0.9792982667781911,0.7759491309446356,0.9965478830156997,0.6092407039625807,0.9629047343757242,0.7789274188243517,0.9966264841400011,0.5850574885772093,0.9577276323342914,0.8379076617557009,0.9855069138016213,0.70828016005186,0.9414722746942875
6780166,12528437,1,0.7948830173739363,0.9866458974028087,0.5480940159445724,0.9394887220023924,0.7567790891789664,0.9811225370590434,0.5990737589749029,0.9553717157303964,0.887061321638659,0.9841645942102254,0.4741161562045244,0.9296571695507962,0.9341751000262485,0.9962824369966666,0.5350462882456837,0.965019762135203,0.8328600933265806,0.9967370142637078,0.6362415928140273,0.9708519350049565
12973065,5174084,1,0.33117472262816694,0.9920203376328612,0.5745578071247469,0.9670540700216618,0.33168265608362263,0.9898680993148311,0.4699834246346556,0.9494543276268197,0.4796562795808902,0.9661710293586312,0.4281553391748947,0.9070119807340835,0.46746142194928353,0.9703323204268456,0.3689335932497386,0.9112191730839777,0.414436640550815,0.9882498017299504,0.6519472547924507,0.9720662329964324
18634052,357303,0,0.5705775532248079,0.9929632559872941,0.6270117809440726,0.9427776209934923,0.5126401501042614,0.9955423052266821,0.4154400066544365,0.9748102023032208,0.6418432531038485,0.9850761391904098,0.6057556225366583,0.9476847416269335,0.6452093985366775,0.9871539724050885,0.4801309128024114,0.9512991287981619,0.6502576666798394,0.9942192373607928,0.7311550933297648,0.9709101132517045
5463029,16762677,0,0.470541406517428,0.9868678635154221,0.6338140530874754,0.9702661930813088,0.47532797703792823,0.977530196982987,0.47548412751352165,0.9482523005138123,0.5818045438871812,0.9811347302779984,0.5461070519407614,0.9315474252202742,0.5988709185371771,0.979730083273224,0.4708089377253386,0.908374320113234,0.5598974953305822,0.9932255321070281,0.6306315776157605,0.9736092299102962
16105484,21407347,1,0.5882713217562539,0.9971339236967577,0.5856558161668086,0.972582424968785,0.5086438609433515,0.9835830711851388,0.4881730398307461,0.9536627863420707,0.6947897094224927,0.9934481470485239,0.5690630889805527,0.9572161170330337,0.6759648551860252,0.9871962710394796,0.530743593228099,0.9498651610885638,0.6714612996678772,0.9932829274772522,0.7015002537463844,0.9737337345044151
341358,12483251,0,0.30671233272341575,0.9971671983523487,0.658124617638771,0.9661390219730689,0.30101068483655125,0.9852235235607117,0.4444175314369663,0.9472192758571228,0.3527809304096598,0.9841471759510622,0.43185066940731853,0.923046331790654,0.37082924319621063,0.9749255820616267,0.4434997502145477,0.9307358622358287,0.3649783510375656,0.9875857584177102,0.6740737529411022,0.9687370833519794
15385607,12786252,0,0.7190787632025526,0.9984517229326924,0.7494678295373572,0.9809361283339783,0.7109101601934679,0.9966742599580936,0.555466299187241,0.9701739080077706,0.849429343237451,0.992251879281388,0.5922408370094713,0.9660979477832837,0.815126328676665,0.9953219597626611,0.642611231643917,0.9740759200203887,0.7776136912666118,0.9973159641545881,0.7738999149450968,0.9842297542224324
10330989,952021,1,0.34305986996066135,0.9971010044542528,0.7611172073384405,0.9651610553735291,0.31691794961126385,0.99118664081781,0.6306095743051143,0.9655951783474617,0.4193465173389838,0.9892500573949004,0.6470194049026661,0.9268623756393765,0.44713482783493563,0.9889933263126958,0.6232932833446003,0.9461453501981322,0.43449765529116197,0.9974504405695944,0.8116183691706581,0.9713264235716828
834053,12577739,0,0.5359465038489452,0.9945164496757165,0.6964438090550138,0.9707847756846696,0.5146148359907217,0.994561301549356,0.47538436016474905,0.9669967179221416,0.6237384604288969,0.981869666799578,0.46831408785980155,0.9198802948532263,0.728873361594183,0.9933865747136175,0.4900638017088207,0.9305048542709484,0.6117171854850251,0.9898559328950057,0.6810406810669722,0.9592785404309255
4591683,22054404,1,0.43714627908336073,0.9973801023171205,0.792429029827326,0.96833510297462,0.4091488617867711,0.9948990700912544,0.42855793876944714,0.9648246589611037,0.5761278166620336,0.9918299416664071,0.5536183149499544,0.968716274847296,0.6076663107984154,0.9858789090274694,0.6147593777347129,0.9466207666865385,0.536030071632048,0.9934609629437569,0.7222132998488568,0.9771598007947644
6040545,13329811,0,0.40350002581158445,0.997213225153603,0.6797335305883718,0.9725355561301401,0.31797646715311095,0.9954839306726968,0.5157914296298638,0.9599909797155831,0.5418710337477498,0.9859977042325228,0.5073550738443413,0.9454061716511972,0.5114674503004805,0.984114165092421,0.5107169446074082,0.9482870032659464,0.4838326936198943,0.9938960247503109,0.6851798884824609,0.9673141086451462
1156852,22305828,0,0.7402845355223071,0.9981904889900598,0.7270162445069197,0.9685612163111967,0.8427150422552457,0.98759144616023,0.5404727037639555,0.9667451405023949,0.8003997739631378,0.9956821146211275,0.7383867130391608,0.9733898393347615,0.8376122210813537,0.9948950149372098,0.7066865960723807,0.9692103356990976,0.7899618571941383,0.9994855551127659,0.7692626585774854,0.9774006243144017
9062063,18161428,1,0.45297274090100886,0.9979148038437983,0.7033929401280008,0.9709437871548994,0.4445313765741554,0.9904012142430163,0.5073923597196567,0.9705369274738922,0.5441775023877606,0.9891474564180112,0.5416084724966858,0.9152879303532706,0.6007632165793951,0.9938322744532856,0.6280484789132549,0.9512551395243204,0.5355813628162248,0.9977352079061853,0.773682898887411,0.983625016650961
8174539,23563688,0,0.3088461091520776,0.9961682670876486,0.5556009778147322,0.9069800908103847,0.3046829701817009,0.9853230043531099,0.2809322127620836,0.9157613097462083,0.42180880407959104,0.9436665701762654,0.4080918098765035,0.8704326745043316,0.40554684617705905,0.951072530551066,0.3551025327684786,0.9153406290134614,0.36650095443071906,0.986088200253499,0.5186275201375553,0.9469665924324955
15599613,728949,0,0.36770292234224244,0.9958607796061075,0.6462737526973343,0.9811093243323605,0.32321701009638687,0.9868854000109477,0.43396459219300043,0.9473113373293773,0.4592317809642814,0.9787411943959273,0.4522344414433874,0.9488221346548594,0.4639922447678966,0.9736038797866617,0.4278138507782395,0.937270834965026,0.4504112010539458,0.9849722523900355,0.6901269042551648,0.9631175886491382
15396083,5371059,1,0.47609791831632536,0.9971100122007153,0.5131957909285059,0.9641937972796523,0.44807687080627345,0.9730263794175852,0.3727401410419573,0.9197145990869758,0.6566459499905277,0.9767972659241196,0.3399723625698222,0.9358467469038126,0.6195762766306819,0.9714385572732943,0.3701650209498063,0.9049067357369218,0.543701284908738,0.9906935804496197,0.5647003226809837,0.9724973290038718
7606030,9210167,1,0.33814373369519857,0.9934493009883473,0.5847166888361479,0.9511101537150339,0.3344212293279427,0.9750313616562162,0.37486871873479966,0.9347401021454034,0.48403030017083776,0.9752095277406385,0.5159062593281669,0.9451816631190639,0.4880822760351335,0.9756946774576445,0.5263656628850436,0.9508553845110955,0.43454953151986925,0.9892990334984173,0.649688882760088,0.9763036361509214
18101018,19723158,0,0.8938077580779769,0.9937622828729928,0.6624590531241709,0.9724758577287951,0.9121986182578563,0.9982792707912478,0.5172156858371957,0.9673502025177647,0.8745060252621496,0.9910787602396088,0.6490891986365277,0.9204769787705149,0.9454419887272943,0.9980292343833463,0.64856565452322,0.9543955877101853,0.912563798597288,0.9986470757645765,0.7489347310460119,0.9782423412096147
4404036,21343573,0,0.8437794424110167,0.9946731102933815,0.7553487505212184,0.9690975145523939,0.8944291706643847,0.97457976772347,0.5318750296020729,0.9390546185097893,0.8472060545817355,0.9977537124799561,0.5720371605459742,0.9689886781929047,0.8574289586713788,0.9959903016236047,0.6174341191390302,0.9711114095615451,0.868289602906391,0.9955315661429817,0.7723762272541251,0.963341749002418
11939185,17116115,0,0.3168930912396933,0.9960175341818573,0.6564022799838345,0.9527880049490365,0.31090371913242626,0.9874061428429919,0.4283722645393422,0.9553221443051482,0.44652256726130757,0.9748637213616664,0.4828614223817549,0.9179520891607221,0.4430209543929463,0.9744965545630673,0.5043898529408584,0.8983854924988756,0.38733986621645766,0.9899194578036975,0.6732089177077055,0.9633700477371518
5021577,21527239,0,0.3135085478071869,0.999011786966812,0.7344423631509682,0.9874930942105864,0.3117153391427444,0.9874303038484671,0.5007924796582401,0.9623244763966409,0.421992139607575,0.9805247330906027,0.5880405120204477,0.9263386636829204,0.42917544655534756,0.9790428637507005,0.6146818824431517,0.9138211806050048,0.39274218024088087,0.9922411192542632,0.7568687383554813,0.9757882932655932
23252484,20681844,1,0.45979937426485373,0.993263082055163,0.5199850532832035,0.9334336453086062,0.445239439887243,0.9951482943194885,0.42531346076530985,0.9592052607720812,0.6568948567200407,0.981736836586853,0.5064085795216893,0.9502682571438641,0.6694705431641239,0.9811831156037716,0.4865511876263564,0.9506360479054952,0.549654207104787,0.9943605310829977,0.6390964615151817,0.9552272892967526
8769373,2168607,0,0.824662210658874,0.9978077438777396,0.6983648318605771,0.9796899209372113,0.8180042779525566,0.9964290983104702,0.4883156525048882,0.9610545198072955,0.8160140925109209,0.9958041152496547,0.678223146645084,0.9701206276702874,0.8302859161866953,0.9931962031067153,0.6319515966082496,0.9628279848623099,0.8569430396456978,0.9958964732100728,0.7658055059931397,0.9768970903547596
17638226,6176441,1,0.32099614330176923,0.9856746725639158,0.6184362044750447,0.9307736986196848,0.33765712210899745,0.9901588463748915,0.38471648393730606,0.9352000175780123,0.4350890207362626,0.9788790931179961,0.5132466955689902,0.9416845592841107,0.4844049917633079,0.9760774560601281,0.4490011007015945,0.9256763455089551,0.39881964991064506,0.9902242187504366,0.6488135991428737,0.9409911411321256
22728535,14770723,1,0.7478077709384102,0.9982566351932028,0.70674949030672,0.9703044986577796,0.5731141704208662,0.9900947767080562,0.6289112875258294,0.9599387589543908,0.7206886435998728,0.9968687889271056,0.6779569941814494,0.9761313048110186,0.7277866335993812,0.9915102400028405,0.6893802286281199,0.9663349177275729,0.8043833349891127,0.9922401391284492,0.7709415069294874,0.9687392670817072
6751999,8939074,1,0.31978942058433896,0.9906152721075343,0.6811599524838919,0.9410162586262285,0.3064887571101778,0.9906790459651365,0.6161258972656158,0.9777562577985839,0.452048962300425,0.9873508301753072,0.4947290891857262,0.9499163215960533,0.4533984568814925,0.9812503070945156,0.5048180981072415,0.8901901594438346,0.3964132950611148,0.9961482107363926,0.6977014196517684,0.9643235735083984
7902686,20020133,1,0.5573803278188413,0.9974391860842093,0.7551839377730584,0.982593905990011,0.6145562993888389,0.9912976694129682,0.5686491319516791,0.9511420410002759,0.7331704382764639,0.9946867889680716,0.6489270981452956,0.9524677927424179,0.7367818612654283,0.9935718279429572,0.6377276820609086,0.9590002781906994,0.6295170634678072,0.9966659699868674,0.800284111705785,0.9750211468300947
1607807,3800349,0,0.41363649170988787,0.9940103285060297,0.6259823316772254,0.9556045198828367,0.4170407719357881,0.9903801138052692,0.48226397493751105,0.9592916690729019,0.617123515896025,0.9855228763253988,0.5928601894468604,0.9260408358528516,0.6271195015111876,0.9837926118601803,0.5874764362772513,0.9153803589239092,0.49718127098101716,0.9927363457931876,0.7275752831822916,0.9458625363168665
4738885,6322440,0,0.6276657675004643,0.9885342828137659,0.6830387671471656,0.9572984948624234,0.669963885538999,0.9813980875440341,0.5622190186717934,0.9463024213160809,0.6973203057192933,0.9913067361093086,0.6313924323462257,0.9525913707354828,0.7110648569956456,0.9920124027309223,0.6637770335841442,0.9487961146247058,0.7065050500652783,0.9969585134240042,0.7662911104775342,0.9710890096269558
5592500,7998444,0,0.7129667589963907,0.9925744401977186,0.6043040579083934,0.949677296312714,0.6562155221105769,0.9920281205768217,0.41984360499601125,0.9511277381899892,0.8884290305631548,0.9978699769961742,0.5128806090248434,0.9531673369322786,0.8409968911181374,0.9979378471874606,0.6099377908733892,0.9623525953066828,0.7714763345855746,0.9989138512907452,0.7024004003192663,0.9716920622822487
22137915,10778361,1,0.32118618487937517,0.9928898968287749,0.6945247207690568,0.9511740609392327,0.30997683800400433,0.9859137914812092,0.4347189236415816,0.939789681142597,0.42974832721602096,0.9783538897446812,0.537588160944551,0.9404720437143109,0.4318383237220634,0.9787100175542102,0.5401244782067818,0.9282733986060694,0.38865201026865914,0.990853678617999,0.7318217053596805,0.9746890512024735
23120511,14808281,0,0.5505718103406937,0.9934175025135838,0.6544581818087115,0.97306983561008,0.3968861281109864,0.9934786785625995,0.3876558827694344,0.9287309153586006,0.5814609392385399,0.9864905128971284,0.520588057648161,0.9503171401540897,0.5858186857077268,0.9859275872886616,0.4453131884032273,0.9491527840516536,0.6255374702966631,0.9887673530811084,0.709404835959375,0.9551443486383588
101811,4629672,0,0.5593215956959998,0.997208246964769,0.6178701062435384,0.9670163840222363,0.531751282146935,0.9848961663259569,0.3652565125345093,0.940947567653527,0.7177214381308187,0.9873606488039601,0.3484238842520774,0.909478271964358,0.6950060319369933,0.9831390144491677,0.2996658014634298,0.894486198658642,0.624374227413123,0.9948252337508543,0.6347986896479327,0.9794288556531758
3573409,2831663,1,0.8532135343404897,0.9995825957916805,0.8342884550138612,0.9911136498977782,0.7807583304517806,0.9963554095733613,0.8223421215112736,0.9858559808208541,0.9069349455795125,0.9913642170662822,0.7430638826848261,0.9598329248257818,0.8487309432018372,0.9930837737844552,0.7811294233508224,0.9423433445958461,0.8845081408200236,0.9972107645457385,0.8553641780259729,0.9848389440201503
14429171,10062078,1,0.9548222261148672,0.996266427927293,0.6624894082239369,0.9697092867294098,0.8647666568186505,0.9939929733357209,0.4106156881853855,0.9417074320667995,0.8723799450821578,0.9969825728966055,0.5570318358187816,0.95795760771037,0.8810292541546539,0.9960347852933921,0.5480165713228304,0.9600389870000455,0.9674424680865337,0.9972624262834665,0.7010992146284591,0.9814089042479361
17984312,8983114,1,0.4840608895261664,0.9940879511200004,0.6437813510394678,0.9705676210225318,0.35994371892838717,0.995165950645066,0.4076456129763192,0.928396448136204,0.6721254141058345,0.9848703812876305,0.4636391605746736,0.9255868939227071,0.6770017920707778,0.9854057845241067,0.48482257279224206,0.9200094504327961,0.5449672815547607,0.9967554572202749,0.6843132474887397,0.978090002708281
7981028,6023157,0,0.5003068835466807,0.9888435365572283,0.6143857000077327,0.9506154136714988,0.4562670662401491,0.9721473100494431,0.450543378596603,0.9419159571466948,0.5943224232850748,0.9886897993005519,0.47400510740263757,0.956083566722113,0.5556796861305557,0.9865094082244227,0.5640226051826891,0.9270926238844094,0.5722044321219166,0.9974926542061165,0.6889542164014903,0.9671291401685882
14297060,15663187,1,0.5847318447627726,0.9936871543024812,0.7443251780298232,0.9528615609924932,0.43263077075332707,0.9954667507753262,0.5146825132552126,0.967153053669783,0.6640979068240885,0.9867664452320959,0.5973749450295034,0.9278989849006388,0.6651411203604449,0.9901248101551345,0.5929202655338279,0.9453811658940499,0.673418286165833,0.9954982229290292,0.7467863889045898,0.9666564806235838
17337015,22911141,0,0.7931086055520887,0.9957246994693277,0.5938484920227072,0.9634404965211963,0.8842105679882203,0.9855659362887416,0.4658050102475748,0.8923053151246156,0.9266159135029489,0.9960891862037307,0.5543889341695489,0.9460088606739627,0.9361144208800791,0.9985523524006102,0.4667895371795576,0.9542250582923849,0.8306888902810597,0.9980236093107827,0.5876833585561498,0.9712506020656709
433062,6085930,1,0.5726465902616376,0.9978136409684777,0.767122076175078,0.975420388200466,0.517642918135157,0.9968834319710569,0.8080106399681309,0.980862189863934,0.7234508005735838,0.9880556519587117,0.7388918707079606,0.9274085410031913,0.6914184966976148,0.9920834799839469,0.748191680515057,0.9367970678031288,0.6517792588829311,0.9956739011830735,0.8739292429761579,0.9796481619587493
16755434,12186496,0,0.3422052691390641,0.9941973281354181,0.7071220847021167,0.9474775429693733,0.34556132033489806,0.975211545383248,0.5141133050972316,0.9493021095034859,0.4720051970153622,0.9767932439049529,0.4302440637611724,0.9456099916069102,0.495576012754331,0.9697166932533872,0.4358595328508812,0.8855827849451986,0.44135569108832384,0.9868797917434857,0.6890273009923444,0.9471016485055298
18288467,15416859,1,0.5350071938404144,0.9884684443141604,0.6225932519001324,0.9440007277563214,0.5101306171205255,0.9789161667812488,0.45525176281504465,0.9481664828012862,0.7182246521949839,0.990985462153409,0.51907006554309,0.9661001903997559,0.6836530683460937,0.983937913359425,0.4876739518736798,0.923752320726179,0.608249950370203,0.9950561832789595,0.6445213193044561,0.9574227141853939
22888751,2520215,0,0.8171173046883151,0.9939634394735838,0.6541895134751285,0.9542435474177164,0.7784849295781301,0.992060260093745,0.47346402026437984,0.9533403855305942,0.9266668262811412,0.9897858881721702,0.4736903372640877,0.9148053968198733,0.9056927032903114,0.9932025643874438,0.5056075874012216,0.9321146777803088,0.8515315811627143,0.995501669860916,0.6687084324105073,0.9668889119325178
2638907,16328840,0,0.6207393077889453,0.9979371731627342,0.7498238492031286,0.9746419772326764,0.6431413915215208,0.9901896053183971,0.524142335717853,0.9575146637246242,0.6981383391825949,0.9910703723654449,0.6445637189524535,0.9555279632034438,0.6973595390164697,0.9950068438522031,0.5958515678118026,0.9557451555797257,0.6854711753462793,0.9926869252362586,0.7395348432870879,0.9708818886459318
10793825,20881388,0,0.29682149437551103,0.9895445805009139,0.7833061179418177,0.9469417379393552,0.2936709529245278,0.9907125452714046,0.6013942146808922,0.9586024312056294,0.34246555067775014,0.9728543555850384,0.5596294033063391,0.9126444847279734,0.338042231988012,0.9810483828320554,0.6637056604933944,0.9471727606575258,0.3274573916323984,0.9862005173102882,0.7746555043405763,0.9318543507836184
11604443,18477921,0,0.30846320805790084,0.9923099543642356,0.508230645962866,0.9122255134842774,0.3025101707985947,0.9625266814869802,0.4300362788483181,0.9128632633780359,0.4182343230761904,0.9451478494332975,0.34425909338885796,0.9008509539834887,0.41542116098806325,0.9452205630311714,0.395502723685485,0.8918791743521537,0.3675694943140911,0.9797738480023555,0.48059913995324166,0.9251156732591742
78966,20789900,1,0.46720146555634745,0.9928098098651467,0.6803924181246199,0.9448940532573802,0.36787460020448737,0.9911208620035513,0.47487987255542763,0.9479491896410718,0.6430233968556884,0.9907025534141899,0.5534584815638851,0.9706394967787136,0.6431825790541318,0.990957223243848,0.5996895621760658,0.9652925613126949,0.5478193476385711,0.996232817282112,0.7359953059170561,0.9690797726640518
11818436,13691658,1,0.5798107639504823,0.9992230506296261,0.6810160230898642,0.9730773591709106,0.5984264547236032,0.9932703169490776,0.46981485240396625,0.9703151824660066,0.6583795002513415,0.988747913294024,0.5506473269969256,0.953311564769134,0.6574140617783342,0.9899036601853682,0.6146051732660858,0.9561504153265422,0.6550210671909973,0.9967592450099063,0.6987394013164696,0.9797362691130603
11103449,665978,1,0.3179776759746675,0.9829096095754495,0.5635411448959762,0.9094113179922401,0.29518553831274474,0.9815187252711252,0.32177402210427775,0.909113682925836,0.38584678109371967,0.9255711152608028,0.2909633606031198,0.8683152137508497,0.3863090841941997,0.9261950679762901,0.3371707655076709,0.8798964715761255,0.3831250012233883,0.982240578170521,0.5337454692712833,0.9515700759236014
8403573,16869671,1,0.46993388751239235,0.9973530604335478,0.6716142471459963,0.9654709738585133,0.41093216722469345,0.9931816252100351,0.4772116208119632,0.9618148486595895,0.6120993794863745,0.9878569040908562,0.5782178510651337,0.9562018340222922,0.5984932526251802,0.98827637377088,0.5535334400711938,0.9576377127822207,0.5543914899333767,0.9963011289813256,0.7042846715876028,0.9700836985630462
11838691,21930706,1,0.3921073021713848,0.993971277465306,0.6969749202310123,0.9676926653499547,0.37098542501430576,0.9948903213865834,0.4260306650550991,0.9585249591156784,0.5267146815801595,0.9816981943405959,0.4988251264383574,0.9345476464536254,0.548075325918874,0.9831639133202692,0.5377385801482495,0.9384093538977292,0.48292308596472094,0.997068817837273,0.7467684370253146,0.9768546470307372
20559733,12942575,1,0.8587008430933689,0.9917867692479255,0.7355466985695267,0.9663831055530182,0.9491605345475539,0.9906307766356537,0.6062259469920999,0.9682702736658545,0.8709787878545506,0.9982899575124204,0.6395272878154242,0.9789024146739327,0.9622614144263033,0.9955905739988911,0.6168915764318903,0.967750694117857,0.8812613089776278,0.9990954797802712,0.7128837590555023,0.9744615254179987
17891160,2103971,1,0.33346346442684305,0.9973456505639633,0.6481461931293879,0.974653823691861,0.33149492685280063,0.9832419678775258,0.575445011423182,0.9586425407676562,0.4471039942142164,0.977123767771355,0.5582944815309607,0.9533125090365249,0.4540945547702461,0.9766659897056043,0.5697409205987269,0.9422395823642704,0.42293036442290294,0.9920427446886377,0.7202869960147513,0.9793659619607656
20955453,16375448,0,0.3866509073841404,0.9974199629289633,0.60548780730541,0.9550674024200589,0.3733890571221215,0.9813929140300016,0.4450975910028965,0.9544185605709923,0.5016638232193666,0.9886637605862824,0.5304884949666642,0.9501833007309957,0.5288320075193843,0.9840707403480875,0.5077271282432121,0.9485829659450498,0.4809757182112857,0.9970775543618775,0.7220411721341657,0.9756345658960085
23402237,19138361,1,0.6370294296265956,0.9950510708506909,0.701833651072683,0.9741899466579749,0.648324637188142,0.9902470008522236,0.41791870847425727,0.9524889879649542,0.758246720457971,0.9932348380914003,0.4449978269933069,0.9568989220851137,0.7671988366861076,0.9921097232252669,0.4772803443479823,0.9441368184616639,0.7029388005961554,0.9995051876722828,0.7327876382688663,0.9803992083517092
19478367,14885369,1,0.2945256777942357,0.9912079589438239,0.6276258811395895,0.9412458166277474,0.29453964141375755,0.9604274258817355,0.4034898815507839,0.919488954776581,0.3302067061914075,0.9804296778642637,0.5157959290729249,0.9372591103666351,0.33258719687296573,0.9721722137749691,0.4938337241812564,0.8991398667707636,0.3166254460824844,0.9898351237451573,0.5781031752146573,0.9546703353933422
16163062,357303,0,0.9411072596562294,0.9962530042106186,0.7079098496165652,0.9779677147768137,0.8820883213081855,0.9886685635154254,0.6564558036420278,0.9694131477977936,0.975226792912635,0.9987900777480021,0.671663706656423,0.9770487262007571,0.9738629387832767,0.9993973520362501,0.6942487980430752,0.9747731127780618,0.9529485103832641,0.9995329458436562,0.7744048358162947,0.9846529046298355
21386815,18868986,1,0.5913209079574094,0.9990466111210518,0.724312579194476,0.9861127655035161,0.5701988881675986,0.9856545734708114,0.4806698472734896,0.9657019506931552,0.729778786101969,0.9946834853383624,0.5854339246182227,0.9645326173213612,0.6854467223609174,0.9915703116404033,0.5465764673958162,0.9733447470306021,0.6559298076986967,0.995173866942264,0.7859190903635438,0.9838255710929535
20592334,5433055,0,0.3761069072722193,0.9953000536412787,0.760736368118774,0.9735870441252119,0.36182059433543107,0.9970609739292531,0.6000169739792911,0.9653640774987361,0.5157406090324228,0.9833962123509044,0.6084292713229035,0.9213297429020619,0.5281477614043906,0.9874580207128881,0.6033385201709107,0.9431805004128283,0.4839158601957057,0.9900213845918069,0.7937555711513526,0.9562212811915268
1686479,12440169,1,0.3214884231196607,0.9952787007179542,0.6433488124060467,0.9471203085950722,0.31140415030213286,0.9718410770076251,0.4465987590281698,0.9495785937782971,0.4595815333329261,0.9663556179157445,0.5354741247733014,0.9210300058799775,0.44181617564166137,0.9620057569209127,0.41185918569765145,0.8739526002902809,0.39206611315977946,0.9942707657523414,0.6622225782454582,0.969347666509333
6128265,14624031,1,0.3305923188927104,0.9949810930388844,0.632723632566988,0.9562717902226466,0.3144536980821116,0.9901723830417805,0.5270607148142383,0.9532781523826613,0.43557646281493334,0.980571142489933,0.6025761273153558,0.9486790289539002,0.44318514824609934,0.9803120363439353,0.5810809271285517,0.944928523920711,0.41808293889705467,0.990734342628368,0.7756397346762152,0.9619603322375923
6914912,13292295,1,0.30671549183703173,0.9897894073205384,0.5402846217367165,0.9545473780845436,0.29632627366079706,0.9549664437446717,0.350611423928204,0.9183141120377366,0.35901591792497806,0.9567864426652641,0.3858754020791896,0.9072666643852619,0.35695617429425175,0.9490780765644966,0.4299673439099806,0.9017426066350178,0.35978057854213535,0.981470274373108,0.6118885403250531,0.95234907634938
3533700,204078,1,0.5496664579926246,0.997562463938589,0.7490906897126594,0.9622619628218141,0.5178505526411921,0.992781981355934,0.823097286001756,0.9834088288070202,0.648266041822329,0.9969002330575353,0.7830184033965443,0.9688157810711541,0.6670361154217846,0.9976885345551509,0.7705778035862545,0.9807029341790999,0.6315679380829295,0.9966299954365058,0.8161794969164871,0.9687016814345318
1158840,7861020,1,0.5554677987038036,0.9942883259391297,0.7322097129033655,0.9504672563428462,0.5775056538353474,0.9967534939979091,0.39711623654931694,0.9642495310425319,0.6103991489397289,0.9890517556110168,0.546890379685495,0.9551232102014359,0.6684039147419758,0.9922991743750891,0.569446635069214,0.9549966448415299,0.6340487818435275,0.9970061198144429,0.7303134124985133,0.9753605268806254
3567576,6322468,1,0.7851195353434748,0.9962698036410723,0.5641504714114982,0.9501536453762206,0.9397756132427535,0.994397510386792,0.46908182223531325,0.9484235467845415,0.840141229923937,0.9932257059048457,0.42056319106173756,0.9550325313660272,0.8745702375859118,0.9941092863250724,0.38811544321868474,0.9544725137985036,0.8237526384578551,0.9977669287018337,0.6233590315784747,0.9628341685617028
8856524,10118785,1,0.3334144361035574,0.9941573200492329,0.6696698381562527,0.9441507829969373,0.3061787245131844,0.989115678753481,0.40490663917978154,0.915085264716335,0.45267562421230734,0.9741709394966022,0.5507155787415059,0.9291008835238124,0.4440707502095503,0.974097174828414,0.6050806394281059,0.9171273781070771,0.41942214747881407,0.9911287644227739,0.6861464182143375,0.962475797238082
562437,4511510,0,0.43125864824473353,0.9967054357292324,0.5850752790364908,0.964264154087302,0.4556261712342078,0.9859557390213702,0.38969719818904447,0.9548003570514151,0.5656941499157889,0.9784722366847862,0.4962592228010838,0.933790111612315,0.6183649664245559,0.9823471740326911,0.406299163547031,0.9255895018469965,0.5192476278239515,0.9896049111318346,0.7043272267467324,0.9582861746292567
13583203,5851660,0,0.3179477702757876,0.9964559633359179,0.5273398555833293,0.9537455386408679,0.30251403902348695,0.9761706561806476,0.41447421015045494,0.9401413942122678,0.43188697599861675,0.9582548151375214,0.41617499173860883,0.9008592027474255,0.4440908462233895,0.9501168629132412,0.3409565412559188,0.8331863559375069,0.38661905622648624,0.9833244460069526,0.604377046319293,0.9637000679540583
8361377,19396006,1,0.7526958325698025,0.990345886245911,0.8061481044272529,0.9656581087172745,0.8372059453114479,0.9963644112349638,0.5779147139179328,0.964317427428447,0.8733413124642909,0.9974077799305802,0.6704100312120398,0.952119876524941,0.8761884986847479,0.9945813903666324,0.6620169311462265,0.937798007239491,0.7981174658191496,0.9995570157637784,0.7342587840912657,0.9753169022326282
18042543,17150642,0,0.517487259540607,0.9924636325286543,0.5099165747900327,0.951365605653558,0.45684135116751484,0.9779393984505534,0.35762390049199044,0.9319383998922909,0.6473684166994134,0.9762374000224237,0.35019884864062933,0.9340887050053231,0.6221055941659733,0.9759820548858226,0.3614105003613389,0.9400505267422719,0.5853105182277138,0.993556083295328,0.5823005604447429,0.9581507177668428
15599611,8204996,0,0.6394786120345487,0.9971504969560302,0.7491387619148584,0.97460442280681,0.6464582868744625,0.9993501480761307,0.6483470922784855,0.9781252918669485,0.6542627499566812,0.9957023543676429,0.725161714201871,0.9705571356508623,0.7540626546281948,0.9952771134979784,0.6997659630154586,0.9392181672834836,0.7163175408666429,0.9978003637071126,0.835528164081425,0.9841584009176335
1977562,21923044,0,0.6643717850833543,0.9896254062068495,0.6676180375056413,0.9614981299719492,0.6326057481436772,0.9902162141943106,0.4328305125136144,0.939659610848387,0.8376430491253467,0.9967109557359078,0.6590904263415738,0.9599689487664036,0.8424238568945256,0.9932431969899392,0.6363478764458038,0.9441264850969223,0.7315641925357061,0.99609773621384,0.6963296375310124,0.9750120665344507
13099598,23149062,1,0.6198664344707482,0.9939686476973095,0.7165180266422337,0.970106447815615,0.524941763791503,0.9986857055457968,0.537088482748066,0.9773148321575938,0.6569148103206947,0.9912853568962678,0.6039816451552464,0.9360022982011116,0.6707521452373462,0.9943322671631278,0.7018448985157654,0.9718631218203158,0.6946071191312351,0.9977908496260213,0.7998958224289485,0.9821336743055524
1684606,11710005,0,0.3147038892255522,0.9962054600210872,0.7251132803678864,0.9645232860776611,0.30568407903352984,0.994205110788617,0.5699890956756006,0.9673879823529234,0.3615745547144497,0.985888463796557,0.5671711252523146,0.913203033524569,0.3910274891216218,0.9814509916147058,0.6163130798700115,0.9405379227782671,0.3868888592165073,0.9886511203009132,0.7489495765975478,0.964243165227555
13691658,4567361,1,0.6531132710690175,0.9972976919259878,0.5610681327798941,0.9562112904643332,0.622371753236503,0.992303926599997,0.673297797656353,0.9777438536911547,0.8194041336283064,0.9928555811833543,0.5936329521067911,0.9216123197018514,0.7912078210990784,0.9900445713318496,0.49478275611734535,0.9019013514810343,0.7075852889191292,0.9939740498711366,0.6556777881994018,0.9643759473800911
5824705,18566815,1,0.9457658769599547,0.994912485017265,0.7844111836229075,0.97189137149983,0.9575882025031869,0.9889940769132693,0.5449311076367798,0.9439765607986323,0.9361322307305131,0.9897593873305524,0.6114903965356637,0.9462727611422981,0.955421646596992,0.9938945298221531,0.6804558766061131,0.9601632327800066,0.958361339940737,0.9989638515378547,0.8292309247351252,0.9839057127463987
3024989,15288212,0,0.31191868575950343,0.9973196665727467,0.6264258924038519,0.9397508161126392,0.2966455635395493,0.9873057191595176,0.4411863550724452,0.9629215137869603,0.384018608052216,0.9629160889117271,0.45600640187178676,0.9219369867476427,0.384018608052216,0.9629160889117271,0.45600640187178676,0.9219369867476427,0.364129718330987,0.9878212167450388,0.6050181030172734,0.9547930343099363
20287675,4928531,0,0.4036099684555467,0.9953370057955546,0.770050128892864,0.9804949002292286,0.4010817974966165,0.9881550259575103,0.6609639530057474,0.9747559229840519,0.555806658733691,0.995478901812503,0.7102901731755829,0.9802828980534876,0.5654619796026334,0.9937036065468173,0.7519053012258303,0.9767621074274203,0.5049069923857589,0.998756327644815,0.8176071315137425,0.9861971955700387
5636800,16851956,1,0.47178737325738074,0.9914942216944959,0.7024207523552288,0.9591765159377784,0.4216252223762466,0.9773446624649862,0.4617267154155429,0.9515291436988447,0.5694329058874381,0.9909182919359796,0.5302669782447794,0.9266590773798725,0.5795168588194685,0.9915088649686813,0.513138293747768,0.9609714375473135,0.5568088015495183,0.9981037827145609,0.7121682934976326,0.9712278179914187
18731110,4505945,1,0.7736665882168036,0.9975497821835374,0.723833183840491,0.9729661235467931,0.9364816611490419,0.994974343553623,0.4462789712207771,0.9662441889246389,0.9434768344212908,0.9894234972729395,0.6006001304715127,0.9387825964997626,0.9475450076212336,0.9905848907380272,0.600155565646606,0.9407981875063832,0.810061559258418,0.9955988617926372,0.7080062517783727,0.9730884817657753
12393199,8625347,0,0.7199793539271511,0.9920866748949034,0.6416216112039308,0.9496361729695203,0.6836426404147345,0.9876117013632194,0.5318585576358674,0.962231780310224,0.8039694916807814,0.9963850797432472,0.6890699176728512,0.9713419938791907,0.7941826557541751,0.9943343451995279,0.6183312062195936,0.9517791037173341,0.7713484025373905,0.9954966893159305,0.7218443803686647,0.9655514635230423
709510,19883483,0,0.8087120496165394,0.9853262772830558,0.44938720143082933,0.9157869962107776,0.9573761073593182,0.9816094760067225,0.553709035068398,0.9602651657089872,0.9347284927105448,0.9878021939668133,0.4961973227903368,0.9382443006431102,0.8993409741522249,0.998856578965092,0.4021504049532195,0.9400792368098798,0.844702181891596,0.9913135202901486,0.7033567750390123,0.9330304958223711
23452538,10126016,0,0.3395762298288649,0.9966662061291653,0.504898858925104,0.9420654842697259,0.3380632409647266,0.9723564200951129,0.3483873099418775,0.9324930912437003,0.49300061295293773,0.9588130469799004,0.35561719785435486,0.8987061837005297,0.5020480398369447,0.9577721484433066,0.41741187065163743,0.8887845153595724,0.426573552776077,0.9860962397968847,0.5826321368950167,0.9592774032466627
13320273,11130567,0,0.5813447422573726,0.9931761108385729,0.7320814161244313,0.9747698343761756,0.5081277040006404,0.9983248862328801,0.5812320386331672,0.965672852314607,0.6670346957000094,0.992633522442394,0.6332063657130163,0.9709864595328594,0.6989898446031481,0.9939903432377087,0.6249239305154413,0.969671319697997,0.6466032056430554,0.9951787463501813,0.8195115423886992,0.9797489667419882
4318399,369572,1,0.7318989111042146,0.996452135631273,0.7344623531905132,0.973661639474098,0.7279048602687884,0.9942080539539119,0.7147474436744803,0.9808510551100446,0.8572919907171567,0.985928175479153,0.6974247192034527,0.9318722459659139,0.8726075072841598,0.9948486805900757,0.7468345132284161,0.974412446089626,0.7907212093835779,0.9952491187439877,0.7947267908781281,0.9787714531090698
3493863,3395310,0,0.38747437172035837,0.99278265446355,0.6492392111376974,0.9411604728195809,0.36603214143663326,0.9936001574958403,0.5689753562811208,0.9680822157665638,0.49623560223445345,0.9822114325946815,0.6013421076555063,0.9412681905890724,0.5116924130654957,0.983893832133108,0.6569979724052086,0.9376009228781731,0.48415549336080854,0.9976044325203223,0.7703187653255181,0.9694569586913409
9530015,11896430,1,0.5545033862838603,0.9948071631343194,0.8488767560176599,0.977065829236928,0.5138708888302476,0.9945177473741751,0.8865403494230631,0.9812910950946977,0.6090917734058192,0.984264279538471,0.7519904704307716,0.9387643277329065,0.6617653608075258,0.9945393256940878,0.8202761215974457,0.9692815499237953,0.6310432232292886,0.9970283630443185,0.8752874538198928,0.9857237428602679
20493867,7008364,0,0.3016673391302102,0.9957012883489282,0.6872836619032849,0.97377786502812,0.2998581742105184,0.9858224469697392,0.49920734605429107,0.9573015753917528,0.3728652315407585,0.9867456087085887,0.5825259059082126,0.9589264751833969,0.39569641450402415,0.9783403253345474,0.5407849635294055,0.9373973456901605,0.35070788712109296,0.995766933526354,0.703358942053645,0.9790072366404449
5837430,15288212,0,0.3087831093652861,0.9891304175835198,0.5682560296059649,0.9565351965157455,0.2960186295125039,0.9946121580489787,0.4127567080121959,0.9507982611491338,0.39238153054500857,0.9665076201468324,0.4927858526318615,0.9331609180907359,0.393242718801138,0.9695076068959813,0.4751705137428498,0.9402642517050688,0.35661512762924485,0.9869271531534197,0.6426074175308495,0.9650035619757023
55568,17447923,1,0.4994095451982826,0.9983143917752114,0.7584020776748079,0.9518483778832949,0.43837806367841253,0.9990406857971051,0.48224431637371235,0.9733152574622103,0.6414036247820222,0.9942661480093254,0.5879400109012258,0.9582234031549632,0.651571571560052,0.9912858857600306,0.6262781301246587,0.9688087475098536,0.5785721174771837,0.9971097425953733,0.734582372065923,0.969299012111738
17467385,4114529,1,0.3002089706151239,0.991028882983847,0.6885090217842401,0.955642173827654,0.2951717751682282,0.9898671697580061,0.5036618263864516,0.9666182666324054,0.37274959007691977,0.9812234497095851,0.5478355270597535,0.9566911852102116,0.36577688606422853,0.9754739223385415,0.5515120407737377,0.9132680493425891,0.35304191893309655,0.9945042031154022,0.7777923879960285,0.9746628920682995
23047155,14770723,1,0.7200855854602647,0.9961646773258521,0.7300102112082506,0.9751160688906466,0.6879833337519613,0.9979817527461519,0.5804909298659978,0.9733863720700742,0.8218177959959209,0.9978220782017315,0.6793289109065073,0.9777622936263423,0.8290477482757305,0.9958893007937075,0.6923941454374225,0.9783637160300475,0.7721456318770729,0.998478575025393,0.7316331237438665,0.9818881145161102
20080077,13902981,1,0.6622385227432581,0.9903622057685245,0.7695884921807348,0.9566967277390948,0.5922980972886006,0.994465245941747,0.5438988557710582,0.9750017743305622,0.7065556640349175,0.9942233807608619,0.6654620367609083,0.9747038077752623,0.7139020367041776,0.9936476833630701,0.6682654901681389,0.9728362227355416,0.7274576399866185,0.9882895790785504,0.7394543081138543,0.9397496981955897
5053350,17585720,1,0.6043721336319384,0.9898060156459038,0.6687227588942746,0.9678017559979277,0.7422527765658425,0.9886425701732792,0.44899452334994416,0.9286041062595458,0.71406936017685,0.9888978993204223,0.5093266586061749,0.9548895130370453,0.7139664436563646,0.9895455744629366,0.43090885291566106,0.9558376473489762,0.6703995702580242,0.9979091304797084,0.6301112042088015,0.9759089983708333
6605492,15133710,0,0.4700559436038268,0.9943811381285215,0.6342386685179341,0.9668890019211133,0.4789892192372316,0.990794580419734,0.4980367814548984,0.9702049309534411,0.5561494377542023,0.976299559411978,0.49847695852241447,0.9136238023256652,0.5979622282699283,0.985845466035289,0.5572682953298573,0.9582591359378684,0.5517266882916991,0.9943936280917627,0.6978914297816323,0.9750830899814634
4193495,22556550,1,0.40089198762937894,0.9978356588336862,0.5911023368050892,0.9516556901587012,0.41024372581751767,0.9775721604560857,0.3490465873106521,0.9410004369484937,0.5252966406812853,0.9836077946092889,0.37688801032307706,0.9366404799940302,0.5593271216861796,0.9760550119119055,0.407871397118283,0.9406288560066688,0.49816594234640993,0.9900940213736039,0.5575321305596688,0.9690677210345966
21959566,22788900,0,0.49408860260973664,0.997619144795084,0.6233065761937819,0.9494441581017269,0.4573530400940839,0.9927711369846893,0.6191837212136392,0.9685026325107143,0.6078495600893724,0.9925654175702301,0.7373590549441202,0.9552752398280208,0.6266613739909236,0.9930948015464637,0.6642785279105449,0.9630064740713042,0.5863455292094761,0.9962642519803321,0.8290073368587254,0.9810685818262878
5822585,6190163,1,0.724098695127005,0.9865271732372103,0.6578683563533018,0.9641535827556422,0.5428584138668506,0.9929168687415267,0.3136270781911036,0.9143623247110502,0.7642406654119758,0.9910694390098987,0.4857114242677726,0.953242599044001,0.7716936458842918,0.98951490061062,0.46386364049678597,0.9405693148717446,0.7803085698487557,0.9898230978765272,0.6503063460619729,0.9555647666506517
19950034,330930,1,0.37752769892701604,0.9943712544224059,0.7026954545953716,0.9727553997808424,0.37228510563090234,0.9965438498333614,0.5072131278848784,0.9671225254137872,0.5413181075100144,0.971438501706279,0.5002518725122485,0.9010216138824966,0.5587384755694034,0.9833843597016652,0.57305482304928,0.9377784428453267,0.4855405034674068,0.9892152736248202,0.7529763570375889,0.9678385250684695
4787102,17662458,0,0.46395923773203906,0.9982562396352145,0.7044601960175896,0.9665154538901835,0.38482324462930356,0.9912002336875274,0.3935620779997394,0.9529806007069637,0.571952124937904,0.9792198932341197,0.3848704393778707,0.9490105223748799,0.5954857919831053,0.9783163051725214,0.5053649636802491,0.9395023292699285,0.5574700249971156,0.9944488593436688,0.6867112189065201,0.973512070219803
5297820,18923902,1,0.3006250602467799,0.9929872216520005,0.654672324106149,0.9469538645727521,0.2969032540901382,0.9775062880399079,0.4436578348887614,0.9482467900167734,0.3853555455161582,0.9736980439598681,0.5258773944116278,0.9392457734564925,0.386003833371956,0.9709694820945673,0.5285962553261967,0.9147957592131353,0.35608660886557103,0.9877407343185234,0.6283074566892579,0.9548441792312301
20023016,19434583,0,0.48152337299259956,0.9953791072576638,0.7410138648257135,0.9633001194563905,0.44261342719049035,0.992477598413653,0.37613248062229787,0.9583895627368342,0.5763679787997533,0.990812633752176,0.5387465276452192,0.9543012779430449,0.5988315159256014,0.9829236963113301,0.5727809095122088,0.9515511083490094,0.5771879591064568,0.9954933423959046,0.7000904221376714,0.983235180850687
5036265,14263421,1,0.3090856836064276,0.9873307154502373,0.645152656364353,0.936475475922258,0.30963059563046735,0.979476131768706,0.4738918443252349,0.9487902941029326,0.3828037301288499,0.9860962073464677,0.5125792539915834,0.9382037294879212,0.41042563861858383,0.9792916541951048,0.5377584614075062,0.9491019560944293,0.36794263251523557,0.9947574112345873,0.7004230689148958,0.952267904336121
18960732,19842959,1,0.46415571919951254,0.9945883102766863,0.7038281967617699,0.9453262221109404,0.35038104389107955,0.9918212413342972,0.5566466502718157,0.968867916543949,0.5167722178096084,0.9929810674179875,0.587048432522385,0.9446123950241868,0.5182766416861029,0.9918586712532127,0.6495667880919935,0.9772931091719721,0.5562300631926538,0.9956985131909128,0.8011886960935356,0.9629494999170808
19344016,4824415,1,0.37933833235215,0.9933404995402888,0.7054454344552679,0.9732083597369382,0.3802899353993621,0.9678697293670016,0.3599647236890767,0.9350024748166119,0.5209273054745823,0.9807718826099594,0.4466605306331566,0.9533322751042499,0.5384760653858767,0.9765705961636097,0.46503530656431735,0.9196864616466338,0.46302467814838416,0.9948348829828887,0.6436607989636123,0.9736817060218634
4519500,17557352,1,0.3233597381177811,0.9950261037437484,0.7047055187442091,0.9653704762047138,0.3069484631940024,0.9853406200429596,0.5126659840181924,0.9632223468087803,0.4289219103504174,0.9763908789646712,0.6132726250638733,0.9325653051940153,0.4284630669532466,0.9754851794388754,0.5488444119670366,0.8974469086002017,0.4051843123952869,0.9927946691331312,0.7160382168219351,0.9732033436127787
11751791,3660246,0,0.5315396335247486,0.9938742711815957,0.6927775929165207,0.9523071063975705,0.5069651045083619,0.9904172384562293,0.500368457891102,0.9673602818170753,0.6430276197775225,0.9914461080454479,0.6544409760284167,0.9677443575394855,0.6336146652368175,0.9920696447506622,0.6154906588634155,0.9639645551409833,0.602302797427995,0.9971531859279488,0.7879903539137676,0.9721217007611813
12082140,23496079,1,0.36634244656201675,0.9984998624153398,0.7407535081910469,0.9840058518758034,0.36071450350650075,0.9902292496225826,0.523566545408857,0.9712525195625409,0.5288061687800778,0.9907005352189696,0.6249333251504389,0.9555764272252275,0.5418126964148677,0.9896097266599446,0.6116733413317093,0.9485469290185682,0.476906458976919,0.9943551651710827,0.7555222125924269,0.9767602836247543
16678308,7142335,0,0.33365084891944913,0.9973917295203655,0.566391810550944,0.9567639936283752,0.3443912896812671,0.9764872291606015,0.33539597774003227,0.9318771840074535,0.4858701291916475,0.965242788475294,0.41645535423530644,0.9180725560881403,0.4898514222093788,0.9655189206064172,0.3972869239565585,0.911694367958292,0.41998918996990153,0.9908329930678,0.6051685038539687,0.9643022453303295
1962490,433062,0,0.6278638472132542,0.9926226827093019,0.7270927975524367,0.9637714032960423,0.543966478262075,0.9889307653590029,0.898853987639021,0.9771548640584907,0.7599507668585146,0.989162716422291,0.761413160328563,0.9414367783579092,0.9274517635327347,0.9974357806466094,0.7784959633478722,0.9650079987720755,0.6872329389415565,0.9875800980596999,0.7139391045107419,0.9354420345911909
11910132,5084177,1,0.30804308090634375,0.9922891772152991,0.6260632239291016,0.952381424568432,0.30870302489615054,0.9919877878685418,0.44553366164263375,0.967243012368943,0.36615123352314555,0.9731162729239039,0.4342750444614978,0.9425293263347821,0.38332961421783784,0.9672178178594116,0.4229844465216557,0.9063372751058865,0.3663850350519706,0.9796935529026058,0.6729711995630654,0.9386979120759016
13336051,1180865,1,0.6693583923530979,0.9933345266340425,0.613807661779543,0.956706503675136,0.7528140535217206,0.9904858535520176,0.48742657274053935,0.9658069777121168,0.7136199800980303,0.9895801648699025,0.48345586018724307,0.9426829986791124,0.7350578575796118,0.988748721862194,0.42807993651508836,0.9236885991978323,0.7464401828736009,0.9890006241993012,0.7046024317879771,0.9452174503464943
12039036,14417449,0,0.7896026131127399,0.997199158253898,0.6931754269799246,0.9710360969965095,0.8050837294230948,0.9975181024776382,0.5242751133037203,0.9705890379749892,0.8290036909183667,0.9969234062138447,0.5838387657798647,0.9745051681411635,0.8547919830540862,0.9962445199233344,0.6359184809875564,0.9683415440065987,0.829771959387152,0.9953113929508319,0.7571542557732862,0.973894668244563
2467221,18027718,1,0.8674609919989764,0.9880343807908273,0.7122370664929165,0.9612983053109986,0.9190333728889024,0.9875028306946356,0.42138502823947077,0.9270770437592798,0.943600878066786,0.997112915165562,0.3202220075338986,0.9497743389254075,0.9445900409736253,0.998352753822912,0.3309981702081617,0.9505909920510204,0.8906666707035216,0.9907256366059168,0.6177296271475661,0.9465145613308863
7730595,14090536,1,0.8793494190427013,0.989342274486845,0.7232954745744191,0.9422910642348047,0.8323518235010088,0.9875180117264367,0.6795235963265566,0.9712721168507259,0.9469373958757825,0.9951549510103287,0.7599137996762197,0.966973623716544,0.9348304311307565,0.9965529716402579,0.7296015079186136,0.9632639169677175,0.9042768478237827,0.9970531609251979,0.8126843241007513,0.9634498742596047
22239198,13212350,0,0.6428556631298782,0.9954372076511263,0.5921507575816642,0.9682234846810076,0.6245226311575239,0.9867408875615493,0.37828662034534355,0.9418191069828244,0.7486416135801667,0.9912799590108935,0.46819478552588045,0.9473529750744585,0.7554521353169148,0.9907035571616325,0.34503788347381137,0.9478497965315608,0.7113461392292092,0.9971574990178073,0.49519523038698854,0.9729607727939026
2659799,11499799,0,0.35039998795945776,0.9972627172340645,0.65438753844837,0.9518860651966145,0.33524040037745845,0.9862781466890712,0.5542752583406414,0.963928273217681,0.5023858610040105,0.9880129125864031,0.6142685996407042,0.9662147837807618,0.4842227039986822,0.988513321973979,0.6378095139495155,0.9726291026051981,0.46167267896739855,0.9945071524863283,0.7777500985860161,0.9798751161808101
23224029,21515430,0,0.43389349780088887,0.9967132825113466,0.7040004002416236,0.9822511857478494,0.4237149245809824,0.9966983024598037,0.540561190872567,0.967467400157317,0.5884557688870133,0.9901852038016401,0.7199336868309546,0.9639064053871121,0.6033383207761477,0.9900767611075081,0.7028010610788571,0.9726946830338701,0.5222452278891546,0.9977928710116976,0.8009391598072622,0.9844153682016797
19926877,5271062,1,0.7814266312769834,0.9959144050832466,0.6411816152694999,0.9482522247463058,0.56247690526489,0.9948920472680342,0.4434235344823011,0.9517615284961626,0.7500906250215266,0.9927608121608347,0.5684978076515322,0.9584999035703803,0.7537523070190314,0.9918954690001629,0.5259031655088872,0.9535496868162302,0.8292759667840467,0.9933589272068759,0.6651664284006742,0.9506101297561622
22075089,16987999,1,0.3235169364138564,0.9968040077617925,0.7110709328198788,0.9691776895634273,0.3135363526654985,0.9964625852129297,0.5479675600981426,0.960988595360868,0.4515246387039814,0.9778586498563623,0.6001976047933826,0.9377775678665266,0.46460926641975836,0.9827687847108624,0.587204636436005,0.9295191495603135,0.41287181834948805,0.994161856585894,0.7645755521260345,0.980309283443614
196392,11673906,0,0.9573013912723611,0.9935817236942471,0.7401192712241733,0.9755247022199384,0.8718042698419588,0.9797957919735628,0.6487390713940502,0.9532064303503575,0.88409835666775,0.9941905531403695,0.6116031034683211,0.946782034892859,0.8860077841892533,0.996167705691032,0.6970755963669677,0.9588227653792768,0.9714331509428021,0.9990525137638312,0.8192677842247477,0.986147996293246
21201276,22634542,1,0.8483079406457651,0.998827605555413,0.6867878718239311,0.9653110875479163,0.826202344066939,0.9973010731611586,0.6274815568791942,0.9761971685382896,0.8317092732545901,0.9977467008926912,0.5965301611863622,0.9754182301353023,0.8155244978207199,0.9965946520043187,0.6528652452758394,0.9701567422481566,0.881819982905056,0.9976141562756417,0.7314533091632472,0.9764582347191787
20469230,10395759,0,0.7523392472141371,0.9981014937531455,0.6271838714919651,0.9697532394215156,0.9528445735047398,0.9912411231086802,0.5720210651834582,0.9746970736917357,0.8097757216821707,0.9948679432048233,0.6599482271201149,0.9699155956026123,0.8336715362084852,0.9961117385160185,0.6788658712045351,0.9746077389593155,0.8036745811289381,0.9922197295484066,0.7323709040599383,0.964432149749215
17477957,16529002,1,0.692801342038998,0.994595409118998,0.6938723794638584,0.980363913596998,0.6775192410952848,0.994902408258163,0.46856523085990454,0.9644461104621612,0.7522085166774056,0.9950086037314385,0.6857176919376637,0.9743876857398575,0.7641536116598372,0.9932665516102283,0.5598805732039018,0.958406906401361,0.7583200083226337,0.9912623890510569,0.7352850104597028,0.9648777801643555
567476,22328847,0,0.8124542133154177,0.9943221407894592,0.7464996549355591,0.9823172472052933,0.9686917745493582,0.990301353235221,0.7862777365011905,0.9783124195149399,0.8928750341769853,0.9965272443321294,0.6984078805886502,0.9592204931968387,0.892360874314714,0.9950947698810829,0.6364754214192822,0.941338926885139,0.8448776056578724,0.9991716881276396,0.7748380340199958,0.9873993321266171
4877333,19340788,1,0.30014347560285676,0.9967455066938278,0.712177025226495,0.9774115661482896,0.2994962797820435,0.9805720844875545,0.5310748827612862,0.9618627921346532,0.3579094672837579,0.9876495583776699,0.5749620485059366,0.9555353153910119,0.359786974768852,0.9827120008485812,0.5924777691057441,0.9210203879227256,0.3469023695514643,0.9928464179976116,0.7474909771622522,0.982178398225665
19195727,9036637,0,0.4022546789374403,0.9982271471806127,0.6346424963941382,0.9725090713538316,0.40791111694161725,0.9945081518372197,0.5947409608979366,0.9772329213199877,0.5288198607881263,0.986962858557328,0.6392762125925218,0.9563182667027074,0.5537838596622476,0.9801176679609422,0.6021966758857815,0.9118364764792316,0.5170390575474026,0.9901542930068477,0.7440188181467493,0.963620886976131
12214889,16287151,1,0.5371886359231529,0.9983381293512191,0.7968383678641102,0.9854457644964514,0.49967091606960523,0.9959646570850076,0.720414357282182,0.9680172028461116,0.7646478642274723,0.98814661082598,0.7130430101373018,0.9405380284214374,0.7226224613423727,0.9888367748881302,0.7060882186693402,0.9257928290714216,0.6172556846009281,0.9967497665445957,0.8158800767688345,0.982596673554906
7237618,7872661,1,0.35434832955226514,0.9910278824302611,0.649460922057941,0.9606644912906768,0.313390971839877,0.9931724431704959,0.3838922981830355,0.9331075815237,0.469365779954083,0.9800321368181488,0.5890632836431465,0.9463213766790124,0.466931110971628,0.9791577801275634,0.5257871308222224,0.9297094682200209,0.44036697222634796,0.9912548394062098,0.6945879480713317,0.9697784667642088
22712288,10718506,0,0.828362339187953,0.9976522025568338,0.7261303587127708,0.9627365004911432,0.9643437095223848,0.9954680972259483,0.6298763015458362,0.9589612126394199,0.8966311694218454,0.9923122395302727,0.7170758059190496,0.9517201464100375,0.9563887431578711,0.9954656162901935,0.6845239339024785,0.9574206867976596,0.8596233111559399,0.9972882548484744,0.7529747656659063,0.9722554992356142
14340901,20209162,1,0.7752265017204599,0.9983565026425975,0.7913445248127059,0.985475459242902,0.6860705454820811,0.994552263543974,0.6312004302370795,0.9784155891800863,0.8403093597652018,0.9965698153530963,0.7133837606082822,0.9799072627808734,0.8461028939459333,0.9946811587722119,0.7232171871183208,0.9687089622384414,0.8203262923676198,0.9970494695097017,0.8182153920126685,0.9838894095663552
1725724,1044656,0,0.8533754673965998,0.9853024398024293,0.535782367176582,0.9268927287247307,0.914251394265793,0.9649132410988231,0.43307756539638953,0.9029653419266167,0.90833864433007,0.9917317811850695,0.4375393088490035,0.9308058253166737,0.9195760048092408,0.9975534610499253,0.3091272911758809,0.9515908787494238,0.8860024774573939,0.9963845074983998,0.5578415338062308,0.953304563322296
2521140,17585720,1,0.5026494842317456,0.9925818397959236,0.6938785323162177,0.9533997587887936,0.4741122177665753,0.9786968287872441,0.4420679882758246,0.9308974533426754,0.6212652498301556,0.9906539589681957,0.6188820681217306,0.9687956427626476,0.6415395574822943,0.9904638952280536,0.6632125648649111,0.956745821408903,0.5895896237005632,0.9956302892396186,0.6666985090062036,0.966453186889714
18115314,1889366,1,0.8468994074160482,0.994187658747679,0.662254129380528,0.9415623717329877,0.8935421912029907,0.9920339601261969,0.38764283630935104,0.9515388707877729,0.8524447733475286,0.9954838287791337,0.5086177010643482,0.9555958736484128,0.8780490952637141,0.9966394702492285,0.43670578609478883,0.9636117594067626,0.8751850385422609,0.9966479277453352,0.6965724606626437,0.9656487040465467
16053989,6865572,0,0.3285124984726569,0.996990635682267,0.627428827434759,0.9660892032022853,0.3196062515927541,0.9763499869142115,0.4527467840994964,0.9339051694952945,0.4400252289411674,0.9883557081983307,0.5104572473820115,0.9390999433077959,0.44332206883013864,0.9834403074294806,0.5218192255759634,0.914673274258263,0.41139123393247723,0.9944269082381211,0.7110645496826505,0.9786346398695064
2687958,908793,1,0.9110870550105095,0.9884472654498921,0.699117740666278,0.9673645770377032,0.8575972725127379,0.9811135429103005,0.721613740195723,0.9578161119094282,0.9323179472866223,0.998508361358006,0.6902505454021173,0.9751710575480799,0.9103841167204186,0.9981418576560863,0.6584046122384289,0.960119339103894,0.9248388880721281,0.9994691868598685,0.751564887649047,0.9759989160686788
20326462,800221,1,0.38260104704182407,0.9986331942488028,0.7452147272508322,0.9776809321614989,0.33706501381800524,0.9966255848694878,0.6395143424264004,0.9740550502205471,0.5147345343957547,0.9966040235196217,0.7561937954029195,0.9705306812386842,0.49603281191524634,0.993001136659992,0.6999918939875667,0.9508603679144765,0.48597402045657057,0.9957190978751135,0.8207332058200577,0.9768020903286285
16389745,9563,1,0.6873632477970306,0.9969852648667683,0.851059356396054,0.9846077069117177,0.8716004842244758,0.9964485439568607,0.8478574943614374,0.9830444594194394,0.7718213806683654,0.9910666174285951,0.7706781367373583,0.9590337344795011,0.8964028496248858,0.9956954328768516,0.750397705549298,0.9548961459395203,0.7546013598150675,0.9993001757685096,0.874092695904144,0.9889373776721445
20412493,40044,0,0.9057499929056703,0.9979138484535459,0.6165244936115437,0.9506128151947253,0.8431515275296462,0.9883917490450541,0.7422162636308582,0.9693867180013426,0.9703332494537258,0.9996236393668883,0.7140729222226794,0.9731070394960085,0.9554950119392549,0.9985372009573588,0.6795723156887781,0.9618443766422553,0.9269038927879202,0.9938442516277874,0.7859422259474936,0.9697546621190641
14166352,9706966,0,0.616964838137729,0.9899357340393581,0.5933057934922443,0.9553431866763036,0.6670537791999647,0.9965111663116284,0.5282011204213289,0.9619656139265381,0.7506534802152628,0.985936230174097,0.530255230530375,0.9394644678432851,0.748986072469616,0.9869478256102857,0.4955673230098486,0.9377597328338334,0.6816557645990662,0.9904702926655419,0.6894202067199856,0.948776886900933
11370967,14227490,0,0.5681541964573079,0.9910582652060318,0.6557360452713445,0.948947955087148,0.5974066757389265,0.9702629596822595,0.37488318328609815,0.9330592938470604,0.7521600134029235,0.9893959557130427,0.4379608284896541,0.9516676933762359,0.7609423064039874,0.9884741715129163,0.39808404163342825,0.9429517601204591,0.6393784720835632,0.9948761724379037,0.6093911966774196,0.9606589519426586
21583226,21566853,0,0.7384134217969548,0.9979618420485475,0.6981916718015019,0.9813790854041551,0.9426543853037912,0.9968616685105008,0.5420512672686744,0.9640691505904291,0.8971060259937269,0.9956989573387405,0.6411159511292654,0.9703163310852373,0.9685611812191018,0.9959423173900837,0.6023593506200273,0.9738582225177045,0.7835220876433748,0.9922419312975441,0.7671881787238971,0.9686720647488198
17785594,8080017,1,0.6075217867718894,0.9957943889440825,0.7390366499464244,0.9794671178868052,0.6345818218731769,0.9845987622367968,0.4547064289533448,0.9538458989582903,0.7650086868940245,0.9946479412586224,0.5660827679061888,0.9644139896628586,0.7675852210689754,0.990969458443151,0.6281792288190793,0.9592106390593138,0.680019203297193,0.995916108850781,0.732795919651187,0.9838092279688371
14132422,17439818,0,0.7331740714942497,0.9945698197118449,0.6524959928634241,0.9532230904634189,0.7770519836041938,0.9924799575883846,0.4186897458902592,0.9610363460940371,0.6695669056672329,0.9884068263410981,0.512797509443931,0.9422232940719077,0.7522040693554407,0.9933653930080926,0.4638537032781205,0.9449931512035248,0.7840005786846954,0.9970300981635083,0.6901202182112252,0.9607195389423471
9830264,4684601,1,0.8514880852179554,0.9891036288494582,0.6257858930075295,0.9589341110553385,0.8018978244304638,0.9906817358483739,0.3665494334014926,0.921157206736138,0.8747548963131677,0.9950972542817692,0.36741393547848167,0.9536497567898689,0.8750251812783039,0.9950440194115451,0.35754709577911437,0.95511061915554,0.8832351065180605,0.9933080339284723,0.5595582979173559,0.964440104929599
13365065,5667973,1,0.4718797495093849,0.9977437339214101,0.6744343037051925,0.9609623010414371,0.4092728032394185,0.9914337399972777,0.5139265941212372,0.9629325341992522,0.5454832525162595,0.9873065824474649,0.5980912698421583,0.9678177633447823,0.5475373526987882,0.9885729626693973,0.5239634632951635,0.9669849617931834,0.5485872682175111,0.9961216162227718,0.7076956480853052,0.9666740992453029
778641,22486940,0,0.3121305369636984,0.9959160436405766,0.6779534556683646,0.977151547188313,0.30254623824832355,0.9946367595290267,0.5011648970627107,0.9690221827815565,0.38226369993536385,0.9739966341069036,0.5069865510647431,0.9319072645012911,0.39704861699686733,0.9792280823937216,0.5994234809758124,0.9567257191569286,0.39178156139243997,0.9873847504734959,0.7636367384237417,0.9466055669055398
21456509,12274679,0,0.3826718354718626,0.9947070784230586,0.7204212342318972,0.9569657991629131,0.34789887577357914,0.982843720781708,0.47745024073536546,0.9530132157935695,0.5361696372619628,0.9831992955634442,0.5745774693316177,0.9535047455733829,0.5274631250003711,0.9828778540710605,0.5438304390722717,0.9503294762360506,0.4799880212088519,0.9942115084331685,0.6578295309402866,0.9739413085091386
6226270,8389315,1,0.7941852640187002,0.9919793744291949,0.7550523007819848,0.9633947425459329,0.883963729120026,0.9919758274533989,0.2901693514052065,0.9358971487775409,0.9512483221086917,0.9990981682174507,0.4866695482704655,0.964879673481773,0.9530670102962311,0.9980114613563212,0.47616881152967694,0.963478893632976,0.8328237129488943,0.9954822709196006,0.6449940089454052,0.9638461354110346
19380360,20885480,1,0.29542908367336684,0.991618939020367,0.7013088824313052,0.9527223015698103,0.29411986496334863,0.9783454499874552,0.496285737135719,0.9554429043332321,0.3507139903227718,0.9791451522804334,0.589035730541292,0.9436782807508126,0.3405576869818966,0.9768008748362015,0.5535612323996186,0.8991676019815662,0.3221182716523835,0.9941563577822187,0.7208606552614532,0.9755964828514179
2245320,614390,1,0.4543975708084458,0.9929148941269273,0.6423076393574936,0.9468242885314239,0.3940879291269742,0.9978380185142895,0.5356749770479613,0.9708910020494224,0.5713039997780918,0.9866575885689336,0.5301375133456605,0.9477361173423654,0.6079550617020578,0.9880221744999736,0.4939643711864654,0.9206296877256082,0.5369514384605863,0.9966827236040805,0.7386297512901316,0.9821867950034854
10207809,6993344,0,0.32321593870480914,0.9925267324867197,0.7451864581332663,0.9629992577325608,0.32390063377878286,0.9812512930033295,0.5769424500591065,0.9562148523393499,0.41615414101933346,0.9865062020365029,0.5857981574820793,0.9443957378882476,0.4352648099957041,0.9877683615840863,0.6430650632999171,0.9432630931763831,0.40568442268000304,0.9960149807441828,0.7974791409480265,0.9809015611105205
19779101,18099260,1,0.3858211434297734,0.9979417681793274,0.6691789469838607,0.9732625592863572,0.3513364682925567,0.9981396897637967,0.6190967618536585,0.973920593605745,0.5362930575576498,0.9874130886858999,0.6460458251247251,0.9580756367357091,0.5277360468213081,0.988907988721904,0.6665110479283276,0.9443214797968018,0.4724751119974653,0.9969695428304723,0.782403492907314,0.9672887333175366
14317426,7713594,1,0.7414475311073891,0.996978825292249,0.687137592756585,0.9650565383930356,0.7823720993541625,0.9855996900426546,0.45268192483972025,0.9400853701368802,0.8225157767778335,0.9844368614662272,0.6070192773075315,0.9247052672561747,0.8725917881787435,0.995075902653003,0.5757378086174297,0.9613423870424396,0.7855600663926618,0.9971659658907278,0.6975562991682482,0.976957769764532
649639,8046689,0,0.5199799569082805,0.9991862413186939,0.7629932686881011,0.9789903608897024,0.3903373133731337,0.9915880652716794,0.7590538893007066,0.963764146953027,0.5909067952935444,0.9941457342502573,0.7011415986345947,0.95907906869927,0.5629430610017462,0.9960431270089839,0.7488078873933625,0.9603200130825403,0.6055009031679499,0.9961586122306566,0.8377889255102536,0.9729182011431673
13949581,12048548,0,0.30198733876947603,0.9903048425331871,0.5884828903560635,0.9549003600590599,0.2956946625442795,0.9828646481130847,0.38933164278737764,0.9572242984390612,0.34618001301710777,0.9769902527047711,0.4694458963767082,0.9484276684975501,0.365451657711205,0.96548496945277,0.4143573864897738,0.8974740795342564,0.3468091898880312,0.9871405801353367,0.6683004519167614,0.9635036424626096
11156659,13086935,0,0.37066531421236965,0.997101403622273,0.7930310358765693,0.9771049253062296,0.3644499138691887,0.9788407260208559,0.36622358410880795,0.9430624261136372,0.4543586440902512,0.9595111742044355,0.36993339542748727,0.9286582625608985,0.45657105766233935,0.9592959178294056,0.4185528646581017,0.9296198336809961,0.3650241803252229,0.936753291896137,0.5904935711824679,0.854021529543582
914073,9361117,0,0.7807167127203304,0.9897946027291614,0.6002884329611069,0.9675071569382266,0.9091083808058792,0.9820282288024672,0.26980130304820626,0.9156573728307844,0.9000297303948509,0.9967097475652372,0.5088504835664098,0.9579410251964044,0.8972359841885293,0.9945942117413227,0.42520985149031243,0.943142622741922,0.8145306871030396,0.9912490223614571,0.6174257821016641,0.9610229710202005
9547224,5444168,0,0.4373741748555804,0.9942582798315098,0.6973564834201853,0.9401474096278695,0.39969401144330907,0.9921227303785982,0.4278204435540851,0.9705895778516004,0.577784923966797,0.9843812336822055,0.6301745701563497,0.9517017688010795,0.577846015366679,0.9846735322849448,0.6354115924044724,0.9503850670740863,0.525314545190148,0.9957259939774695,0.7109574946129111,0.9639944245719809
6805931,22403259,1,0.6554653253959369,0.997211373586899,0.6539366230552177,0.9510225389502407,0.4780965846759726,0.9904702007274512,0.4725984932543329,0.9585649823816679,0.7000215227094391,0.9943964879134439,0.5998530120244763,0.9572225356447368,0.6901909247687685,0.9876976373171352,0.5131786412370732,0.9606529433171024,0.7284125788646448,0.9972918514938155,0.7035086919478772,0.9661272941689649
8258909,23338802,0,0.4709364151864863,0.9903983261230775,0.6521294346251255,0.957750708627574,0.37776630663662886,0.9907180119501383,0.521584873581867,0.912688399358401,0.5852803981644306,0.9901226058636284,0.6249400055060479,0.9620437775030036,0.5852423192595057,0.9898500498287227,0.5438252521936646,0.9594103703341863,0.5542276493032955,0.9981362138758267,0.692852443660159,0.9763661264186324
16085716,3753583,0,0.5755932619792,0.9860332183150796,0.6758478243762936,0.9227236386180544,0.6041269290465329,0.9796094353600003,0.482666307361693,0.9579451698335331,0.6642041411764424,0.9889219703729221,0.46426444590349725,0.9608161185430231,0.6794370725842381,0.9871905462895678,0.5167787008214422,0.9477678145158079,0.6538535549664204,0.9969580971634118,0.6862241527998258,0.950142062197606
17542341,15605856,0,0.37209526648474633,0.9948773601826476,0.6811131288617713,0.9566731563377581,0.36248484639473455,0.9882335345233689,0.6450888879326979,0.9711426515475807,0.47362878690468546,0.9911413257371215,0.641593999816702,0.9434086813572994,0.521694882034219,0.9919602283896171,0.743206122236179,0.9678827164275862,0.4692433971037684,0.9923592966900417,0.7624593179521948,0.9611836146455323
12694085,3657883,0,0.7194967503162889,0.9970743542188626,0.7254664033789824,0.9683309582383408,0.7424627318021971,0.9947601590494984,0.7595103893710048,0.9783075386282097,0.7613846523943582,0.9774471675434285,0.6132479499909966,0.9100250764460655,0.8178824464724931,0.9946660322109432,0.7280646556452172,0.9797582860157313,0.777763419348206,0.9979073259049484,0.8581927389830739,0.9873662303289256
17314208,13591322,0,0.3058413109856327,0.9922396342061428,0.6887419461700933,0.9658228179383284,0.3081035737928126,0.9835691620692626,0.597954389305311,0.9647766054403649,0.37054420244051844,0.9938466401992557,0.6715774473974669,0.9562478331145936,0.3770786441175287,0.9936901618796906,0.6798771685811047,0.957670927199702,0.36144595206372265,0.9958920442586535,0.7817112407811833,0.9707366678261066
3762872,7839474,0,0.4447112250509653,0.9932973176008977,0.553278963668595,0.9576470681382738,0.39105644889147245,0.9938776915772872,0.3909623710456145,0.9504949351788098,0.5422113327442053,0.987370687750134,0.43862094600726953,0.9547416878360024,0.5665872144069356,0.9818867936200084,0.49747298448147415,0.9569985534308214,0.5399226597859282,0.9880246890286635,0.6370696063278308,0.9456406071242234
10933932,21399450,1,0.4704335503605375,0.9921834034749458,0.6499927324498967,0.9740588592403682,0.5095870482023984,0.9751744744991346,0.47282705995177465,0.9388878063022824,0.6225744691390406,0.9831206488176477,0.5012817988575464,0.9510567274181192,0.6213495832655398,0.9817319711512968,0.42309109029361536,0.9337900007277911,0.5502538869247477,0.9915629179031977,0.644849785477015,0.9699713781283908
14563781,10993811,0,0.3313501789940153,0.9926366451721791,0.6392247616790314,0.9732533665181974,0.3257831903485321,0.9917849130081401,0.49149842298417357,0.9664791955474211,0.477601686714026,0.9813250216756472,0.5568492791439656,0.9453820950998697,0.4779825577590293,0.9841772964443519,0.6351652592583474,0.9626878293713141,0.4206282953235792,0.9925361017669553,0.7539061552800121,0.9783406240213827
991473,228925,0,0.9100926281663249,0.9906609916029812,0.7223847925903057,0.9733804124293721,0.7596322772083984,0.9737932593618122,0.6790417016686882,0.9359791652049437,0.9401658111982737,0.9886115294810618,0.5849323056054951,0.9362155461292772,0.9608317643159753,0.996599105927013,0.6545385181121455,0.9710447314647124,0.9277487085031267,0.998964616218147,0.7609672950213359,0.9799986050983912
16069454,6453377,0,0.311923704842593,0.9903177001337604,0.5555706432083176,0.9257399557943589,0.3050190914994114,0.9744868112652898,0.34369927828179436,0.9376638310406398,0.42365709682757974,0.965030898507001,0.3500598736374264,0.9348792728884381,0.4293631408891368,0.9639737524798607,0.43079551908435454,0.9077027537334111,0.37710606905612215,0.9898479053145773,0.5843332955009374,0.9483847512736787
708766,22054404,1,0.9118928454942302,0.9962705633107867,0.6877707412513279,0.9816070743931528,0.891480355331217,0.9903769806930581,0.7158068347405984,0.9772268093120865,0.8625707436875515,0.9960384527157455,0.6442074382854561,0.9553336119847544,0.8588360282607778,0.9949207277294916,0.7008560463228034,0.9388999467213835,0.9286240303173982,0.9939276566873498,0.7783970329801103,0.9736835702990022
6920765,3768628,0,0.8411720746816304,0.9947617606523099,0.6281927025384062,0.9739949042827558,0.8454739763471798,0.981268261724081,0.46493535294784105,0.9622464127746715,0.902238571790434,0.9911689226787984,0.5741404195357933,0.9525737823606807,0.8848443962415075,0.9980854820298167,0.48147870965175954,0.913085067738556,0.8639911288812192,0.9989869542936258,0.7033649436419853,0.9795346232065119
6182434,14708603,0,0.4270351075375786,0.9951174305117768,0.6392841345280971,0.9619053744376066,0.4093200646355989,0.9953747691729784,0.5509834759163567,0.9748828734913169,0.5984237149614363,0.9879195234062961,0.6062101073306414,0.9477660803017502,0.6113906173829303,0.9853116782426478,0.6428540826488223,0.9165471634533706,0.5340297591690303,0.9970376701706221,0.7347339647369202,0.9808527832063029
15153344,1458629,1,0.3694696905599302,0.99699902886652,0.7528623466453929,0.9839853973372702,0.3257722794536613,0.9924581081521939,0.5972624258866444,0.9726073059110553,0.49038022361987854,0.9895384381336666,0.7147260652141023,0.9707166536842075,0.4802437841122235,0.9871493335083862,0.6162851126826034,0.9344042733324394,0.4712226725861586,0.9876235465875355,0.7510102972912603,0.9597801548453325
2721034,2265495,0,0.8048937350828902,0.9812931382293189,0.5619865965590214,0.940137639854435,0.8341002638079515,0.9874518624679188,0.313459070494986,0.9338631467794576,0.8294195699528504,0.9919002965699479,0.4679524823582445,0.9443803365782768,0.8294195699528504,0.9919002965699479,0.4679524823582445,0.9443803365782768,0.8399488458000053,0.9912506981790994,0.5844413956081428,0.9498984543436848
5195056,22207784,1,0.7360752013719049,0.9870451702382224,0.3884989892118357,0.9408214646289971,0.8074340100896471,0.9840318033378609,0.35570868806901446,0.9087148752581969,0.9234687448985137,0.9950680516069844,0.4107823194672675,0.9439921213864455,0.9258952061630981,0.9888227680529937,0.4244007721065389,0.9393653499567239,0.7792736560966753,0.9880523043495945,0.5400241575885629,0.9446338988880835
2801437,19251430,0,0.5040429372451174,0.9853554092542227,0.4542701957884462,0.9509833748993284,0.41742137925110234,0.9866925453686335,0.40350416335474193,0.9356613585437039,0.5595475800404539,0.9730197606916634,0.4127814212940287,0.9357717514457494,0.5761913671326729,0.9723125086313664,0.3618290797890499,0.9240566468636632,0.593386042029571,0.9831816881588448,0.5994931934486429,0.9342721383782869
23370570,4114808,1,0.792354766125207,0.9978598650591113,0.6616866081659718,0.9392323495146297,0.6242473932138867,0.9947276632181563,0.6652111797776334,0.9739880327636579,0.8110112181190696,0.9876605535304517,0.6554569562587481,0.9270578740030619,0.8134397705312334,0.9987584201453378,0.7142832056010266,0.9618533622382428,0.8314883005171994,0.9929328916428026,0.7297028624674724,0.946370277432352
1718146,14696592,0,0.6338719526290894,0.9974132131925997,0.6392077439462847,0.9691684317163297,0.7875069472599582,0.9915869681325427,0.46367075020259774,0.9483150171213636,0.6159486554098031,0.9812587048615384,0.4287671790857044,0.9457514901535595,0.7510809977933437,0.9899241290701142,0.46399321553173456,0.9365932228820198,0.7031859968218616,0.9901587883763668,0.6236162650053936,0.9661881997044803
308643,4464301,1,0.7044563659809338,0.9960926099202373,0.8148172512322174,0.9804114401256895,0.7832065964692217,0.9995865149443887,0.8423284709259082,0.9893265865179112,0.762035852902222,0.9939165363607902,0.7368770196247447,0.9658288747471029,0.8332072150417031,0.9968336132394797,0.7770180350973332,0.9596651399000258,0.770182722107667,0.9962887057107139,0.8619192544271945,0.9780173558430483
9801258,20822727,0,0.7686194687185823,0.9909761345062621,0.6937765179103077,0.9704853282510432,0.5568479191582042,0.99244761643506,0.4452772839888549,0.9430542690383935,0.6950907155712724,0.989421320128171,0.5388539952285339,0.9627833767280829,0.70027363264288,0.9882708680470359,0.48991447620302353,0.9663835229423714,0.8126080444929806,0.9886642385857493,0.6674651333417159,0.9650649272249576
12973146,3667136,1,0.7159835852631947,0.9890903971848353,0.5829084849346193,0.9532723119978701,0.937129340743631,0.9879342719468036,0.42875975554985124,0.9261601697600154,0.9033951339330708,0.9968397487926579,0.4303667277809292,0.957863759179295,0.9087614650790823,0.9984016484090661,0.4907330033971329,0.9632633866655382,0.7648045551904293,0.991820852845311,0.6514042292460864,0.9598388967639107
20059827,18248689,0,0.44409803640474504,0.9880179119436122,0.6342677428515671,0.9533199990794768,0.3906935828659178,0.9846708824402405,0.6222505973444518,0.9501541039237341,0.5678910451120184,0.99110459644742,0.691453405734522,0.9713757678612862,0.5686437617335988,0.9922070453497974,0.6155830932540425,0.9530378867180844,0.5289424979847933,0.9925848506548751,0.7796487712267512,0.9688270819752011
8587767,8080019,0,0.7091126700731158,0.9975052375588972,0.6992527299802527,0.9651269608307478,0.8468519719935412,0.9811452208165262,0.42309298316875643,0.9390341924214152,0.8251698530492491,0.9951953220108126,0.5703740486336409,0.9577792741108396,0.8634631512069662,0.9886507739418232,0.5087843714773337,0.9264358439097536,0.7676612493488192,0.9944334838176194,0.7542372231326757,0.9510794592551464
9106740,12739584,0,0.8335200485902476,0.9977086176280767,0.8330963996293657,0.9811741976248967,0.8210947586365838,0.9957521444371569,0.6152416772345615,0.9719834347445787,0.8981022639329441,0.9986475335669877,0.7163860150339876,0.9711073186327724,0.9330944166850733,0.9994144759683444,0.7248700727933147,0.9762552991859541,0.8668184765520196,0.9968262642337266,0.8177814457867667,0.9863635247272147
20640355,19875964,0,0.41540567913440113,0.9920671772983685,0.7117745238091139,0.9575468323356322,0.3404644270212621,0.9854596072347637,0.5349161884870107,0.9682297034822036,0.6503258281247255,0.9941136199658758,0.5650480731749524,0.9498270700020253,0.5433195656295894,0.9865652736573413,0.507576445481771,0.884695884877975,0.5061132297199865,0.9978324477734793,0.6615433204684211,0.9717403556209429
9766291,1292366,0,0.44406463382659705,0.9987662043238967,0.7805979518030838,0.9830156606332107,0.393820999747243,0.9938438922478026,0.5430728173160859,0.9664860216527403,0.5686518295947862,0.990099738226422,0.6101197232706899,0.9525726542885125,0.5956295855634516,0.9868950120578286,0.6727718668455731,0.9308740899163634,0.5341911631122571,0.9952170783230713,0.7830061837334584,0.9816447046807957
11698013,23252484,0,0.37415249128046896,0.9942980529782254,0.5800643618996129,0.9434252737116704,0.37263785480048484,0.9847363586248105,0.38757932500171055,0.9465152930461321,0.5510044109999344,0.9778524794333237,0.5117149289869216,0.9468962094536817,0.5581482009740881,0.9735263546392982,0.5019721449835345,0.9189703587813427,0.4592287537209614,0.9935898710665515,0.6716876981720301,0.9502736694661398
21487639,948487,0,0.38380982507053824,0.9977289634325435,0.7538497556213811,0.9797603712999745,0.352400845650686,0.9763312418538715,0.6119456751685151,0.9573344806787444,0.504360014582953,0.9944920441596726,0.6582427471300807,0.9659333164744368,0.5045290409449497,0.9910743506691366,0.602809260300053,0.9460947884261637,0.484858327737313,0.9893382960772741,0.7543324734369375,0.960407564095092
22690093,555928,1,0.7661481432059369,0.9964570477725248,0.5960250598876434,0.9625285778489772,0.7915375820734304,0.9978405046646438,0.4421269608391697,0.9596970019240141,0.9022063903193003,0.9932520958180753,0.4619357017701038,0.9314861769443658,0.9080983338974329,0.9949704186303181,0.5066124539956398,0.9547916065762228,0.8101142842645824,0.9931161740776527,0.6585246409168684,0.9661695532031086
13646834,9223155,0,0.957190710421387,0.9877700126120184,0.6091439807732872,0.9636222652922065,0.8381878086776292,0.989925391861675,0.47603354083315397,0.9588799677270452,0.9390065924158385,0.9951660116544512,0.5965855954583039,0.9605117169521497,0.9377473611093012,0.9992819503977164,0.6347493872207426,0.9748541513720884,0.963534823992728,0.9930219895106069,0.7259102458747936,0.9639025164825202
20682588,3945057,0,0.34963471335909985,0.9983321045102486,0.731208350493435,0.9708656008173858,0.33061036318555864,0.9950088416690752,0.6120694416505028,0.9633993847901101,0.45209414128641795,0.9863219705687525,0.6364973878209881,0.943949129437625,0.4712776972749111,0.9901805246766099,0.6194577230070287,0.9650843788796472,0.44173008244598516,0.996889636883986,0.7996564121637967,0.9813967964873299
1442217,1543361,0,0.448812265864795,0.9904727923099801,0.733373492217468,0.9286104781564086,0.41472145238669994,0.997364643404014,0.5301079786218874,0.9625343304383959,0.6292658608707715,0.984580765209896,0.573332006357584,0.8982031330336827,0.6354597600470618,0.984237801712884,0.5841445984423466,0.9003963187531954,0.5312289764123752,0.9947482549913261,0.7249236128737695,0.9482439641720154
4932274,20965286,1,0.34603650817010984,0.9904394560643635,0.5947565436220396,0.9497328896158991,0.3183658582205985,0.9877605906838904,0.5457311132035993,0.9723108768525344,0.45995014734074363,0.9830359480046467,0.6354499998933127,0.923045046056255,0.4709332288481903,0.9808517622217199,0.6369298081322491,0.9044884265895131,0.4611984682074345,0.9933640375954484,0.7000443779363061,0.9540867240693077
17655399,2057786,0,0.3894076129259394,0.9923557024672364,0.5709668859390409,0.9667152997516132,0.34553881541863807,0.9966570882015953,0.31669611616722804,0.9330775463085303,0.5402619975343972,0.9643497933053236,0.3780101268217616,0.9015550432641091,0.522978865343791,0.969354269464812,0.3949461035513555,0.927263206820024,0.48565498203567975,0.986679492213247,0.6108750407980769,0.9645814313457157
6061402,21722036,1,0.7874028023620347,0.9972756037582282,0.6897216595809481,0.9780824805818217,0.7897667384542042,0.97917406962985,0.46233478473559764,0.9423758052665174,0.9235509276838776,0.9983299624074734,0.7147733678265673,0.9655981993180769,0.8410789715003301,0.9978917352978903,0.5209396377963957,0.96606279943409,0.8267831826711927,0.9926181159278339,0.7327368259473381,0.9683125491702657
7872660,908793,1,0.5345027896345966,0.9978583080249662,0.7572046442777435,0.9834189626692452,0.5630146660833492,0.9901512827783173,0.8296104699243096,0.9789995440853011,0.6252408931524134,0.9946623493686257,0.725228416234226,0.9763916866843324,0.633752331069958,0.9928999091302821,0.6794296777629013,0.9586177143265693,0.6144395570748786,0.9946552643921477,0.7788971591752831,0.9812260534817028
21027584,4381116,0,0.5799615831309886,0.988550912682272,0.5643953254316895,0.9451443003373634,0.5494292617727743,0.994134064956233,0.37486226189032523,0.9463971505079266,0.633298731792409,0.9838712694390074,0.537596684193278,0.9497550056296923,0.6390414905831752,0.9823015004928558,0.4647547453525228,0.9488058198736257,0.639073639945721,0.9925266107286315,0.6796896531535359,0.9616834509347216
6205829,1048665,0,0.44297651599654336,0.9985060660756396,0.7352202165845267,0.9851381921028004,0.45487287046973757,0.9848197210420212,0.5244714931297465,0.9584089471313494,0.561152716978076,0.9857416096260028,0.549320660290783,0.9642483330440123,0.5827813142009337,0.9645228884078071,0.47723965064135865,0.9378086008342461,0.5320747820068408,0.9913908558707915,0.7241098505072563,0.9691911219208429
4569313,10293577,1,0.35195872311906345,0.9902913511103076,0.5026337148341264,0.9629556999898616,0.37421008775585685,0.9972238508516955,0.4152737701042959,0.9576361989987405,0.5068563900548982,0.971146638584647,0.40469732900719635,0.9321766267796684,0.5402317227274817,0.9761244608878313,0.5134433930479461,0.9474606009645408,0.43737362275426317,0.9903791502936051,0.589242111278981,0.973428283227332
3024985,18138572,0,0.31382187336845613,0.9907028302359735,0.5617181865444274,0.9089177622797546,0.31198059849633547,0.9654164902176066,0.381992018061987,0.9254041363453561,0.409050354618361,0.9586086553723041,0.41904524123752973,0.9158138448470717,0.40125791704946506,0.9575062918015492,0.386305364399134,0.8907733640651686,0.3873359661853517,0.9875590162859326,0.5800283826712843,0.9371076819217106
9236362,12821749,1,0.8555212719861719,0.9905476337003399,0.7063259227209238,0.9589283260459626,0.9498771631042257,0.9857922232465004,0.4962062486827463,0.9439799018540134,0.9332328616003014,0.9982139206057895,0.5516236997812408,0.9590478524861424,0.933732981472726,0.9978114258570636,0.5461349805778535,0.9503905085295934,0.8811378627641816,0.9950376359897353,0.7273877367899967,0.9702836610749537
23153461,19621772,0,0.774573235808622,0.9956945247668667,0.6470965449877968,0.9624259862261997,0.6534537806096324,0.9976171931205221,0.4848475805012529,0.9715577782039887,0.6780613144139689,0.9931934753821592,0.5153991690892648,0.9630257030733781,0.6920250339849111,0.9922465168718692,0.6214815168198663,0.9677447753508563,0.8177480768121429,0.9929236552190763,0.7021142518891895,0.9691519249145588
3402503,7321949,1,0.6179866154785864,0.9977256546931504,0.8428839011447271,0.9864134985219637,0.6774717767045983,0.9986606638349189,0.7960777054972765,0.9863051168490592,0.7552077659839384,0.9824126694503382,0.7377289739202246,0.9129412388157385,0.7698405866783841,0.9923825439752803,0.8260727496531428,0.953506975079409,0.6976239539564966,0.9964045062321017,0.8875018488306674,0.9837344223338687
3169056,19309675,0,0.6454539420331701,0.9941068024037734,0.6049163430388603,0.976009529328894,0.73369473285811,0.9801932728329058,0.3379913097705187,0.9441640095434742,0.9363097870240413,0.9964176933093186,0.48546598789687834,0.9551629757104505,0.8980687863603685,0.9947986266969546,0.5253735452115502,0.9453441790586548,0.7144884838252651,0.9967829292204821,0.7125052397137405,0.9774657623223727
1362126,2210892,0,0.9267689730201644,0.9898677876797227,0.5550778565617915,0.9355863760908257,0.9079872675978579,0.9926116885937822,0.36013788730015317,0.948210239748252,0.9253098578650142,0.9988665364123135,0.5034820319035236,0.9573052031799777,0.9852729515828863,0.9994679100458221,0.4855846583113632,0.9833116323843235,0.954246981982593,0.997470314681825,0.6606282210202681,0.9632889393885049
14696592,2431931,1,0.5196748883241924,0.9990863451973071,0.6633033992638679,0.9805391417262244,0.5104687658258257,0.9877443043808282,0.41995405417054654,0.9397585210070634,0.6291384006421487,0.9754480671216506,0.4710158166373146,0.9065937366945757,0.6553205943212204,0.9847552546106821,0.4604339423162438,0.943152961245556,0.5952536162988828,0.9940796645890208,0.6918007199411622,0.9761125374683424
17482505,20789900,1,0.3128204585021107,0.9939861898114678,0.676213795158398,0.9497285498006713,0.3051548587083307,0.9928951138657777,0.4787845396279172,0.9582779225508876,0.38573218307888574,0.9883070380610537,0.5393900955934768,0.9174917653572449,0.41724303075437474,0.9875766494686171,0.6076781966462634,0.9720902125001195,0.3804160698810161,0.9954657971629113,0.7729764764411289,0.9726732947453751
23191460,20438542,0,0.3199384848041269,0.9977895067819615,0.7027590569984399,0.9781357577399883,0.3152528975382667,0.9873186590333816,0.43894268106977163,0.9582083027389391,0.41377148031502503,0.9812764699536947,0.5059410050775917,0.9389922864725074,0.4286264292278448,0.9743819639647094,0.47742474222534115,0.8949947824223036,0.39846241317800135,0.9907462642784566,0.6889446448560872,0.9710799044852948
11980725,3298288,0,0.3952821267290905,0.9962665414511488,0.7769899024788391,0.9671154325826463,0.3585061157527005,0.9958980345213779,0.6556873843886473,0.9830393978462536,0.5441883789959587,0.9918309595717465,0.7301110285226302,0.9717076216117064,0.5458115815831747,0.9919115056852318,0.7164562470433242,0.9694975826336026,0.4921121875575571,0.9977718516023746,0.8167154501343933,0.9719139663984008
20287675,2880290,0,0.3968187546497293,0.9958162390745673,0.7398496587180481,0.9699863783807919,0.4192797899312947,0.9831144001745988,0.6439515731444532,0.9679632819662735,0.5439318049886367,0.9951910938625289,0.698404298672046,0.9639034525983988,0.5754005793041373,0.995479736122869,0.704021493446076,0.9651114137813115,0.49798603406208186,0.9985578853285868,0.7898060939114621,0.9828793302756169
12747342,739727,0,0.4657038728741163,0.9922948427705455,0.6940650573618395,0.9766636803662941,0.4010636646819564,0.9885822474118006,0.5333598269296863,0.9621154879903783,0.46300857966266656,0.9881046309804098,0.3812262134373735,0.8868406299578012,0.5309719387852053,0.9889159498544825,0.4451989359494758,0.9007558509183309,0.5592315571662527,0.9895663065234389,0.7541975339053779,0.9646304097893414
14924022,10177034,1,0.3390724114253003,0.9946497940731244,0.7924378959147691,0.9603079641955127,0.3299944184170637,0.9991184186445938,0.7409786442015309,0.9828446405772573,0.41991963724646336,0.9883536219495417,0.6632016804047416,0.9599489024211502,0.47933709474924996,0.9916084278510754,0.6838520970026708,0.9464550409871092,0.4452522122906838,0.993240353894266,0.7728700254160112,0.9611286662434764
9016775,11499799,0,0.3862879066805089,0.9934526156658724,0.7384470545855848,0.9525800545484593,0.383252278034854,0.9935894821086624,0.6804576699013287,0.9753330422833312,0.5328784315454546,0.9898029067431795,0.5926420905043817,0.964950070445041,0.540649773785567,0.9849454807003811,0.6622253335124704,0.9476886968820333,0.49306961657052395,0.9888018708412976,0.8057867214391096,0.9519014134415761
20508692,20081740,1,0.7842373977487834,0.9911327862884235,0.7791656916002387,0.9750816434317794,0.9564202867341484,0.9959086758630687,0.5565967836303938,0.9736456855806306,0.783182450134742,0.9851241775641579,0.5125334219671385,0.9431465286687214,0.933535400789308,0.995883238061827,0.5973258198923763,0.9282590286763428,0.8245077923998322,0.9985467385258527,0.8099320404559689,0.9844690282024186
430971,23398987,0,0.6305594996722539,0.9962603282225356,0.7506706062912513,0.9689156270776514,0.6277767904641337,0.9865810957322462,0.49804312027884257,0.9548034919985604,0.742992050607558,0.994908722033747,0.5743401241286632,0.9669908678401862,0.7517878054877357,0.9908949501840953,0.6395609272090113,0.9601563581511708,0.7005399261879435,0.9960267932661333,0.7292712113156581,0.9760577836386608
1180865,16292791,1,0.6804714960104051,0.9993125917751914,0.7540752843752583,0.9797574383552244,0.8533570046695949,0.9994666942470908,0.5496997985328567,0.970304971859707,0.8359430390499001,0.9970995914408428,0.5909546401736256,0.9678782121868104,0.8884628791484767,0.9982249650093041,0.59194896857543,0.9740461286890904,0.7504386743690648,0.9967919361990829,0.782869762747467,0.9719542069650889
9295754,1899629,1,0.6663315347886849,0.9959005985492749,0.7206433208972582,0.9842344389256953,0.6219954879964693,0.9912487662066454,0.46547884374413573,0.9655136098887753,0.8346879615231761,0.9951478603224142,0.6616045267612836,0.9690975673191023,0.8036316605992915,0.9933677747225,0.5194941800681248,0.9652261394706815,0.7278206429563989,0.9979173617906132,0.6951611519057985,0.9831650434962032
4822222,11090449,1,0.7043178775077312,0.9962189106766303,0.6871124212157316,0.9685998032327431,0.9619178868707489,0.9945261972555344,0.5190557003039553,0.9583125976531803,0.9280975428757435,0.9956898371543611,0.6057947326172939,0.9606437485884984,0.9626567092093486,0.9982047105082076,0.5305843845190554,0.9653097875446418,0.7555661998547256,0.9881796053061522,0.675517692979236,0.9497436133748286
15599611,6081622,0,0.5875609141489617,0.9998560205435711,0.7404190781879181,0.979696038707288,0.621209456853513,0.9979178302330545,0.6848892892771755,0.9791811947699618,0.6818174394381322,0.9886990396715791,0.6452460926356892,0.93417698770447,0.7387295587329035,0.9973264744621942,0.6853750562771892,0.9682288649712179,0.6550082082727239,0.9971143559967645,0.8220093027092898,0.9788982079020676
17829989,432090,0,0.2992575835645629,0.9918509304594055,0.6650680105529485,0.9685183404280463,0.2945225170357256,0.9920203182320978,0.4288011673732337,0.9488376689606767,0.3398896117598763,0.9734158904802633,0.4415152215415987,0.936857826129144,0.34973730660055374,0.9672966577184473,0.44772265368270137,0.9238955303659638,0.338971197694579,0.9791552331027358,0.6798208971688472,0.9286708321109491
10441727,23294396,0,0.4759266934161112,0.9921022074936312,0.6290846781547366,0.9750338316336546,0.38881589902663466,0.9928657291973025,0.3880280704641107,0.9463177461599143,0.5566790821553957,0.9851106506642988,0.5167039688085676,0.9521805919610689,0.5632366633849883,0.9843029367139922,0.5760266574831989,0.9488920475144208,0.5607025131239495,0.9901788279492233,0.7203622578095663,0.9646955288200351
7398604,11776522,1,0.49994250900958576,0.9926125722777928,0.7407788024218457,0.9784043593078204,0.4136877267193286,0.996203321886699,0.5776192916197048,0.9736313622736512,0.5920422441037072,0.9856482386034193,0.6368997704748843,0.9454528429857818,0.6213168027072178,0.991188993342118,0.7061786817678739,0.965107460015539,0.5788538343195819,0.9931362584696228,0.8095470389393167,0.9760666955148163
4673959,11343453,1,0.5489365272074215,0.9867467542130787,0.6500800128944288,0.9703878704282469,0.47169125525650735,0.9911938576299639,0.5491242912985205,0.9453262375605669,0.6278500713655054,0.9923311695774167,0.5715639630814207,0.954035426638279,0.6288968448674621,0.9916985917167915,0.6200473259900545,0.9636726151370216,0.6246607159613299,0.9940260442114752,0.7286000804491524,0.9737989776067704
1118153,9104988,1,0.5205649175924187,0.9987497541679716,0.7095520036568363,0.9770656996112399,0.43286650107154423,0.9886542884855816,0.5609584809932251,0.9677258469252964,0.6043085926523571,0.986969380472729,0.6460477202416894,0.9486769559752081,0.6190389704899539,0.9909749548491394,0.6348513333153805,0.968280667529718,0.6058016309466175,0.995817441426136,0.7506603153069005,0.9802757295161075
13713980,2247987,1,0.29396143801706526,0.9931480141709659,0.7449806749714829,0.9335667921445909,0.29331542902879004,0.993180056846805,0.6050128039379057,0.964730514941712,0.33223107867062424,0.9852781775167955,0.7114627582609618,0.9412800302154106,0.33198549303557745,0.9846650641036893,0.5974614000420331,0.9466672588093227,0.3134118496359736,0.9961549721731048,0.8076551166691064,0.9599993911492359
7051649,23227325,0,0.9034898097434864,0.990279673393605,0.6707298952234764,0.9252233529029321,0.8903276525649662,0.9945759898913233,0.4518679065354191,0.9664120786635867,0.9393459899285536,0.9984859101254756,0.5675484409952528,0.9583908155008772,0.9451803834768715,0.9990944384965218,0.5020775652880322,0.9662893615950645,0.9322793795316537,0.9958337036449587,0.6263019899699217,0.9472091274748633
18903119,3888891,1,0.8633054163396494,0.9981388109778828,0.6560126728475311,0.9794266180127469,0.7702581806462281,0.9954997573878787,0.38272379890122576,0.9603851745677097,0.9612934508295922,0.9995937743566279,0.42393515130717085,0.9562710745033526,0.8662234042891783,0.9964920535707654,0.4238001868482507,0.9367545939126793,0.8896415769825319,0.9973209026104689,0.6767366607908153,0.9762138808150981
3903350,20681843,1,0.7627655355900265,0.9944283724445403,0.6731635532144234,0.9616165874644087,0.5868782833243257,0.9856636325571667,0.45231779330114863,0.9392164919711937,0.8159034544891925,0.9953247177675922,0.5811581203790106,0.9758968076273968,0.7775246005103459,0.9941222443625101,0.6182063598000578,0.9622539349414593,0.81076629501148,0.9981325955116261,0.7263909875729013,0.9743863517078567
7087624,2829981,1,0.5932775958747157,0.9885541443351891,0.6267874892116224,0.9531058528140361,0.5536498149275537,0.9904535161745569,0.5353328051516673,0.96799210043114,0.690076535751274,0.9918669009143232,0.49600788462924894,0.9376252934906442,0.6796649327765848,0.9935820374992724,0.6069343985295069,0.9570066572437059,0.6652522884426247,0.9963147074066375,0.7267827072441448,0.9661886235793767
23596949,22628847,1,0.5919322663125588,0.9970319695597937,0.7332759527707287,0.9772112003199495,0.47592929242768034,0.994230617805639,0.49755508783385416,0.9643744371338635,0.6578211763951147,0.9885644789924846,0.5111183024548125,0.946367365731604,0.6572178131373674,0.9873226152193821,0.556739155329621,0.9466618513745284,0.656772937124985,0.9939418964409612,0.7357037672539308,0.9814924421468311
373792,2168322,1,0.3848722642925424,0.9919034763291374,0.7497145072587474,0.9523285518099386,0.3723609472819187,0.9901513386848037,0.5048275924623019,0.9701633677902531,0.5464933472400632,0.9872719377886275,0.6445817660861806,0.96471213663419,0.5589899671869046,0.9856982357109672,0.5791614644876923,0.9432232600842481,0.4941685207208781,0.9957494460301994,0.741246127854064,0.9698938242270408
3621718,1215899,0,0.9620745803624496,0.9953152331811034,0.7491711835015298,0.9705867147702321,0.9069299589703663,0.9992356089959347,0.5787848026203892,0.9763976425347657,0.9172459406443496,0.998630320722172,0.6879712801264035,0.9725691934401506,0.8710350248518283,0.9929390549552078,0.6692829720802944,0.9411549892659387,0.9726313923760951,0.9947357340127284,0.7911924521863076,0.9717708720178289
6371605,8062077,1,0.4536230887427901,0.9954928704381306,0.6746384740660003,0.948334838151309,0.36231298622512287,0.9889891680324114,0.3815713977052264,0.9508102817906203,0.5602138565244614,0.9808339630901337,0.5609699705556802,0.9598901210714932,0.5500052472347563,0.9803974098950291,0.5068475973006268,0.9494390702605366,0.5343796031776759,0.9873688498192863,0.6754900305409899,0.9498856797228874
6844412,17267680,1,0.6080377132636768,0.9966080146885208,0.7892722765022298,0.9850576328390817,0.6611353053933883,0.9949478252317039,0.6364924681455026,0.9760791339908823,0.6701249330168131,0.9842198484303719,0.6264995340274486,0.9444326819977511,0.7358395097489956,0.9927669961480836,0.6977362290692423,0.9661009943874573,0.6859556049444634,0.9951512934323331,0.8235445952059485,0.9819763399037823
17076120,11198368,1,0.6115050978127412,0.9976168829884777,0.6410596495948395,0.9753801002830288,0.6209223297721688,0.9952134411490544,0.5481705505078924,0.9590041744830702,0.66781732710981,0.9942207913231403,0.48680469141081883,0.9321237929437279,0.705894606274666,0.9935208100442834,0.6051668511914944,0.9559057340796137,0.6815547235184188,0.9983506510398774,0.7490914074019293,0.9826947265573206
832234,17074899,0,0.3518971013243127,0.9952866000473656,0.5869138347430244,0.9603785157252419,0.3513763688732691,0.9793544287811663,0.3034413446591554,0.9207995653134049,0.5021279249592866,0.9726712975124231,0.437870065441059,0.9271236835902664,0.515123466991691,0.974799876771359,0.4893862749762613,0.9235708739959616,0.45299608617488757,0.9896458588879585,0.6581888300784449,0.9698652795002642
1008326,12980532,0,0.3754339819769577,0.9962635540216866,0.7650396910245254,0.9865487153308446,0.36610594975357613,0.9895211822521364,0.5151310234408031,0.968319342671538,0.5154834697014926,0.9876188767590538,0.6654756748123557,0.9572397869268536,0.5324105595803588,0.986103615399251,0.6026264350121513,0.9393506719887815,0.480546985034377,0.991059983442487,0.7726854015177941,0.9707470183446811
7321949,2190569,1,0.3174111544351563,0.9948979503029478,0.6527693456744428,0.963354964561697,0.3069700474033574,0.9979966179928738,0.5029850656921597,0.9660001814893832,0.3822769012939123,0.9812251517685157,0.5712197734658444,0.9596469789392913,0.4087181508630231,0.9801188633779673,0.6364477135575237,0.9537109425532535,0.39418435657322487,0.9954731317462283,0.7130253002342721,0.9755756381154971
4822222,16389745,1,0.3227049620679857,0.9971194381250845,0.7495487234238558,0.9666510828829753,0.31168082499649497,0.9930523500630024,0.6052192045293125,0.9760364052883911,0.4223338042271445,0.9876361755942688,0.630364069807864,0.9642903803885481,0.43349945881654006,0.9843056358372647,0.5941453850975589,0.9445871821990248,0.4088985931350211,0.9855004932148503,0.7277751244886783,0.9471259158716235
1677876,9223602,0,0.5227124956983576,0.9875898155318209,0.6519973221663478,0.9748010327680412,0.4373860988425561,0.9909754523843337,0.5451419739677252,0.9643931360176617,0.6060090783576582,0.9873051972499858,0.6052699392416114,0.9489613934273347,0.610110471223725,0.9925456254512514,0.7128400817820164,0.9657518442397655,0.6073075089629916,0.9949559679091209,0.76151338513037,0.9801002152952648
23630686,14537899,0,0.9825488405323068,0.995270361815957,0.5607531865718219,0.9819164106216481,0.8647420624660538,0.9910236297353601,0.3339584641399972,0.9559262664036527,0.9333562151682958,0.9964298338768298,0.5308962344461583,0.9585373367648583,0.9333562151682958,0.9964298338768298,0.5308962344461583,0.9585373367648583,0.9784314154576227,0.9982366590147433,0.6487083366521111,0.978259430654872
1724014,2109483,0,0.89066940853475,0.9943733114841028,0.7658794893569173,0.9763215265563719,0.9669608298559278,0.9991940785582096,0.6226374103731367,0.9807575712069149,0.9092022734668019,0.9846475409205446,0.6220860083468652,0.8849023817984099,0.9401194807732994,0.9919236414410246,0.6986282984878538,0.9265798860960337,0.91345991586421,0.998839075563473,0.8152686775732431,0.9839848947621425
11291099,14783945,1,0.8112558100210567,0.990071193543809,0.6706394074880231,0.9512915790821511,0.8014859887349668,0.9968981714244912,0.4534100611123866,0.9553901333196562,0.8195552240350356,0.9936089365478495,0.568810734806626,0.9655213725655827,0.8244566166388877,0.9920946268319969,0.546187147647777,0.9574661483211849,0.8481000252535292,0.9942865424174078,0.6731067191026767,0.9469332332039471
10826994,536222,1,0.4853188351729079,0.9955274488137911,0.6875466178363561,0.9766299790812355,0.3941028490580689,0.9968934268681984,0.5400361572635368,0.9704139770494995,0.6518055662971894,0.9889798390118657,0.6094850795252983,0.9552981974159217,0.6530275688512631,0.9906224647958739,0.583211234032156,0.9648585293806897,0.562798348328397,0.9970525650306207,0.7183120219589744,0.983574741745515
16707050,22066329,0,0.5270865128220689,0.9876165708202793,0.5170363472673587,0.9467431492978692,0.43547143767753504,0.9824114015947477,0.25180568770449785,0.9332390283059122,0.5607884804480816,0.9568342881584574,0.2647193902609717,0.9019807672089966,0.5606845832111843,0.9550434801248154,0.33745603408468416,0.9001683956337193,0.5929049515990663,0.9702639029440521,0.47366630095087736,0.9004504136078973
23611030,11158190,1,0.31693888672969145,0.9984377327472921,0.768966834250574,0.9741809104173822,0.31694648744718007,0.9988207896645994,0.6151904913095015,0.9795323676397221,0.4377079815063686,0.9866699061938631,0.7458354618752431,0.9532058851569879,0.45483978504996003,0.987709899390825,0.7024880580957724,0.9612709843784788,0.39898098868406,0.9959482022500726,0.8161509904070006,0.9844856860881421
6597125,18613811,1,0.35226795748437956,0.9938474321950013,0.5752198929449812,0.9111093616595498,0.32270482274113554,0.9534388049590707,0.2991732325667382,0.9265335096335793,0.48441608965004124,0.9716637084830085,0.39881546437120363,0.9328188221837255,0.45024019883750643,0.9607579893754405,0.34963512251540374,0.8870333353488504,0.4451232968167986,0.9929127818681733,0.4982036544005488,0.9419573068226237
23370628,15882289,1,0.3034831949574395,0.997390176161842,0.6053733411514939,0.9641747122649119,0.2976442314387609,0.982897641331898,0.4148792141304708,0.9574487851197052,0.4154778813748909,0.9734854588339659,0.5317129254869196,0.9296581605878708,0.4173447681508106,0.9687525634235062,0.48759583299151665,0.8730508361277308,0.35831301164879376,0.9904834372126273,0.6627183790527497,0.9768824826490939
8265645,20601754,0,0.32621542650953583,0.9985379293798347,0.6936870402440886,0.9729476240271047,0.31528702552861393,0.9903065557893272,0.6476181499479052,0.9649631221020876,0.4588563062563061,0.9935056519415291,0.524473127089532,0.9356428895615654,0.4438852016082386,0.9890260417481179,0.531389325118292,0.8861657246725856,0.40599673661950836,0.9973360242217407,0.7508517508240442,0.9744041426670674
5557048,4921001,0,0.9055484773990711,0.9945723363050353,0.7558938110265152,0.9604003593425022,0.9763724433714767,0.9907620790107808,0.4555070495217466,0.9695491294210531,0.950794147161926,0.9935060541286,0.6312583773611016,0.9529473748759456,0.9596931515730694,0.9995287760072037,0.6636788367466094,0.9679639469396871,0.9220351018476121,0.9994742772509767,0.780493704213317,0.9735740407708112
2532321,16915670,0,0.6307896760609543,0.991285335700924,0.7149598483405262,0.954049624888887,0.7572883738713038,0.9986963683955564,0.5006571900676193,0.965312657617113,0.7922205318543772,0.9926366788301109,0.4542487343962113,0.9518053904636662,0.7962942827354317,0.9933844525357205,0.46346810930962457,0.9618705475625856,0.6939578486460763,0.9901071747886542,0.6567348055767306,0.942765732752341
10353862,11517213,1,0.6532944584212551,0.991906910196813,0.5683238923662991,0.9690605407867804,0.7727125901866061,0.9922130037872777,0.44640466414435986,0.9428919562241619,0.8168670557032972,0.9946030279762186,0.4880389436651187,0.9529272794389371,0.8245418485001811,0.9937819024418036,0.5898826927181752,0.9480713503007057,0.7201666435174633,0.994907348922515,0.6638150642894822,0.9691764594390933
14711178,6992204,0,0.544685821106946,0.9992699402351681,0.7983793215109406,0.9747679594197098,0.47845359537881216,0.9977611426342485,0.5409285161850139,0.9685198490137613,0.6621964132596795,0.9929271404198194,0.6000688730022148,0.9752598463445082,0.6498639237704327,0.9937871383465431,0.6788731183820953,0.9636224126090256,0.6213851040929952,0.9958600773453533,0.7867502137636433,0.9721761308084488
22117571,5026545,1,0.5828434983545459,0.9988662955856302,0.6845657551689859,0.9682038334091779,0.6864840393679104,0.9923647124235327,0.5276742864367341,0.9700080159939894,0.6944659665741001,0.9898168630004025,0.5733358025139413,0.9663590898334009,0.6971100611655356,0.9902432680057638,0.5545183329817214,0.9628231149405384,0.6576246971555008,0.989807467285396,0.7728149629947277,0.973313665372834
23537682,3054600,1,0.35100741205317154,0.998337841648715,0.7979337917174698,0.9783768035784608,0.3342419076368106,0.9986253994755964,0.5856495328816269,0.9709122447469827,0.5066190326215937,0.9913835740688927,0.6198998095610889,0.9650976132225193,0.5095089126195638,0.9869325466253893,0.7035505063924671,0.9622409872677132,0.4528195015508375,0.9945110831191588,0.7701121743492796,0.9782147998922454
267366,10671991,0,0.6932929421970374,0.9991321824295204,0.5563481050056893,0.9778166101774778,0.9502560206190193,0.996740500958214,0.2742468606848488,0.9409531309437627,0.840307012982933,0.9890735519074978,0.30409879385471983,0.9469823370100753,0.9327536906087625,0.992950165306059,0.3119413388150827,0.9472996329814004,0.74225117174316,0.9956205228144885,0.45765143000537856,0.9673298978517185
3419825,8637246,1,0.7529610984226452,0.9986027845586701,0.6179790640817294,0.9656346377288417,0.6791283058511826,0.980498670184813,0.5229228760792459,0.9472847634824735,0.86704751586048,0.9938761615723504,0.5316430965894743,0.9463703788208905,0.7892098590363507,0.9953504236838007,0.532228362137708,0.9706107782771763,0.800673664064443,0.9986579315776275,0.679671279503931,0.9742977019318503
17576016,15113543,0,0.9132079914092335,0.9974867101479383,0.780084443202024,0.9600347756837874,0.7980449050647419,0.997698355680734,0.5482466231437768,0.9675173178162173,0.781185571524834,0.9935704864212337,0.5909952661890645,0.9683906052762301,0.8075882433015955,0.9937144700390572,0.6441484036727805,0.9669925365781734,0.9297310443757753,0.996491470473857,0.7417345709015172,0.9745738782179786
10178498,130541,1,0.7382801838066473,0.9964539936879373,0.7024505687988313,0.9465800991502739,0.894329514982249,0.9913989638400762,0.5584933396246192,0.9583364157922364,0.952864308083071,0.9992845310302837,0.5776607514171495,0.9577711385533534,0.9518255554434379,0.998679567991084,0.6241657260530422,0.9573551562226447,0.7939438101918407,0.9984823235703661,0.7408583896983092,0.9698856786389038
15984793,22186637,0,0.4834025203395665,0.9982819148427003,0.6383964829559825,0.9714689698139781,0.5736400022929483,0.9790084422184377,0.33348196289421395,0.9341611788343643,0.6525050100939929,0.9816717481707224,0.48997285089169806,0.9510471996659592,0.6534759722092236,0.9817657091569476,0.4777691743552682,0.9572552945679905,0.5551942879639835,0.99468005478451,0.5733207115956032,0.9684686410381793
10089329,21907869,1,0.5817128044507899,0.9935321951141781,0.6482928558568688,0.9813297652526418,0.7521018382660047,0.99558809927072,0.3967996996838762,0.9377675369273502,0.8394248384969979,0.9827388374355405,0.392011135371081,0.9276607109975851,0.845048260785906,0.9950249340318486,0.48862615385824715,0.9668004484000353,0.6528400147767737,0.9944436264023486,0.6697970145119669,0.9635190339336392
17808807,8075980,0,0.9526582054675473,0.997500932047449,0.7646608046928073,0.9828968671557194,0.7780943642811015,0.9889775797214065,0.6498121839354514,0.96954356786917,0.98207933807626,0.9988359446049689,0.7363292775948571,0.9809693389515362,0.8721012151100284,0.9940198966719421,0.6931553149191221,0.9487030947278465,0.963423756944548,0.9992698634164624,0.7994135912552871,0.9837363042063567
4477205,11650020,0,0.35684026819741893,0.991168720197449,0.6411617876551563,0.9454254680860996,0.3778008739658319,0.9881976616469894,0.3648092604179579,0.9560790573964872,0.5392708131950807,0.9721557442702309,0.46674006893133857,0.9185346117047632,0.5496887174100483,0.9731299959170433,0.43412747285515263,0.9146835589670774,0.45118505780040646,0.9883004112986674,0.5957395164082591,0.9555527398569345
11044947,13292295,1,0.5894324071882427,0.9940631675374008,0.48815674915503293,0.9634594155987746,0.47912986865285373,0.9667109581245419,0.5354985970619197,0.9134237345772018,0.5893514791611305,0.9683444908176118,0.42147566217512533,0.9024437019789975,0.5900692273006504,0.9642310129160631,0.37674979966550093,0.9104750980356566,0.6457635180924295,0.9880612662948788,0.5500354902178691,0.9607026023157922
6198171,16870490,1,0.9484869545786603,0.9972770260564012,0.7866706825090983,0.9646831606967036,0.9807009633313571,0.9989871633642937,0.5213144932756171,0.9767255768357873,0.9561172682903714,0.996586496437543,0.573825089747596,0.9682093565389316,0.9752375688132912,0.9962272923850107,0.6376371861519967,0.9736832784199114,0.9679648596949891,0.9984987956693374,0.7419003616714276,0.9749132967593757
20591617,22857041,1,0.789761589817842,0.9966962794853518,0.5255553473624045,0.9434383666152554,0.9431207844768694,0.9750772447896594,0.26294708448929094,0.917592171299877,0.8641112574375945,0.9924597588697441,0.3952106531105366,0.9344241632532475,0.9575034209352326,0.9983398585525398,0.4967244571127516,0.9705719095285847,0.824680724603933,0.9989220227869317,0.5055520477961524,0.9521923253010764
17482505,13438576,1,0.3184466272595965,0.9941762583085533,0.6541146146596821,0.9553858059180006,0.31283044751015404,0.9827438222562466,0.5870051211985239,0.9679795033568853,0.3773103966344632,0.9876476760095984,0.5594865657229966,0.92374764590403,0.4067580252910801,0.9848820324767096,0.6611948582935423,0.967141013617007,0.39262538956585674,0.9939610139665742,0.7419229021873641,0.9769073600679526
1884023,3637605,1,0.5458056804123443,0.9975038159888159,0.7451407776386039,0.9588648910952307,0.6686894011682024,0.9860553723546196,0.5280756091289034,0.9600151829875284,0.6444871422168866,0.9867207664420471,0.5392871813572164,0.9511533538842291,0.6231847778409321,0.9886382301537658,0.5221776172144147,0.9538780742369625,0.6151357485672232,0.9902289451304676,0.7735286346355335,0.9689127543778158
22832422,18253221,0,0.45251747819380383,0.9940463070971318,0.6890781375609674,0.953493560737976,0.48668995046045693,0.9803701400358743,0.6336647899257566,0.9628566228564114,0.605403702829285,0.9900810634106066,0.6442857483147646,0.9651078480232639,0.6201288362779441,0.9837166436134093,0.5972135960854957,0.929592934414935,0.5460866513043932,0.9922368884064224,0.7761275151263465,0.9589510845049165
14038399,20169227,0,0.40737570930342876,0.9971420178971364,0.8194638739483502,0.9712962241897359,0.3859692557926003,0.9954643066535239,0.7749955793388712,0.9817095943200008,0.5593176070550581,0.9924778655462466,0.7606737978180309,0.9392125316574859,0.5531131408589266,0.9956722311400722,0.7661775664518008,0.9688984622981311,0.5069969165352808,0.9946462239047171,0.8402851644322825,0.9722978530879873
14957786,6506273,1,0.5771867130742515,0.994965648451792,0.6256014066462822,0.9519565058243163,0.5036165254009434,0.9948771838923671,0.33356977802353305,0.9450294043026927,0.7338579137319292,0.9867614710859058,0.5405589420562065,0.9553227463878871,0.6842705868282142,0.9773585508383307,0.4558687943217631,0.909381890994481,0.625476674864166,0.9924414850069023,0.6330630821593759,0.9646771897541481
3516106,13498121,1,0.5461247058352108,0.9969088497589682,0.7538639985883268,0.9633922477615172,0.4820891841035805,0.9916112644931427,0.46388376180333857,0.954390157880064,0.6692114600020882,0.9895505171856823,0.5558196719875591,0.9630613451292075,0.665517087965566,0.9912312140525052,0.5318298477092003,0.9369974546861884,0.6160726131028146,0.9983337901745287,0.7497778139303515,0.9756515075245077
11958349,7757210,1,0.5316178203680647,0.9974008634767157,0.7509164607063329,0.9709583135678964,0.46766447675338385,0.9906020979349186,0.5514426715997813,0.9768962646280229,0.6552495391099252,0.9935688934667771,0.692552537434554,0.976060878240454,0.6538240600583064,0.9903687207758906,0.7100638653212307,0.9300417829872718,0.6080660382596267,0.9983291508981977,0.8030054466808393,0.9779593670395516
21931071,2857623,1,0.40605629203938953,0.9971725662075993,0.7330608204168696,0.9418592904035439,0.3467531110972289,0.9986052371915046,0.6195925635660986,0.9641727194096943,0.5026271578600245,0.9864511571817776,0.6073769930662607,0.9442716787238636,0.5174081233122547,0.9920375156127164,0.6638566760252094,0.9600717488364485,0.5155718733588822,0.989760491525108,0.7555725097180316,0.9456577804649099
20051892,19875183,1,0.9399949538556981,0.9939493266584455,0.6495995445003244,0.9639993320923881,0.8495022788509226,0.9937393526838865,0.5265747500162192,0.9652005129745052,0.8917587948319308,0.9969390540391276,0.5529179606935094,0.9592164015270085,0.8936202511030403,0.9980115086242054,0.5694955143992996,0.9571871382877518,0.9482436205797625,0.9916757276790238,0.7073780025104179,0.962268994801138
21664406,18878916,0,0.4285898541881224,0.9936936896826064,0.5990118874035547,0.9605543729519948,0.3669715042540438,0.9781385494045738,0.32272257335659504,0.9359815468226144,0.532926012622352,0.974562942770336,0.5478070817884539,0.9447760792997537,0.554082510246395,0.9721365619696763,0.4395656522998005,0.931636413933435,0.5229282680351918,0.9897481041618427,0.6326712326206567,0.9685513243870438
16240956,6914912,1,0.37965679679435504,0.997412699045576,0.7441688306626162,0.9680195449017183,0.3708654821392933,0.9969972815567743,0.6008380412467964,0.9765985571986502,0.45175074750977057,0.9907168682731667,0.5487534267401113,0.9557511341445535,0.5042199551363533,0.99022820491454,0.5850687587839688,0.9673823406860147,0.4738472518900871,0.9940317483522009,0.777447534388263,0.9678130618966873
9733447,14956125,1,0.3305845212518474,0.9977863294627913,0.6465385549959988,0.972330083234495,0.3369981654529088,0.990439894021024,0.4286749206217658,0.9434851471741207,0.46695397936980904,0.9666353743854403,0.41725517703728277,0.9218111259050189,0.4783037919845532,0.9691452732664959,0.4108973658012005,0.9336155312251287,0.4265473229380325,0.99147178021261,0.6224895832978266,0.9720261345857798
9979752,10369570,0,0.3182261655613748,0.9986063277353737,0.702750439492361,0.9819990690041912,0.3145375963767957,0.9870978532493243,0.45826329372429697,0.9542283461547175,0.42883884012684365,0.9753645082076873,0.49247943329688393,0.920513093664956,0.42798917369466355,0.9712257737340555,0.554584158539978,0.8983328559293907,0.3993190103802147,0.9935352310247232,0.7419151336526121,0.9812137188008798
6190163,19953390,0,0.910595544435819,0.9875020115877579,0.6646541992929187,0.9660103509475332,0.8173250730344399,0.99031448955986,0.534221598801182,0.9556155318008916,0.9072269077430354,0.9936118086674488,0.4749742800018547,0.9539127921244072,0.8199573129647086,0.9936158596943447,0.5132673685116683,0.9425207114900852,0.9342595844086995,0.9994741395003832,0.6880776650543208,0.9763144866319589
11238287,417620,1,0.9574473176583477,0.996919707923611,0.8144593651408629,0.9755995766153448,0.9711703072858109,0.9943875778346809,0.6684581629433772,0.9726557939497883,0.948536567437698,0.9960155443843081,0.7814969217458025,0.9714372410496477,0.9745858705541967,0.9970426476416194,0.7620760391660242,0.9737176496637512,0.9693789040042008,0.9971233723485922,0.8204710432306994,0.9838184958460315
17074899,11838691,1,0.32468819076212396,0.9933875302248829,0.5815722052970187,0.9405894504180773,0.31225366777359015,0.9919079670304243,0.34161469602644157,0.932225278459986,0.4363890701902583,0.9730967446455034,0.33982322503703377,0.9246523788171754,0.4610288175752647,0.9695892267018813,0.4681921946319306,0.9178285534165163,0.4048594412462262,0.9929271905661143,0.6699438029541201,0.9627626879403999
3214783,8641070,0,0.3303602265000563,0.9900836868206573,0.7574807977860244,0.9284277200466333,0.3446084178310085,0.9989944044393673,0.8500660991115304,0.9840801021357125,0.4759510386522007,0.989860150251602,0.6441060031193108,0.9105520760250827,0.539870298125653,0.9962452080356545,0.7143540551951381,0.963850529593911,0.4146592121681948,0.9991423703881344,0.7741185569724229,0.9459004493720841
11314030,20071852,1,0.96250671863482,0.998454625926762,0.6458820430563701,0.981002610077345,0.9775029088532793,0.9976040408953006,0.433483338499028,0.970330463012692,0.8705484792470327,0.9840068871161405,0.4700335160847583,0.9093112326081885,0.9503258743292421,0.9963891663420974,0.5373555332114461,0.9432428577809122,0.9696779835192526,0.9986593366580954,0.6993926674548459,0.9849073292583076
11228284,10658266,1,0.466873217455849,0.9991961631460009,0.6752055495034002,0.9734990554766545,0.40576058999193415,0.9862365560615738,0.4221777482626067,0.9498449952949264,0.5556975859564629,0.9837457873000437,0.5268660914454317,0.9571853427630562,0.5702806699964392,0.9790932826361763,0.5116214821764147,0.9415251925560784,0.5462096774252077,0.9903198479697258,0.7374032570945963,0.9742909385004684
727437,14900316,1,0.6182366806063073,0.9986340239037731,0.7000763869890054,0.9604688284005628,0.6915091010781136,0.9992983412690714,0.5941611094704187,0.9801160753709386,0.6368984965864302,0.9801018673169745,0.46750048292762025,0.9313752020690752,0.6938891990238932,0.9907803406751706,0.5184087199352019,0.9569677231277872,0.6919371964580581,0.988866099806695,0.735926852559545,0.9452577947751815
8139665,18390011,1,0.382067708220077,0.9976362164569396,0.6899567575755032,0.980223996391598,0.3814283086875414,0.9866552722122958,0.5334296916771468,0.9614786235859276,0.5335424869390238,0.9871991703991964,0.6914210499103803,0.9701306154241488,0.5456566945475788,0.9847378881187253,0.6278546650942911,0.9612980011498755,0.47855630140036787,0.9952177406068701,0.7750617872703247,0.9857909930661507
658771,22602225,1,0.7218445761887216,0.9964738318822588,0.5493234723216799,0.9644563664726836,0.7955182718726902,0.992179580026895,0.42781817792867916,0.9632109173949163,0.6537041645123819,0.9827684054411807,0.4974837560247485,0.9508690472490848,0.6582200188235746,0.9831166156643164,0.49748375609230877,0.950046135289769,0.7783934198226716,0.9894905443038253,0.6487350205873444,0.9610541097661719
1039796,743715,0,0.514268287351036,0.9890690234453335,0.6994360604535678,0.9544481623751477,0.4550582616033745,0.9870673961264276,0.6504208977774034,0.9637026494216371,0.595706470694421,0.996756218890682,0.6271939993684897,0.9594818847354871,0.6096808972046287,0.9961658110026212,0.7173754988196532,0.9703322205378089,0.5946960439920406,0.9995199892538941,0.7845242215856036,0.9719201993166553
17143411,2105651,0,0.6982444679597898,0.9966546537843106,0.8101604788252581,0.9655262075066683,0.5665363336365885,0.9932901624390466,0.7249039176241745,0.9750515696814385,0.798756596214288,0.9979546966343691,0.764670076619401,0.9775232129398949,0.7044517899361874,0.9981649862261914,0.7406414066207851,0.955424518387532,0.7612708026475496,0.9975397363135364,0.8721797688533206,0.9743202723181492
18573528,22303544,1,0.5061043019763972,0.9914976558367586,0.7152162701792419,0.9401180957911506,0.4116037586309952,0.9861327375418771,0.4991904889579376,0.9730677528688428,0.5640734153205008,0.9881291621890658,0.6774579663848332,0.9639187921834564,0.570071878781132,0.9869185924224486,0.5981677645620703,0.9523132545370512,0.5874765648042233,0.9981546845100457,0.741738590144679,0.9591759252331276
18121766,2467221,0,0.3594470054539104,0.9970498503085535,0.7116847394907642,0.9571998632769829,0.32355222918765025,0.9932300418941046,0.42315523677789957,0.9534612125376104,0.4774055234426533,0.979169630812579,0.5160285500501862,0.9441373229560623,0.48010969251614016,0.9779876998760021,0.47202760291522095,0.9515181607264047,0.453481013780533,0.9943921631319766,0.686797916704341,0.9707862018138619
22807014,5751313,1,0.657301394830621,0.9953043542541185,0.7146135119518833,0.9732775602665742,0.5623975897412354,0.9938394874808468,0.5629406338741728,0.9737281611463753,0.756690203534638,0.9943404784804363,0.6118425047673524,0.9558373513269096,0.7170425631283275,0.997382875041365,0.6281545194733229,0.9674531561652799,0.7285937062296356,0.9965232979124355,0.7707937206478264,0.9776977578926254
2386120,5305335,1,0.38574023370799937,0.9888289069258095,0.5451838645065221,0.9492679289841217,0.3341663553592707,0.9883102133185913,0.4270357961334468,0.9568887405259051,0.5490084544399481,0.9774979019986749,0.4537878294201597,0.9392103115703934,0.5443326401649811,0.977135756834153,0.4455930248452513,0.946158715112918,0.470002344572827,0.9942460540708045,0.6530970462599625,0.9726063539848099
3220986,6098865,0,0.6656769770967883,0.986371628983382,0.5213934886935886,0.9484365427659941,0.5159697411416209,0.9955284120596897,0.4287356601516016,0.9476477693728975,0.6559434931882953,0.9806527362307904,0.4061111976762726,0.9382625266987763,0.6558379307090723,0.9805287387536287,0.4082241244850884,0.9414973460974432,0.7385816453397553,0.9892635558563445,0.5175774081670248,0.9456222831055412
1214974,6424937,1,0.6001157041596165,0.9944689847418784,0.6025036652392775,0.9694621783031139,0.507208529442602,0.9959452896127593,0.47788080591468296,0.9437003916096152,0.6230629078935169,0.9825021493244893,0.49526181896032206,0.9451153060294429,0.6250490331800967,0.9827219181776728,0.4249517519531484,0.9393215220262122,0.6588789901891321,0.9966974287242419,0.6627381548688256,0.9725377888455544
18575609,2747367,1,0.5520956245395677,0.9913676181417204,0.7004770051749271,0.9690336220951387,0.5610218066587517,0.9894803104225887,0.5927893538311871,0.965746939583308,0.7257034560723287,0.99567538585718,0.6894684564137248,0.9554529241382747,0.708698538423152,0.9959091472011331,0.6379514178131519,0.9609587275308702,0.6303928741327868,0.9987394450176237,0.7791762462160621,0.9822003660022645
12067823,14406880,1,0.6033831227407382,0.9961958590317753,0.6328319611000764,0.9720386368858789,0.5860384700653551,0.9949728631903301,0.45970588554989344,0.9558380502503617,0.6750582489106742,0.98264982093458,0.582918837219256,0.9306926314032236,0.7401235435906095,0.9880564887752933,0.5752920869972793,0.945207857480964,0.6823233638909472,0.9911653345015512,0.7526695175045592,0.9551201248376303
22328850,10182360,0,0.5770367007474445,0.9963460655782226,0.7843903800570085,0.9555315577480421,0.6424557289674354,0.9968592215735783,0.6711575863929482,0.983284187692169,0.7973462223310933,0.9953387783171609,0.7257009922774865,0.9496947261831954,0.8048772631546448,0.9944036708570416,0.7014346691526134,0.9430691560167084,0.6423933688572935,0.996420186895742,0.7550291943646468,0.9595597880959181
548601,23022778,0,0.6868470988671788,0.9988107584426815,0.8370629275186849,0.9837184041479794,0.4975022027888264,0.9895693493707101,0.6443477278845955,0.9646117707850106,0.7277296413078621,0.9884761356145405,0.6753568014275972,0.9519950713991204,0.7135852441242156,0.9936587326135097,0.673267445935573,0.9656874647047582,0.746591744924871,0.9970253473777083,0.7951800523289245,0.9824138344605561
10158741,18317332,1,0.9294002983995575,0.9947519343939392,0.7450980986308992,0.9591086691214751,0.8247393041749851,0.9958416508173543,0.659333589577447,0.975992676178169,0.8516392867610699,0.9900498649611187,0.6165477477119344,0.8982521800457104,0.8665296537317705,0.9926932015221748,0.6371333258659606,0.9056837115894927,0.9435266142293592,0.9984567889421165,0.803454130463759,0.9634499127870847
19002330,604392,1,0.3174612297366013,0.9903535207719536,0.699664769544436,0.9725499459447616,0.30960375454340405,0.9891369465119564,0.5750449190976967,0.9671362034638565,0.4099278436073949,0.9789787895303581,0.5379934067453376,0.9314841301048961,0.4236929429963704,0.9870506900605734,0.6494250068755658,0.9475039412173796,0.4032569912870937,0.9971896713026561,0.7394457022704986,0.9797769486136587
13254235,10531054,1,0.4526489992662409,0.9849441688910494,0.6872618754695832,0.9464422437248073,0.500920939982105,0.9665770890277127,0.508918632506983,0.9187205247762313,0.6130326873604941,0.9910237452181272,0.5467222345321765,0.9296326356106458,0.5932810543856111,0.9952520749066714,0.6532976292358318,0.9640520143064204,0.5374176193979611,0.9922275714275851,0.7293057052460681,0.9536509137987711
11560551,18613811,1,0.6381593495591698,0.9901977339956437,0.635144027739427,0.9553248163114997,0.573198034987663,0.9915993604987727,0.4971391753427581,0.9606519747055954,0.9022866858590707,0.998152399057625,0.4659531606219246,0.9589227753064307,0.7084623066165998,0.9946363000473578,0.5024514602722798,0.9239027160205724,0.7094837848390191,0.9939114563531699,0.7085658309650706,0.9619964480608678
15796840,3488916,1,0.43023450279835157,0.991425213184973,0.7453972633160654,0.9440420507648556,0.3925444041682553,0.9922470656523259,0.6263966071913436,0.9700665963383229,0.5893921224077556,0.9951196782683138,0.7183934658301114,0.977574631006938,0.5984136658149108,0.9956725185093617,0.7492568771539899,0.9748145669086675,0.5252102265695842,0.9967172058187456,0.8410562836463791,0.9578564861873196
7209802,14058408,1,0.3322302805893568,0.9951488560364321,0.702249489838997,0.9516606119812577,0.3079756612040536,0.995553469515041,0.5938306013933998,0.9744408877374204,0.42387457677892776,0.9762128235263774,0.5013222872543859,0.9374015612251354,0.43229561284739343,0.9874606812039329,0.5765166871853988,0.955527804537325,0.4138137957024271,0.996675035551884,0.8033693843078282,0.9761975165499552
20200144,670011,1,0.573156326121612,0.9929784122359185,0.7274850956646495,0.9478774903553656,0.472259019201943,0.9969568556029048,0.540391388493952,0.9555985424162662,0.6421427215142145,0.9948269695469261,0.6415039430293978,0.936200629082985,0.6436826738339112,0.9949037361542059,0.7198609595941593,0.9578693114248396,0.6513476255635341,0.9983034668723361,0.7721711166587746,0.967490436668922
20352327,23411500,0,0.31326367491232093,0.9900868884689091,0.7025103778867521,0.9588888334221566,0.31283872044135025,0.9884829413639895,0.4447395880230779,0.9533681478313788,0.41233645460794127,0.972022218610007,0.5663698040731353,0.9201265844012654,0.42758217581052677,0.9736684705478633,0.5655202405011774,0.928152605910279,0.3896208224053956,0.9867522886477327,0.7347679030555131,0.9454102665121954
20492176,23595064,1,0.3870891683275373,0.9942152015646073,0.5868623213091919,0.943635211533934,0.3393529375114155,0.9931280435175072,0.401416202413742,0.9427697122797984,0.44637428492255304,0.9816799731274162,0.48238072973027357,0.9562735819168356,0.47546270957097114,0.9752563507746209,0.4567959666443955,0.9569024910926845,0.4946053526596444,0.9904550446821166,0.6641415938053541,0.9578268712232546
16224018,3942117,1,0.5901399648403918,0.9967347282899889,0.6083075023118578,0.9766081873048761,0.6686257129173653,0.9983485928756679,0.3834237549665146,0.9611883945671945,0.6851749606208775,0.9890661957001528,0.49107986311306484,0.959491016067232,0.6871258118541554,0.990109651777426,0.4098461379291428,0.9511205726591508,0.650855846933594,0.9961771846284238,0.646060612615678,0.9711257515848865
23161666,5995985,1,0.35480185992293245,0.9937194166974912,0.44865805448510854,0.9476248778240043,0.3471035141696818,0.9814912969956417,0.44296666521916916,0.9563775892678784,0.4309073630499353,0.955225895963987,0.3111752321939766,0.8999815034737821,0.4309073630499353,0.955225895963987,0.3111752321939766,0.8999815034737821,0.406918018008089,0.9905272013917894,0.5294283212323243,0.9625808191490335
8939074,18809148,1,0.3062234885661752,0.9987385345553502,0.7046923888658263,0.9686721024356801,0.2968177751457383,0.99327015008852,0.5044532587694481,0.9654825546260151,0.3982328003205602,0.9753143220542564,0.5902447408975976,0.9478103825543454,0.4009038985275613,0.9680212591763027,0.5677543227321797,0.8900295965816353,0.36720337547957066,0.9920389786425229,0.6915315459143246,0.9770745892488015
11034629,15796840,0,0.7610712466193897,0.9967600619243943,0.6904359327152628,0.9761385141992163,0.8674644401803752,0.9908642496501832,0.5153481368838997,0.9610155094145294,0.8884795116157362,0.9916706168409,0.5267343692751314,0.9455010891167969,0.8587060357509204,0.9936809724504088,0.5980907519034624,0.9524667654862582,0.8100705578309435,0.9928710773133079,0.7398309363114112,0.9590322411006252
17551920,1158840,1,0.31192325918001224,0.9936272091953982,0.6878357553038181,0.9342870802124569,0.29681326877618236,0.996869500124171,0.6093709228417942,0.9741503522349172,0.3786029709342463,0.9857771579296776,0.7083939845050267,0.9585725132143796,0.38859102499573484,0.9871339919171499,0.7055657552421071,0.9598285457832797,0.37733096142541916,0.9932038867335636,0.7635108175961092,0.9522115572696243
3214783,19396006,0,0.9370678348391686,0.9921202096986119,0.7004390850605247,0.9677007940525807,0.7586849297092051,0.9887673968216936,0.7084368245993318,0.9590781419149892,0.8510986876588197,0.9991455487050716,0.6283640928011931,0.9340268985799016,0.8682331493869354,0.993017098233244,0.7121512939603152,0.9475575923938132,0.9496878539967273,0.994527805137121,0.8068690512303225,0.9777459008988637
16307790,9830409,0,0.6528881849208119,0.9924083935136406,0.6374525485033629,0.9544604820917683,0.6202965735655204,0.9803525227205516,0.4899995378235823,0.959665912998858,0.6766191614720133,0.9891972125445103,0.5397348375721318,0.9559399510548457,0.6537030975360058,0.9869190974198593,0.5429632204123193,0.9671871010935903,0.7214070050194048,0.9932654325472547,0.6840649383548334,0.9562967769059929
14570459,18923105,0,0.4938974138146855,0.9946014740579042,0.6657428545095274,0.9613164473645687,0.41293388056934655,0.9780515137168225,0.2748756953972642,0.925360108681976,0.5421097308779801,0.9740404067458367,0.4320402152992785,0.9336750293142946,0.556123941107396,0.9701658306460437,0.3433557124579041,0.9247695345462421,0.5558159273856079,0.9911714972015632,0.651442597802483,0.9651714055140597
17068622,3788863,0,0.45896418379357634,0.9927237100717788,0.6466173580894268,0.9547454047402553,0.428448834194081,0.990455165743771,0.47025663345329194,0.9571651057412234,0.554913824978814,0.9760224603124771,0.514498450804161,0.936495033983065,0.5730470353983915,0.9769255069436962,0.5220758074405905,0.9380487993696963,0.5489933261477208,0.9861556339123908,0.684960721806235,0.9412298958709536
765103,20407275,1,0.4419193455360487,0.9956994903962462,0.7822080685721416,0.981720693057052,0.39335700023536485,0.9987327241615356,0.712707414102354,0.9796048434580968,0.5771769518545931,0.9940711224598796,0.727172614235067,0.9609322049570189,0.5668142397263128,0.9972193694216007,0.7281425597322766,0.9651676652025787,0.5406340759124184,0.9954047699079397,0.8511584619551792,0.9785543293282839
10713685,1069283,0,0.34467207606908684,0.9819055764784391,0.504255855527254,0.8525735022989316,0.3128277417090723,0.9580705639661923,0.3545307603730289,0.9015662695159699,0.47996536757182523,0.9625483451024166,0.38166494926925687,0.8949577200670757,0.4888288726936963,0.9628475760029441,0.35555504778111024,0.8993199812318893,0.44796191813721936,0.9855057301148682,0.4747945514164369,0.9092154246899995
16788962,20547900,0,0.5698884562426241,0.995839228828395,0.7071301539484813,0.9777435139325134,0.5241507566744805,0.979638312469334,0.49382627956176417,0.9572240758437393,0.721981887910906,0.992684800720978,0.5104036751567007,0.9600191710210446,0.6504350280884771,0.9904914637115547,0.4966877553172002,0.9508061996355669,0.6354164396457711,0.9982854336342959,0.7133038377576932,0.9798544737363394
19235548,18099086,0,0.32252268681862123,0.9973977572781723,0.6534824328991778,0.9726158417407127,0.34870223565177894,0.9904921433426487,0.6026206838534123,0.9698887071297377,0.38925183756000015,0.9875039108624952,0.5016842028168098,0.9518588490273641,0.47151443223270045,0.992158510903001,0.5539290421389982,0.9286643495118306,0.4052526115065967,0.9937037004785626,0.730725369209863,0.9764213516898974
303078,15225841,1,0.34855398042516333,0.9969616033063374,0.7891236071651347,0.9775448929358753,0.34151479778660376,0.9948930039988848,0.5501890722446598,0.9705699843083353,0.5210630417441422,0.9763555063581446,0.6455825576950223,0.9190631242434839,0.4865525747026853,0.9870463906343733,0.6078729239398768,0.9198662924271025,0.44487404759788346,0.991905981489496,0.7783102653578959,0.973372380094939
5389524,11050195,1,0.29660304643318053,0.9986288402334875,0.6766124606658674,0.9695730567889704,0.29525675617108815,0.9862592475842122,0.5185655553705943,0.9665208224899444,0.36109541436098797,0.9770098123148095,0.6014623189740227,0.9576245840539742,0.35260486151884457,0.9726259985547101,0.5582926766856284,0.9058881564239909,0.3362892752732208,0.9880810406679792,0.7405540780758371,0.97192381471437
10846739,10676051,0,0.6269952124646903,0.9941808405738344,0.6140718817563756,0.9426130991082162,0.45180558581376057,0.9907137685079405,0.3457734566952291,0.9354385238824873,0.6333864660886254,0.9758444387842468,0.39408200124402915,0.9050496264176283,0.6319990751893563,0.9761827153645762,0.3788021656514494,0.9185455072809877,0.7094594723717345,0.9962983379705517,0.5728438493157253,0.9612032593102154
5829114,6692644,0,0.33832026622823025,0.9946136796054419,0.6770390556710663,0.9553602420942143,0.32370824223907685,0.9905496208220184,0.542394086336355,0.9535619217677265,0.45192396242401645,0.9897556570457395,0.5223170314580965,0.9445069505619221,0.49282218803201805,0.9849300804803736,0.5873676740317673,0.9517102843080321,0.4323155837561415,0.9927579542346072,0.6859627312937545,0.9767984927791005
7512156,3765932,0,0.3296451500272605,0.9931552109891223,0.7382707252222613,0.9505358828760997,0.3241893168105691,0.9868947117325871,0.6055363752164675,0.9579076847846516,0.43770012304888106,0.9794164632043506,0.6168185183812007,0.9315950364246772,0.46209296676326395,0.9833457609579858,0.5995114476735051,0.9530405508683754,0.42606335856670163,0.9856968735819459,0.7422453162300446,0.9355567091376071
6233042,16208627,1,0.8484194298355683,0.9970037165019585,0.6868661076348159,0.9735925215669532,0.7447560823408322,0.9902217360148503,0.582664921602471,0.9613316845091576,0.9065914981601106,0.9798438870467414,0.5730201425282498,0.8861525987946767,0.8757069166396432,0.9973227333491119,0.6719947779643543,0.9673861550707593,0.8753669636539497,0.9976291556185949,0.7863482561644601,0.9812417217971872
1156882,22442269,1,0.2988961440886133,0.9837203235047487,0.3924390737116821,0.958112706380306,0.29466261368280366,0.9594298839139499,0.2870853107671365,0.9030136798513566,0.37066214070941633,0.9203960177726528,0.3401820940181075,0.8690638372531801,0.36882992661921876,0.917122101643823,0.3116461268361743,0.8400334229623239,0.33707904912102454,0.9654975325703751,0.4510840980085191,0.9516120318129505
18657526,3633154,1,0.4710676109676512,0.9961443131795368,0.6092312221107454,0.965874171480538,0.38740415523982397,0.9892228265668129,0.4388590051206659,0.9531929506121479,0.5868235109840726,0.9755919676024438,0.4716613849555553,0.9318031658679327,0.581509414966605,0.9758912511363813,0.4772108876706078,0.9335752325883532,0.5530494539467112,0.9853992634202219,0.6336938724773817,0.9571204575696154
21461424,19752872,1,0.46888210179719153,0.9978961760609107,0.727502035436183,0.9662133940441233,0.4395196969691403,0.984335569204057,0.44915543949623915,0.9612026781605087,0.5626105043340951,0.9874310599235774,0.465304906105217,0.9520968627780925,0.5871658654068097,0.9833740644630281,0.45701867292453846,0.9422754987917371,0.553004073632392,0.9945231420333054,0.6980784506893511,0.9713804575492028
17999564,14650348,0,0.8826182734376177,0.9987020089678352,0.746096166718508,0.9818221934522313,0.9097335249471886,0.9902473178038574,0.5731269652532254,0.97197205063038,0.9290154916877738,0.9988009763445355,0.6773290428817995,0.9795350934589044,0.9141690465922375,0.9966872216449417,0.6518252843551859,0.9799205688494709,0.903699770642191,0.9990087828649377,0.732733694936867,0.9788570379241827
278685,21456137,0,0.46046902329119316,0.9952173269382686,0.6271592049099941,0.9692985653618688,0.4047423197334776,0.9971907844533917,0.3836373823496493,0.9387571217620487,0.5759534825581584,0.9813666364348004,0.4595438601865671,0.9487997296850985,0.5805774961944374,0.9828655101556812,0.47221934363964435,0.9434004579421952,0.5248909990995055,0.9967036017949679,0.6170607762820385,0.9712702358010767
19251430,7793684,1,0.8353058077473361,0.9968852920664888,0.5870018484126585,0.9727583738338897,0.8157959631384323,0.9957867158139152,0.4170975432078232,0.9646209754043539,0.9031779045624375,0.9979045429526863,0.5594071939925152,0.9724646049840069,0.9047870243761732,0.9954524885687736,0.4992684656594283,0.9669739811344605,0.8721431078845998,0.9963790642060462,0.6413438681711074,0.9809384945040843
15520770,1292366,1,0.4851831151750621,0.9958539806290382,0.7582387920869633,0.9785553292679167,0.4669394048489474,0.9877137157602699,0.6039650080267085,0.9744281491669841,0.6268046433054241,0.9950179660854154,0.6601591923408006,0.9611341180950452,0.6403382344279956,0.9911865646920375,0.6352012160996641,0.9282775572606914,0.5699262004868519,0.9984512056018472,0.8028305081696487,0.9853246953447001
16366790,16061198,0,0.8687940520565081,0.9972306477857023,0.6999417057101163,0.9745220211052567,0.8300990991405465,0.9963780391067312,0.5484334248431924,0.9715869413376207,0.9300775143354104,0.9843310684587421,0.5639684493763648,0.9159343128486316,0.8935592995347524,0.9968069913664477,0.6377218281190078,0.9692845383149405,0.8931947092785901,0.9987663829076862,0.7651154132030249,0.9765361394186391
8300620,793635,1,0.44201205769986546,0.9869728422062628,0.6198999808315864,0.9632121616512488,0.3185555569559354,0.9936958235116835,0.37665525880448536,0.9125778967280432,0.5032890225581271,0.9781388177458464,0.46702109450923046,0.943700141611591,0.503372854638998,0.9781387745751088,0.44035590339486075,0.945275876168822,0.5245704581905474,0.9829541629337526,0.6596002525184491,0.9439897667091601
22328848,20586748,0,0.3831176231267187,0.9931597440516918,0.6645714606507558,0.9699835165665444,0.34867571202130604,0.9954115766852429,0.4575360112390323,0.950730442791926,0.5459167305370134,0.9741232658089576,0.4587681265551451,0.9031007262908403,0.565648371836965,0.981466104926089,0.5048935925852549,0.9353008263443864,0.46807895917366005,0.9949648463204005,0.7089583945307085,0.9746179414262017
744368,17267680,0,0.48338151295383525,0.9909662878558285,0.8251774431119306,0.9666052713775829,0.4319074670471071,0.9876464069529155,0.7697672410790095,0.9712357267460258,0.6637387959967624,0.9824706022559917,0.6361562810283043,0.919152964554767,0.6193423220494543,0.9916634706141901,0.676378344272366,0.9401516746182335,0.5638540136223782,0.9920881011186884,0.8302541264196618,0.960128996429558
10113882,2746011,1,0.41580262292858905,0.9987318964021065,0.6482299274407847,0.9547067239654223,0.4864724196640695,0.9817225352280851,0.46887045778004544,0.956078457104129,0.5397277771960158,0.9875276973332905,0.5399303591835354,0.958161149080292,0.5567420744571683,0.9871605616213168,0.59936113093253,0.9541760897934065,0.5060855729293482,0.9938595831744075,0.6829544219571333,0.965462871492426
22617428,7215887,1,0.5798084930541608,0.9985310917914603,0.6366927745461837,0.9767837113992389,0.4792763755378266,0.99778530580295,0.34777788165848755,0.9480648517353849,0.6062005429054538,0.9847687417127484,0.4574890055912427,0.9579463521440649,0.6219734429683967,0.985604630307976,0.5464552556462525,0.9525135144066663,0.6438594471840997,0.9972493858865658,0.6863678735896933,0.9730962604299538
1022820,21956399,1,0.32208202352713067,0.9988381161168042,0.7727031273451552,0.9743480583327799,0.31664842971467577,0.9949231009120785,0.5806148780963534,0.9670189582141134,0.3918235761650771,0.9911489272566728,0.5672925942646503,0.9511102073055645,0.42499527336737014,0.9868335058771528,0.6219824492892054,0.9604289118087427,0.406160083865598,0.9940520318313721,0.740573398474511,0.9768734882824868
5402254,8384539,0,0.5708509106438138,0.9900105331636826,0.5700176163146716,0.9075549689387434,0.4555954821425867,0.9967167799072257,0.3881469481936499,0.9600816002119205,0.6134257742237158,0.9800352192558921,0.41908499690495904,0.9455635601921388,0.6498714341283196,0.982482068244628,0.4351799677664172,0.949002817887132,0.6507014108974624,0.9947436557934147,0.6123532984838362,0.9568359069177592
2168607,22495693,0,0.3600138255981866,0.9929529643768584,0.6469983740006328,0.9635489606944139,0.339477191489361,0.9912130514741483,0.4427465467349425,0.9576685392640303,0.5070235646640455,0.9720611188091345,0.4762887645715169,0.9175696909244302,0.5063727544236002,0.9797643928818213,0.5172393948640508,0.9480606190916332,0.4500080915135918,0.9881255509866028,0.671931517672242,0.9769452848596712
18400649,9563,1,0.4063467405868896,0.9987235570577474,0.7399049393358699,0.9750262704649629,0.3659529530248407,0.9985766081061657,0.6882897226624236,0.9829727934231045,0.5479505207350454,0.9934591461152532,0.7310282265972956,0.9545100184734615,0.5358911944127613,0.9931946493789,0.7237440382654535,0.9454417517434305,0.5125138443185113,0.9972433397717394,0.8063654833177061,0.9835780272515695
11238287,15972030,0,0.6222295710770184,0.997827217991915,0.7419871761384202,0.9776668955932514,0.5936372085898708,0.9959437294517757,0.5588583803091713,0.9688465922163576,0.6898003309184596,0.9959203804626328,0.6661090139697625,0.9721067433772269,0.7294222462399215,0.9927536934442003,0.6751466325354841,0.9555035795434181,0.6948218088564869,0.9932788157284264,0.824652455704107,0.9657921782394634
11939185,18287600,1,0.41531251739619923,0.9961687072017583,0.6992086140528899,0.9744751459575932,0.41469418675753233,0.9818330158573907,0.36444823539758053,0.9452916910341529,0.6221431981062472,0.983161973212766,0.5373908320460705,0.9421536939550067,0.6020203182526864,0.9791835407296274,0.4565680022560128,0.899079647960211,0.49829330102906727,0.9948726771649091,0.6546154929512521,0.976754659656613
16250771,16164368,1,0.7776530548343338,0.9956182531171319,0.521534296658715,0.9652551943324861,0.6858143204970204,0.9841924086000928,0.27791671241826144,0.933572596669424,0.8041634939651393,0.9916148050954711,0.3399914723393649,0.9237699877924362,0.74718694421569,0.9870801497440831,0.3246529181823823,0.9500671678658811,0.8205304138983898,0.9944339505622399,0.5003769794522741,0.9626604260709671
23677118,22122895,0,0.3828650049001118,0.9855947878200932,0.46583471487565176,0.9079554642454833,0.4137523587004607,0.9688441625344755,0.3437042505643021,0.909631617599128,0.5528821567393969,0.9743559785400134,0.3763156203505327,0.9343751572657238,0.5533597343525565,0.973646279379116,0.32347105296515477,0.9316558634298848,0.47452082811686763,0.9916845358348358,0.5441485554247789,0.9280390048831609
1089238,21642217,0,0.4187659382615385,0.9978689875953822,0.7564479335793385,0.9744745151606271,0.3799530774397283,0.9963495986238206,0.6122318200036487,0.9761552858442776,0.525852498174398,0.9909465580340243,0.6736428717220584,0.9723638524909203,0.5689483027085438,0.9885276058615202,0.7335119540774628,0.9599226938582608,0.5214503945358556,0.9951306249786687,0.7910590650934107,0.9780720522910595
594052,10158742,0,0.7279180264268037,0.9973576013420896,0.7450034537522536,0.9601639702029628,0.6512890811772177,0.9856397486816129,0.5777295106906262,0.9646190362620947,0.7639258940288833,0.987977387652696,0.5201491492761912,0.8727770376393883,0.7715921571367405,0.988690036314492,0.5945029768949783,0.89119235319793,0.7863506449820181,0.9995920654753007,0.8315984832419874,0.9742307642172104
14865741,23107114,0,0.3077114844325858,0.9953243052180348,0.7517091319826326,0.9841910004325962,0.30022804462466834,0.9926778686133029,0.4930872623381878,0.9666640707945056,0.39257112795027466,0.9703211213965229,0.5268909929414465,0.9046387409809253,0.39359216043891243,0.9710426823560872,0.5578732990595281,0.9114326196365226,0.3648848728777213,0.9904834745380642,0.7003965249944544,0.9743633740534943
15194834,6506273,0,0.8775163247915556,0.9939818319898301,0.5892852205651353,0.9423144317636413,0.7720585543232436,0.992224214068821,0.3559762595738075,0.9202128205416387,0.7473705271816882,0.9896650137696821,0.35109162873885424,0.9446097456271564,0.7445917674508681,0.9856764444257552,0.3426262453544573,0.9273863678598167,0.9018937307114707,0.9982762606544245,0.523551619215773,0.9685411772689813
15002153,4505945,1,0.31395905731638024,0.9935001651259558,0.709248027796942,0.9509467694650338,0.3073626111410393,0.9906855764356387,0.6439425538654896,0.9747886621816957,0.48618269211060927,0.9781298618631673,0.6070047537227372,0.8892212049290329,0.4546472533463404,0.9746070455799102,0.5276958839233817,0.8309412158633528,0.38203121640600474,0.9969837613949336,0.7783936420387788,0.9672448010771242
20696809,4612220,0,0.45778150678845536,0.9940476510747956,0.7592374402819895,0.9482830711749588,0.4186657212588191,0.9947118757443069,0.5122175580898025,0.9643732312769564,0.618990945508565,0.9879430535981025,0.603009658308296,0.9532245512167925,0.6079863621189991,0.9908941898213353,0.5686211419725609,0.9629182404125222,0.5538378349011462,0.9980417758855309,0.7304038784101071,0.967498604467089
8883154,15810441,0,0.6257981715906604,0.9907882474043543,0.47107891448230255,0.9339543795301604,0.8317008855279363,0.9845700928303452,0.35609283367539246,0.9511780400092434,0.6775549306826671,0.9860980169900231,0.4085495694259744,0.9516588939238724,0.687914505864846,0.9825679136083404,0.43713738755229603,0.9456007378977582,0.6849983081619684,0.9934063888040057,0.6386529683525276,0.9575338966216844
189777,12821749,1,0.36053053081643327,0.9944609272801134,0.6899519000234422,0.9731301984204951,0.31876714835917447,0.9945124677080781,0.5885195793676732,0.9577811303082843,0.45392856596203685,0.9930035955170653,0.5774048742116589,0.9474225411181386,0.44578691469075993,0.99112150408992,0.6424897468959889,0.9603449769613631,0.4618318361759433,0.99242130088646,0.8172151621267281,0.973516463404106
14556892,7093301,0,0.6665843565715696,0.9976436580346439,0.6743665952799408,0.9730584980203564,0.6979527179425967,0.9970147453727735,0.5121319434837296,0.9669560468514562,0.8372142365170139,0.9940383758470003,0.5467290404672237,0.9658966836794776,0.8123508113431438,0.9891848582965472,0.6215682980167165,0.9350627526962086,0.735423850216066,0.9956560187967336,0.7560773263384543,0.9801150645515968
5198625,1965036,1,0.6506011872933967,0.9933149915106606,0.6297940046355676,0.9487416581125828,0.5822006587611338,0.9916473235229448,0.7870150571636535,0.976298417604354,0.6767751242317591,0.9870519140153826,0.6580626265517205,0.9231305239096547,0.6858576962007128,0.9983422402498028,0.7441806505362926,0.9671736679601629,0.7184897474416219,0.9982171399111254,0.7764500894920519,0.9759864281784932
23677112,15372362,1,0.6050159000052678,0.9978346400408676,0.5745032207575818,0.9735887329800406,0.5939755714294312,0.9899979380561535,0.4526304856809287,0.9577453025221775,0.7478022521805329,0.9917883414255899,0.5690614237912945,0.9706712779809867,0.7559065693044491,0.9903924611037667,0.6366023514137467,0.9602774394234026,0.6851988820706536,0.995854588201933,0.7275871585192586,0.9847494233087786
7034069,4776985,0,0.49714280556321216,0.9985073493454233,0.6517834667438603,0.9636597250128723,0.5358711878375555,0.9944075589812728,0.49851477571423397,0.9645034509207178,0.7133178668887513,0.9817392279065847,0.44734014079061213,0.924199762600524,0.69493464379394,0.9872788225252328,0.5206975137525142,0.9447862228633531,0.5827575598189337,0.996825358937455,0.6283962249651573,0.97269234770966
19338729,18600879,0,0.33139767014774874,0.9953245949754036,0.5984926577283962,0.954425261753748,0.32327857182574726,0.9891604614593221,0.41148678374699765,0.9569600518467929,0.46066977057445246,0.9715243364679652,0.5466185893382531,0.9418899497616959,0.4798297387812669,0.9682923342626064,0.5033409711193666,0.9245681693295689,0.4367684036205171,0.9897797004084843,0.6957600431906237,0.9701605252121932
19416288,323161,0,0.7248785660519391,0.9965098673953408,0.684650171011778,0.970692367152083,0.8167123406652322,0.9898461718303745,0.4651477717678778,0.9595725361530543,0.8855989009431817,0.9938850382131182,0.6071051159667963,0.9490976603547496,0.8882081848821746,0.996674831685082,0.594517199733084,0.9519859108812934,0.7847389477837463,0.9965470522496427,0.7523265733432987,0.9745633674424903
22043834,18880071,1,0.771613988657395,0.9957342679612913,0.7440979089594779,0.9788288033817711,0.9475443155437312,0.9729017052119882,0.5633181412565467,0.9472032732552069,0.7991825681203023,0.9910022352888552,0.539005762169616,0.9456782207705695,0.7987464850045206,0.9976168753100391,0.6075419283342385,0.9456642065429828,0.8162304064217278,0.9954222535718623,0.6835127320970461,0.9571085072927693
18880060,4471000,1,0.5930643362543889,0.9988290015076924,0.6748081120279674,0.9742515425332052,0.6675144514147927,0.986016162682494,0.4817782705513799,0.9518111785407855,0.7817686143688009,0.9824310709311211,0.5343374384468029,0.9040219535556789,0.7959489919842686,0.99410478599079,0.49193762182015977,0.9558012686915633,0.6556179355747875,0.9912930077719707,0.6839841749937063,0.9529195610601411
12577673,22608103,1,0.46212264550446325,0.9979965954446434,0.7606525680452156,0.9776653563247119,0.3668809346757414,0.9926533904178017,0.544157141699326,0.958700062062698,0.5390562144960128,0.989045613772143,0.694281555549167,0.9650662646921327,0.5378774228460765,0.989952925752399,0.6429101194824105,0.9547440272899346,0.5481005911061206,0.990759841464141,0.7899592466361772,0.9672987836259638
8854731,14577834,0,0.6192786195210955,0.9927686834717954,0.5779825166129338,0.938589293790193,0.6707912951717675,0.9896753225779149,0.37027648748898834,0.9434723827481322,0.788526232283881,0.9914257213961571,0.3403783988973229,0.9348783421250904,0.7977282318567781,0.991227281506971,0.3863320988113691,0.9308404840047653,0.6800851797193894,0.9908275955439966,0.631996804084932,0.9434099201391632
23597499,19251429,1,0.5896338570828963,0.9875529915075647,0.5814648864619366,0.962634154870875,0.7679624181091819,0.9771017653377531,0.3364841184135121,0.9085737159159457,0.7485841630759478,0.9899104525359856,0.4549748707806833,0.9508131301020744,0.7636348498308588,0.9900615737950232,0.4697820884541809,0.9510610246404235,0.6566712388701762,0.9946957137925153,0.5568877552562868,0.9592190613743432
12903179,17573144,1,0.29789645814870624,0.9979397070121651,0.6746762891185449,0.9616888094551854,0.2975530115900705,0.9951705201251906,0.5645126053008612,0.9662752540469847,0.35225100360086176,0.9828094904089484,0.672628675088476,0.9571292245683803,0.36447209459566055,0.984048781635653,0.623445407996747,0.949023893534208,0.34040629017590124,0.9962385594485341,0.7704637440924329,0.9817997778880675
14757208,5174084,0,0.43937000655213027,0.9939927129068395,0.5877454265550635,0.9686491699266132,0.433393670773106,0.9872123100708059,0.36441319758926016,0.9468148592711346,0.5519744385059348,0.9739018580195279,0.4153755026654221,0.9352313923779112,0.5665786616317412,0.971453710202953,0.43311915117413713,0.9234401243831273,0.5260512663365043,0.9874846075429732,0.6274574581294259,0.9565959403722927
15202805,1490117,0,0.41287755044888663,0.9975489027952045,0.5005235311056997,0.9212959322500467,0.3846278396703421,0.9857601776082812,0.38990418171225383,0.9513741283297474,0.5444510083874387,0.979611727604453,0.48439428828654607,0.9313076354740998,0.5444510083874387,0.979611727604453,0.48439428828654607,0.9313076354740998,0.5026283624082262,0.99099199794004,0.5659186368275685,0.941819138507859
14090536,18417069,1,0.3789429123467765,0.9943387632187268,0.6561700317818764,0.9508046620910307,0.3759758635633941,0.9892031260044591,0.5197589329804659,0.9679664047531938,0.5088169290072424,0.9864895930025693,0.526579577755567,0.9590520854898289,0.5526588812209363,0.9832143943552186,0.5380361252669461,0.9242058170127654,0.4800849288165123,0.995219097670925,0.7265309909334248,0.9706096398586235
21295980,5084177,0,0.31028087412903843,0.994168100110495,0.6833049974129213,0.9723837861298086,0.30526548736122017,0.9983013242572432,0.434329396363655,0.9632282559440094,0.38987097108931806,0.975727803323678,0.5159353557230251,0.9085405137277174,0.41137719635212705,0.9761272974216637,0.5125724469873965,0.9137835249188521,0.37294343236387556,0.9905466134946113,0.7600666535345271,0.9752593614108432
2440999,481375,0,0.7131396550266224,0.9912468713971512,0.64446801584749,0.9602849785232311,0.8061889605684837,0.9926787997077406,0.40301745303944636,0.9552756678957597,0.7552695342288601,0.988105235679208,0.4112805234209753,0.920491056291198,0.8380656503211711,0.9912122461056397,0.4510767218808375,0.9190283201544995,0.7706624382143701,0.9887050990172943,0.7349784374405992,0.9456561642552547
16568044,19900641,1,0.33753133158221793,0.9961523854714938,0.5202848937381661,0.9403437424807979,0.3406683117585022,0.9645652918894402,0.3769548525434516,0.9267047675601332,0.4439942456513066,0.9547437169558012,0.394358337656871,0.9072572680589599,0.4509736818584393,0.9516986206358081,0.41173243509378,0.8931760236232327,0.4271214786598346,0.983536176037498,0.5368603445204929,0.9614981659203125
7839474,281097,0,0.7298691934748545,0.9964112559212411,0.6575135595055248,0.9703986493167973,0.8352742167836361,0.9987272035334694,0.519561667402205,0.9750033370682248,0.8672762730697894,0.98944942757611,0.5028290851322383,0.9333615169343552,0.9134461957256859,0.998476300932343,0.5452598952239445,0.9526445134823681,0.7732725090365139,0.9876547276682659,0.6831747458021906,0.9411875031069045
17363729,22207815,0,0.6294561285042106,0.995193799376715,0.6349061174139954,0.9710888067270506,0.586207561862213,0.9971936044981358,0.4926012735627374,0.9593724513410304,0.7673096272400228,0.9930154365098788,0.5316559841045547,0.9679265052871704,0.7663025155714392,0.9935108742676149,0.5197142415937619,0.9670251152038686,0.6999096132141573,0.9954562620256313,0.7129548421050373,0.9764897481677935
23564275,934048,1,0.356182044540894,0.9973881724384808,0.7058539042346148,0.9611317643691051,0.3765735081010977,0.983143347666642,0.8368424045690037,0.9668143091000811,0.46586403404595556,0.9913541431859273,0.6718880645729217,0.9415275461981929,0.47727675848076145,0.9966367535537637,0.7257430658045549,0.9751808081536458,0.45119019064792326,0.9981981270118333,0.8023783131926745,0.9826775279164421
16005066,22289763,0,0.3384452036815509,0.9954549268248917,0.5852816572265453,0.9597090850887752,0.3432626226336887,0.9752202030462838,0.4142852862219045,0.9436067285240733,0.4548763525836933,0.9753172682996073,0.4748738897305974,0.94317119063223,0.45861157399950103,0.9688470751373254,0.38893699106739654,0.8991569807397871,0.41923670278470804,0.9873035607632078,0.6439154391749435,0.9628648310180054
16008963,8250730,1,0.40276027013942134,0.9934851188950408,0.8162223853644978,0.9637216447038208,0.4090512198870244,0.9857900304244617,0.6190919236846772,0.9636362571971501,0.5041115426563655,0.9853732715170511,0.5973780960794579,0.9627433523942039,0.5384596044544319,0.9878219810232681,0.6456263281893859,0.9604870215903295,0.505040301546244,0.9927289087618612,0.7981763503071229,0.9678043296973822
5854498,12101435,1,0.5810942768973572,0.9946299999574565,0.6722678455990068,0.9637908033076498,0.5795216418185177,0.9959031049200159,0.5355796791805251,0.9663313622907888,0.692157002223079,0.9858484311425768,0.5057495627164325,0.9452615901270718,0.7112398794446904,0.9924875224030322,0.63332788099807,0.9672603709841456,0.6434361558472537,0.9969487021575834,0.7614446048380987,0.9805520054311292
6432491,14058408,1,0.9510719411218044,0.9953590995641491,0.6726825934737577,0.9654470575224317,0.871623670012732,0.9954266012057358,0.5132899794274092,0.9686492297112965,0.8141611144354594,0.9879758138614515,0.39640577220661555,0.9420931000248639,0.920386824280114,0.9975484601783665,0.4858666392820128,0.9479060649116694,0.9711009963166473,0.9978985414597481,0.7482851253305501,0.9769328300049568
16454974,9499457,1,0.42008571608193485,0.9964722731504004,0.7195697857440582,0.9593382396719714,0.35213620710398696,0.9971831779308684,0.5557316532561638,0.9581746210441572,0.5056076971688462,0.9886889058468243,0.6477107790266123,0.9693472515410119,0.518181207940708,0.9893516680509735,0.6825123830536228,0.9558918641299439,0.5121702795180023,0.9980468249206881,0.7652525537214658,0.968903256517905
5112157,6548989,0,0.30242041601892794,0.994929971081828,0.6592101532838734,0.967850282568663,0.29644415997409695,0.986166894550287,0.4703102073737151,0.9559818963403598,0.3869876256064054,0.9763498628957804,0.5075723640016042,0.933086936840957,0.38591838618171687,0.9735404816888534,0.5962717489869328,0.9461053867656593,0.3566567472305799,0.9893842891909742,0.6753538250145278,0.9744595710422054
13376846,1162904,1,0.8568148857656327,0.994499891710053,0.674382458577492,0.9635603313532904,0.8853236018108275,0.9931173143549944,0.3493405615303238,0.9338099756041163,0.9514025057431734,0.9975879331260834,0.32344234536392635,0.9530640692194823,0.9544557880532393,0.9988643236648669,0.4081196960004515,0.9686913440264894,0.8874573387403224,0.9980619980782398,0.6026879564753301,0.9653783109224665
653371,9563,1,1.0,1.0,1.0,1.0,1.0,1.0,1.0,1.0,1.0,1.0,1.0,1.0,1.0,1.0,1.0,1.0,1.0,1.0,1.0,1.0
15228322,23188867,1,0.6841733125774395,0.9905785982174853,0.6460574963883553,0.9548109904955272,0.6893489120996588,0.9810449841440552,0.4871076737430313,0.9513725982606298,0.7881178375161512,0.9931977483889921,0.6008896329652642,0.9525454836517337,0.8091635480905616,0.9981980499761187,0.6025725635498567,0.9620720623747866,0.7520599157710193,0.998410945007473,0.7601916974898718,0.9693232984595805
12730349,9689565,1,0.7194795797458728,0.9980942190950826,0.6928363696274862,0.9730436528834031,0.8323948194512427,0.9928185311701779,0.40924763201877123,0.9470700951914592,0.7483924383341469,0.9902325416207698,0.5452030409609515,0.9650985244593853,0.779390537843861,0.9907660802116677,0.5616383192967884,0.96137713061896,0.7738650091754523,0.9960504563833419,0.7059017636429405,0.9774645041303511
5271061,6847452,1,0.42499183836904453,0.9946872797295214,0.7284148173933046,0.9461484572291045,0.4437344946578904,0.9906661081125175,0.6297373379772284,0.9788585601898792,0.5996864332040192,0.9891702884958271,0.6701565588817198,0.9207034051758256,0.607145193976761,0.9960129488258233,0.6398772549470187,0.9455495968071583,0.5157773633326189,0.9930474015756685,0.777990985258086,0.9536875699019924
11335657,6146146,0,0.31374458986149273,0.9959853211940815,0.5772582200726057,0.9738535792296391,0.3092538943652689,0.9769353189723123,0.4206926572679821,0.9487444846973703,0.43221085146252575,0.9647563841438634,0.4661594462309835,0.90388009763312,0.41824616908512546,0.9642464959715616,0.4194944117180842,0.8869044223097666,0.3788535399670954,0.9890872536713209,0.6124782511507448,0.9718077900062615
12543783,282431,1,0.30670433458979696,0.9914555291533295,0.623509290240799,0.9602400519987455,0.3016905021896784,0.990228863480128,0.5238760370696232,0.96908448472088,0.3981241007570289,0.9845054003075402,0.5509953004845574,0.9350133289755689,0.3976263211157773,0.9767943924514815,0.5337378665026065,0.8789537358469456,0.38001203693153857,0.9927588768849339,0.7104611765992155,0.9690077634698115
8612647,11319479,1,1.0,1.0,1.0,1.0,1.0,1.0,1.0,1.0,1.0,1.0,1.0,1.0,1.0,1.0,1.0,1.0,1.0,1.0,1.0,1.0
10151623,20623710,0,0.30688053641986984,0.9995574203620028,0.7778019476328233,0.98095576676553,0.29888709220470866,0.9953817089618476,0.6797493335363688,0.9807908332571983,0.3923051076902441,0.9913596907057795,0.749634180766646,0.9668804474860924,0.3963312016077055,0.9906932399942894,0.7217965588078583,0.9670879925443093,0.36526611979470475,0.9973236993726923,0.7957556078714986,0.9818812400076665
17292849,14175531,1,0.614487065757729,0.9983795585537398,0.4367439751059128,0.9689863205079552,0.6523013607104671,0.9895426928886035,0.29683083851543546,0.9325158589254153,0.7772625959378195,0.9832865763259683,0.3559762595738075,0.9403690105497751,0.7817770244886606,0.9833294667700331,0.31411174512403095,0.9494611575257049,0.6705543344711069,0.9958177471150275,0.5261742408828896,0.9752732179567075
15712380,18681935,1,0.4380628870227088,0.9893488784392224,0.7764282971264808,0.9487747366960119,0.3946925980993972,0.9903585008939014,0.5344689770405175,0.9683369668535914,0.6113397755306673,0.9892738548491017,0.5205783712616443,0.9614307516398228,0.6020905334906438,0.9871906535691747,0.5060864109498802,0.9492983834398375,0.5259224261277788,0.9964862496102048,0.7156283704001585,0.9562950046606057
4959517,2520215,1,0.6549090612636523,0.9982748367405027,0.5205889435241493,0.9713992204372742,0.9655426331493799,0.9817637649789684,0.4249480548430661,0.9474658608170752,0.7060870515156187,0.9882099880732125,0.443455810914712,0.9286345072063336,0.6923305836678918,0.9870689615503173,0.42874625246363773,0.9343991884867077,0.7172885386919401,0.9892216006177662,0.6765740288075657,0.9693940459351182
10379908,4404642,0,0.31582497325670444,0.9902646123330796,0.6921684402162169,0.9637043759280368,0.29912925522570427,0.9951559618870774,0.5385136075554349,0.9698222456866259,0.39291687664323316,0.9818468631527001,0.5668548745705249,0.9307410744473574,0.39906772793778184,0.982855962008299,0.5732471873920696,0.9365231270091755,0.3818786167392696,0.9905117123648179,0.7828534936672454,0.9595659078951105
16192368,10271560,0,0.6449766856668314,0.9947223337446043,0.758878472075061,0.9519857280045453,0.6872289630176822,0.9944395380435829,0.4864432641859583,0.9626860430197701,0.7975756258755883,0.9928850561074809,0.4930698935603608,0.945740886485655,0.8293183802063427,0.9882290175535409,0.5490993630417424,0.9212198044382666,0.7147272013212443,0.9923615984842994,0.7142002987956471,0.9555869731146381
22924617,21807527,1,0.9088201627798875,0.992484533628148,0.5474665925932692,0.9256170127164512,0.8454824023513958,0.9971199227045732,0.42553235547778434,0.9652636500382158,0.9619496010848575,0.9998554371688508,0.49595950445157033,0.9606071375576866,0.9537598817238692,0.9990513865191717,0.47778602992999586,0.9646000811521597,0.9373351750624652,0.9946074468441581,0.668708957484897,0.9560543550911071
9980885,435331,0,0.30243849115984733,0.9962347666750061,0.6997766288291358,0.9831464508221647,0.29830808195019604,0.9866108211806282,0.42303445479183455,0.9462133992579523,0.36760373823937825,0.97210037874894,0.4097154734563371,0.903777922432388,0.38025212228000904,0.9664446590357916,0.4136507801440743,0.8939237237767195,0.35804248680922185,0.9800718239451884,0.6696002180717437,0.9429805175407354
17404914,7409728,0,0.6912784388612524,0.991093672240762,0.7597301798190959,0.9533286799470092,0.7608578229588824,0.9937420626951906,0.7566590558566064,0.9773962808655032,0.8203361298740686,0.9983365522162742,0.7819143112874674,0.9677044583379495,0.7950573262970341,0.9981478695066135,0.7914600642735268,0.9811949517514199,0.7496303869886539,0.9968044416855383,0.8379127642787588,0.9749639953983941
21016411,1235581,1,0.32005592674121797,0.9975888782389581,0.7059786661170739,0.9683843624360766,0.30487601877966086,0.9931135034275074,0.43716177946348234,0.9560052463891432,0.4679346478209863,0.9838863177455023,0.5955388416670085,0.9532152228691353,0.4664142764484228,0.9842179142811162,0.6063850332625742,0.957688663966602,0.41498493237771505,0.9939814723503984,0.7640045063430886,0.9758234858890115
19925085,12048547,1,0.5625319288459053,0.9987870132163106,0.8154180050374287,0.9877749017587478,0.45891981680089694,0.9976995886064974,0.795846516202529,0.9802986219679022,0.6191506787422976,0.9986653215329365,0.7891800186240814,0.973954095927675,0.6322359663641918,0.9974115709192377,0.7651319507072356,0.9608394968963896,0.6329154340769038,0.9963749414674689,0.8831550937058424,0.9814570369773696
18539809,1327097,0,0.8255753765455629,0.9992623852645723,0.6810453483862358,0.9618256535542343,0.8366989363817651,0.9896634648804,0.5623255811432751,0.9701938436533172,0.8834166104589115,0.9978879785209754,0.6285595724352349,0.9774738898591369,0.9025283816453201,0.997421319508698,0.6332327363412281,0.9751933814158168,0.8602567813590262,0.99947148782579,0.7555429186623213,0.9832464584604005
15796324,4569313,0,0.32245721758686496,0.9872115159231709,0.5394818537497785,0.9646462266663766,0.32307461766017903,0.9829498436053936,0.3893837197609987,0.9520638823982,0.42927634130906894,0.9645934538683358,0.3954214243983576,0.9241569991855277,0.45376046703073136,0.9667797402884065,0.4660772370797507,0.9156485222299405,0.39246380894803345,0.9855502366507424,0.5958495591196281,0.9563046478759316
7169017,6245929,0,0.7639723309920189,0.9914244159083752,0.5098798668970156,0.9334058023504005,0.5350183461744183,0.9923371169694658,0.33695262482862864,0.9373484570772537,0.720162978552521,0.9865484794843326,0.4059424247574823,0.9497966052093707,0.7198574824454067,0.9851284025915471,0.4273940465982633,0.949556917926082,0.8114226352329489,0.9935094105558062,0.5251237637450035,0.9573409421573968
20641594,4562924,0,0.6144641808752946,0.9986462320838068,0.6755964505855031,0.968946294760121,0.6169617913439361,0.9916694764520315,0.4190762815621446,0.9506102155466737,0.7512719320070691,0.9875267117107478,0.3964331645363328,0.955155667094699,0.7133580354736279,0.9883548304019545,0.44777339446007236,0.9481329976614347,0.6793232291907062,0.9970737657350842,0.6765050846268619,0.9769311818595202
1528719,8612648,1,0.7539497155371226,0.9973887821478354,0.7165918577031185,0.9789903628922011,0.7138063091160972,0.9970342295567622,0.5079415093175869,0.9624757479852671,0.7992006465401076,0.996245355170373,0.6874021342873735,0.9696425256927821,0.797798080976857,0.9949303551084341,0.6320158312307756,0.9788832642910171,0.8010347161945769,0.9935387297682355,0.7239939217183623,0.9780695754974098
16157869,4364579,0,0.32145519478970885,0.9917327220310235,0.642944980684055,0.944661181877491,0.3182263519389108,0.9907297317078546,0.5395742874802338,0.9706926965700869,0.4389358204580337,0.9795136492757465,0.5561136159717203,0.9503333911551196,0.43879444204518636,0.9818490581389542,0.5695788578891939,0.9518331517940573,0.402120633343676,0.9905269020473972,0.7098764550701775,0.9498090073834382
1676011,2241900,1,0.30900828651253337,0.9928503244977491,0.6630834738309503,0.9698502529829499,0.29890827626287364,0.9895043181180537,0.42061710661557283,0.9585706684236353,0.41787486285187136,0.9742659305269821,0.4950442922930576,0.9517540540351015,0.4242444194814126,0.9715394919166652,0.5049262766993607,0.9347802695605645,0.36335040681327074,0.9928020220956676,0.6224120714788449,0.9695600563176965
5665159,1037968,0,0.5863868390751564,0.9958954325936994,0.5805599685254134,0.9455353453390334,0.48360598231026813,0.9865838422068905,0.4726422141719112,0.9312817632604056,0.7043785272372712,0.9903666013943135,0.4807567605717399,0.9554377348231609,0.6817611930053946,0.9877072347101777,0.4670074182391529,0.9362891898339829,0.6574471407357734,0.9960950370435073,0.6790456333484511,0.962544158412563
7034069,1428038,0,0.7121024521133617,0.9980414276200125,0.7186921309925349,0.9741381742510001,0.7337983335998625,0.9949650586321593,0.5870173105841732,0.9730806483480824,0.7991714020442061,0.996637205535703,0.5145967724831001,0.9556349787080742,0.8183497435959306,0.9981484744056118,0.6454924571092919,0.9660260099539707,0.7688228622383116,0.9985204498232706,0.7798181217997853,0.9834069256542056
5562616,2711577,1,0.8831138508147536,0.9954087563511997,0.7006792304387548,0.9571180417949269,0.8572345810327797,0.9953063065555977,0.739543494136857,0.983247744727533,0.9270529676981987,0.9968991639485232,0.7539039213982694,0.9682282241675448,0.9337148053707319,0.9947640867990131,0.7099875215017553,0.9532504478266324,0.9088633975102078,0.9992639569344504,0.7964198655640434,0.9722810031029464
20185463,1831677,0,0.7628170872973717,0.9980057685960665,0.6973436342511221,0.9685316162380874,0.8928376495601652,0.992115623989587,0.4714816188413887,0.9714946902346564,0.8284976746295476,0.9925258678998857,0.580213025397295,0.9540912636395054,0.8686184798441773,0.9941375223719647,0.535016069224813,0.962768700494854,0.8080317000381709,0.998227690506303,0.7451399570950592,0.9828367628782253
10516730,9720547,0,0.34127738307419037,0.9982145707021224,0.7562031328146552,0.9773554951516702,0.35054173009847167,0.9933291066459278,0.5129552176442931,0.9691058805964303,0.49548814788797474,0.9893394291068731,0.6015119912309854,0.9700031649506582,0.5149147441106842,0.9903037408131933,0.6941548910120905,0.9703296512854626,0.42897706614940984,0.9968683813687836,0.7370207604773809,0.9816062470692963
2177544,3024981,1,0.3167590580305291,0.9904783480835535,0.6269798875193902,0.9115375981218089,0.3054097246269781,0.9736366137103922,0.408153216142481,0.9412248567675271,0.3944366078940594,0.9649820069322494,0.44294795797050135,0.9145129179147293,0.4005111903469085,0.962549235848121,0.4367525341178503,0.888490252135061,0.3911575051007904,0.9872424448421281,0.5714577678757948,0.9275398146638555
1126225,20926398,0,0.3120833394244468,0.9955587708672073,0.7087786182615183,0.9741835078705408,0.30339667281452354,0.9885868569349286,0.5140749306303626,0.9351650877376776,0.39228664062588436,0.9894837563419762,0.5998727546367596,0.9226605528112556,0.3974676519817788,0.9831633937041961,0.5991693178227208,0.9144806939419816,0.3818087293025463,0.989825769106564,0.7323036606463023,0.9700455723277772
19147293,18417069,0,0.9092498636832924,0.9898890131887429,0.573902758932098,0.9654359610091441,0.8450305932076311,0.9894912398073403,0.39346750821777654,0.9601831643104548,0.8805384986258037,0.9966498819602873,0.5387810171395997,0.9454329670489018,0.8403166032305472,0.996263656308839,0.47634306251339664,0.962193188111437,0.9242290332696238,0.9963137199718994,0.7294002799785508,0.9661323472599387
12214889,19392665,0,0.5969522827822656,0.9904745424639286,0.7059371820045003,0.9476612134478803,0.6078629100582399,0.9847709001733159,0.5922035930965432,0.9492962895992353,0.6655267556952102,0.9942751319220857,0.6553287976151334,0.95199413585614,0.6906694842416164,0.996419196363926,0.6484357007902943,0.9681293344668472,0.6793605505988534,0.9974972484660689,0.7413628346014778,0.9707302560759634
13048963,4505945,1,0.9521031171137423,0.997500065617901,0.6954877623894749,0.9765187972226735,0.9319489504805887,0.9970523412925923,0.49238936293122837,0.9578853645096519,0.918641535473134,0.9912157915315878,0.535146857488491,0.9406777548532602,0.9179645989552052,0.9913695323662804,0.59711342624307,0.9389781624075947,0.9612209578672869,0.9994481399913371,0.7740477358233386,0.9822001455700567
20870396,6480424,0,0.669274573533537,0.9974599101870303,0.664126612040248,0.9645022935887658,0.573431264771642,0.9859598922978823,0.5057224603615521,0.9322574404528379,0.8929293710303415,0.9881787883925877,0.34478813450722035,0.8831597434715776,0.7503298233843644,0.9914560825647742,0.4177632054781131,0.8793315727758722,0.724421343575728,0.9974620792690644,0.634543908273929,0.9722787760891516
21570965,4080688,0,0.8947156498593599,0.996300897281581,0.6143175970685293,0.960072289460274,0.9220764801735075,0.9902409749645126,0.46003018695143605,0.9612287713320726,0.9179814257078326,0.9984328232212024,0.6197130969144788,0.9732762918657497,0.9199856131193271,0.9985101869905214,0.4987683906077266,0.9725443605392486,0.9198224105109127,0.9989537362005584,0.7351305238479087,0.9802324787922717
5439181,9403118,1,0.3803215812878415,0.9954767369078436,0.4859786195243312,0.9462384919137438,0.3822919816367476,0.9689587272850393,0.2902936502895175,0.9348877181817231,0.5677326854225367,0.9690067674949475,0.33647553987527434,0.892971270881756,0.54932289020858,0.9671196863277546,0.3788434874915507,0.8769311873860853,0.47671445450236355,0.9903772813836471,0.5354922695240062,0.9703403704711691
22911141,1490117,0,0.5826283921945918,0.9928710583679996,0.6166300739365848,0.9435769290593087,0.5974679024324543,0.9814532792758034,0.39266324416791343,0.948522837041003,0.7034607440948721,0.9878505866073538,0.45963137697463063,0.9590941585231637,0.7152047776691708,0.9867043782144533,0.421007843663707,0.9411978007197375,0.6541217995200024,0.9963344896760913,0.5927418264249376,0.9548085199214259
22224116,9540845,1,0.456247747431236,0.998030229656711,0.6124643590911714,0.9462245948282719,0.3666455591358486,0.9880929891081303,0.44832379925829036,0.9572468767507275,0.5468667312454113,0.9812652652017745,0.4636551611886207,0.9417540076671875,0.5336207937780133,0.9809823398264891,0.4951930660946512,0.9398289831536544,0.5369403140862805,0.9974990292934988,0.6757588158897136,0.9626758671438224
13026685,488614,0,0.45326869285044014,0.9971609490150257,0.7884225206740941,0.9771244689180695,0.369337763709342,0.9879066333488149,0.5945054437916479,0.958521055570086,0.5818206553639517,0.9899375829718388,0.6651967533033789,0.9522803628385548,0.5639649515048082,0.9868915244400662,0.6070118821789217,0.9265828992689287,0.5394257319096147,0.9976929810737127,0.7847030658350542,0.9839992236963281
15759378,21162921,0,0.40726866891023256,0.9969137188725707,0.6251080952331345,0.9469139863567031,0.4020992231878014,0.994082799110956,0.45693433900884484,0.9501801117669922,0.604023985778853,0.9856634815744137,0.6472394074389426,0.9414148559724111,0.601822488788317,0.9908099401717856,0.6319425230021143,0.9601036087914008,0.5004217347515019,0.9955991104657178,0.6580611711448889,0.9560155559104663
19322912,10628604,0,0.7712877041758581,0.9968180157714743,0.5854902946360425,0.966631752125348,0.7869141996766905,0.9911485227026984,0.5375142358395861,0.971421170282646,0.7723940602455708,0.9921902628468972,0.5839148394720883,0.9556079736305566,0.78646303412696,0.9863754196126243,0.48934496754395196,0.9301332648917452,0.8224292863656449,0.9926503628205471,0.6567027792164608,0.9652950425750941
4209926,7669917,1,0.6060423947287374,0.9932242915382126,0.807889875994756,0.9698764719392193,0.6484543022541377,0.9951049549327966,0.7346366515922721,0.9719450990150988,0.7520926308397491,0.9940630869183007,0.7448159363305216,0.9531952304863281,0.7436375486402657,0.9942624929268612,0.7266610278530887,0.9598764230582524,0.6766723206879556,0.9962044021165933,0.8635201429863061,0.9839135037996272
4228617,2520215,1,0.8111902517339056,0.9966065863359508,0.5144344940772625,0.9680825516340006,0.9067469092921691,0.9930649492494261,0.40833017746945466,0.9522238043052232,0.9158733920831972,0.9978328740267424,0.652449275537304,0.9475624286395937,0.8696505945688977,0.9971413969490617,0.4620755823573096,0.9474478677518292,0.8451256419905355,0.9987087095376461,0.6855842486668335,0.9787030970982704
17713680,18098931,1,0.8039123462288085,0.9955384390913873,0.7442262946592846,0.9702059144298268,0.8765266129350677,0.9982018196243128,0.5388097544360599,0.9679451640817716,0.8454029372782151,0.9855176964127818,0.5349846065551382,0.9407582210762326,0.9112530628716634,0.994999749503523,0.5408611656354925,0.9598481056897715,0.83931228563635,0.997673382525051,0.7639541398639278,0.9796875546460865
16116703,13927065,1,0.38290951019800495,0.9919292980486416,0.7013938187886897,0.9438513186255932,0.3684328458653564,0.9841548726656169,0.4165928260032262,0.954582224485042,0.5174746133760293,0.9877066296392841,0.5255677627240589,0.9163381776045306,0.5419525058437463,0.9833234074942441,0.5318654936492107,0.9587801397207111,0.4652044911275051,0.9928612303917252,0.6853771571349119,0.9416355319355182
19191608,1730524,0,0.4667555608177182,0.9861778930660576,0.6822534336207662,0.9503704150138083,0.40640889052805146,0.9976306058147919,0.6103490495168162,0.9730817909868179,0.5673152488093959,0.9804632875531729,0.6046942760657028,0.9139229650470062,0.5934713885343579,0.9885078518613789,0.6742374396507745,0.9421398193955094,0.5527086859074533,0.9928220829752524,0.8015328209383039,0.9615835852332303
7667,8250359,0,0.3279782417616871,0.9968125962169346,0.7593437700191485,0.958224690170349,0.309587543146954,0.990523596579591,0.5744053675540228,0.964503057758588,0.4369034781380089,0.9926934692291295,0.6540945820713207,0.9671144839002828,0.4312490717241159,0.9869301085866783,0.5567822000036459,0.9219370666596677,0.4193148740408182,0.9964979286599009,0.7214542919855085,0.9706212618503605
922376,19014667,0,0.8606789189717907,0.996357429824865,0.6845705435956082,0.9766406652017235,0.757545734182039,0.9957169805374342,0.5054128517873524,0.9484016571036712,0.9195813486922167,0.9977480060822805,0.590512768801434,0.9566929080668176,0.9198566176707371,0.9980315973734163,0.574055595953439,0.9552290767488762,0.8866123909309996,0.9917630281768401,0.6849968815469643,0.9643107654411559
7981028,78966,0,0.5068960796688933,0.9961931727852039,0.6662045711064863,0.9434345517468241,0.3941817422446077,0.994958197018206,0.5481393212925951,0.9788467650504546,0.5958821959957965,0.9858313667581933,0.5859824953991972,0.9578682220013314,0.5958821959957965,0.9858313667581933,0.5859824953991972,0.9578682220013314,0.5817340967781102,0.9978830691564496,0.7414189859576021,0.964203912358556
3934146,22617428,1,0.9536442179739649,0.9978890781840175,0.589117024853224,0.967459981194252,0.8779598874900617,0.9969695742128415,0.40692775995249963,0.941971227736035,0.8729297169461104,0.9966065013078804,0.3159464040217149,0.9527116080348311,0.8817842665307947,0.9961114283477099,0.37207161302560443,0.9462505146417634,0.9737783433628852,0.9998082633087089,0.6494301518499417,0.9828287103859065
23294396,4825731,0,0.3726131020325168,0.9977056798174003,0.6806518289990284,0.9683960830128829,0.34924461966389925,0.9849181192285565,0.3899785952947755,0.9517326193932106,0.45605507786443095,0.9868540835611,0.42862696072190865,0.9118210888783889,0.4894733708297658,0.9915816554411336,0.5276152545382589,0.9424896501478104,0.4574482191695654,0.9963863360173656,0.6947180105681623,0.9727455600722201
308643,21722036,1,0.3708823907815184,0.9950965442448979,0.7460899241026473,0.9600163202263938,0.3265042913656743,0.9918071236398391,0.5778091720536023,0.9599043586243826,0.46697463446498294,0.994967575927523,0.6581379931782785,0.9519059730340236,0.4782599192068019,0.990090577732866,0.6886040934158708,0.9435385823612253,0.474085674655841,0.9957217695998611,0.8068038101012682,0.9726850184238707
8335460,6182434,1,0.45612152084372376,0.9950399096798171,0.7056175023651178,0.9639643105984974,0.5156981626075883,0.981309300126081,0.5986261854985194,0.9379689408937552,0.5957690407945336,0.9908178926359096,0.5870541358564124,0.9643718151004765,0.6264709495881702,0.9913121830712135,0.6162037700839271,0.964303191466973,0.537077644017834,0.9971949667720882,0.7509894041257813,0.9683379495487285
2887981,10158742,0,0.6651791823335469,0.9990024177197381,0.7769475866006417,0.978761402395198,0.6379937945992418,0.9981435534021683,0.6208748050866773,0.9779205444714075,0.7258026468289008,0.9841577183602676,0.532435004010167,0.8639199787351145,0.737706220677172,0.9846702491415448,0.5623087554487118,0.8779164789390809,0.7313660393531374,0.9902726749876319,0.7797862389169928,0.955282863691571
4130551,7187035,1,0.47197797445922507,0.9963371664417203,0.5663677263019705,0.9730289262701574,0.4336802654270722,0.9661440743687066,0.3515008829813684,0.9290710110723268,0.5963744283598792,0.9687756424437953,0.4176869622376138,0.9390418208096353,0.6033125368069645,0.9646260467081463,0.37136163528987143,0.9214919719822742,0.5415468286473453,0.9886568603164078,0.5710699449967076,0.9680673721736658
8364547,19172377,1,0.320396670199089,0.9927051523589149,0.6540173458817953,0.929001553452925,0.3164190738860233,0.982594411178882,0.610317939842613,0.968260633079893,0.3941168546002349,0.9757214674782724,0.48948191717650025,0.9342540748616973,0.40664934078298426,0.9705650586683111,0.489969286713809,0.9028664857649566,0.40890889689527554,0.9811365935215947,0.6766066729970202,0.9310090950159032
11032545,18880061,1,0.3329353541176971,0.9897455581237042,0.6293425582670628,0.9229982536243483,0.3450467801437042,0.975554317143477,0.4780821182927275,0.9461176691900978,0.3854449003008627,0.9769161892457312,0.5061309829903791,0.9438768569939824,0.4052695087409483,0.9707081185072068,0.5423674690765004,0.9298589457643633,0.4227817830481652,0.9886798746481463,0.6012101078378924,0.9381365260202809
8272803,8537682,1,0.9118994320076538,0.9909107067259935,0.7053333104232296,0.9654749032569753,0.8659054404141526,0.9903046515991307,0.595467265994968,0.9727289650149844,0.97848030869207,0.9972219287790618,0.6537455961693333,0.9728071993046181,0.8926210877854739,0.992157821621739,0.6897810899701693,0.9342686821256452,0.9323253112798284,0.9990370406009815,0.8075434074345442,0.9801900792639883
19945019,13368521,0,0.304116705468079,0.9866387851090979,0.5564637087980476,0.9317129072674893,0.3068650529963847,0.956392831947404,0.36999331752815123,0.9065763947105349,0.40080194087340465,0.9590597074972457,0.3957380371777868,0.9203241936086209,0.40482869207604955,0.9550814179368855,0.40363373088985455,0.8872571764214239,0.36403648961195945,0.9887998275935975,0.5489088883831637,0.9548738542682573
7177879,6322715,1,0.5573198924037375,0.9958003691551668,0.6944058035503813,0.94841272469903,0.5729063495378157,0.9813672498846389,0.6788381099691723,0.9619110199068243,0.7217541463961643,0.997105865915278,0.7003877268956378,0.9704780741970375,0.7425684766600451,0.9956239275652656,0.6778019699777302,0.9609382989467328,0.6342606615542369,0.9987159570208203,0.796674973841355,0.9677115339497322
7460369,3768629,1,1.0,1.0,1.0,1.0,1.0,1.0,1.0,1.0,1.0,1.0,1.0,1.0,1.0,1.0,1.0,1.0,1.0,1.0,1.0,1.0
13254235,14783945,1,0.6296662402637165,0.993198175887014,0.6795350520036667,0.9660343469418422,0.6495066535951199,0.9886108347115949,0.4683236849297676,0.9621919688134186,0.7124601640266883,0.9893357364034773,0.6490419747842073,0.9567598570240763,0.7207418856990941,0.9887474994560609,0.5562656927949865,0.9527104878186823,0.7045248867146693,0.99796443004761,0.7351682118708118,0.9735283921182932
18880060,20493053,1,0.9680680083859263,0.9982821166544212,0.6032031262987112,0.9712170262080326,0.9392569189356814,0.9871233949668197,0.3763336382648399,0.9381467438543476,0.9148038967952825,0.9860396781441729,0.5422771275339413,0.9149855915691691,0.9360277429232705,0.9960424668908279,0.5734555471290822,0.9543679721865741,0.9749546378355618,0.9982690733809101,0.6756054249134685,0.979513529460956
12122419,18322909,0,0.5097636922527609,0.9968486095536109,0.6023894033805198,0.9645825032192207,0.42717812567420593,0.983647807213278,0.45156229552564253,0.9371862116241075,0.6426928173673757,0.9931257221342795,0.5360201868808969,0.9581788909643563,0.594979769299414,0.9876656239836704,0.5132237067430828,0.9221325450637424,0.590177203388622,0.998872549779642,0.6521274694744379,0.9671218927467198
10207808,16466519,1,0.3370442957194686,0.9985578146973039,0.7373281381255388,0.9859025134693883,0.3210944073096192,0.9792452298104761,0.6066430699654057,0.9584874813243021,0.4445124030337643,0.9935097378554029,0.6702992787621944,0.9575656634383506,0.44721164500524296,0.9911389734869238,0.5912609659956387,0.930315906278504,0.4320106966071873,0.990968941125163,0.7540306349185486,0.9681072903730832
658771,4247524,1,0.5484041095049716,0.9935590803786842,0.6458867785405653,0.9629764041550746,0.5227383335439134,0.988289027956407,0.506308241146598,0.9656465264061507,0.5262835698943007,0.9756386790472231,0.4246004917326701,0.946450395399154,0.5373985012302798,0.9740931599433754,0.4598752206380331,0.9363762930127009,0.6181474930722329,0.9903570823593113,0.6197077298733319,0.9588989558860719
22382181,21907869,1,0.5827176467260657,0.9982309120974702,0.6567220084637188,0.9705724467640201,0.5638173912332664,0.9868291664350288,0.5213586893665539,0.9547868319644413,0.6162785985735516,0.9936124238704667,0.5282884787801403,0.9528374380486598,0.6447877861282557,0.9899906842356694,0.560010389662737,0.9576147207958821,0.6551161340471323,0.9953726731249808,0.7171483615166385,0.9745342919704123
6061403,960758,0,0.6914578131280704,0.9987601262787663,0.6844562015282132,0.9817503924753511,0.5999948016562584,0.9895135318675173,0.5579415575387928,0.9587477048291404,0.7385678088560286,0.9960411820080172,0.6663392403170546,0.9708799246006862,0.7413844275992685,0.9938393262056873,0.6327405719857787,0.9644924485910199,0.7540537290986636,0.9889534744865596,0.7697824757627525,0.9598088211580558
1363,5127007,1,0.8608987220963185,0.9977678692601634,0.7340185608924037,0.9836857441674365,0.8427307354115298,0.997090797728577,0.4353700156133742,0.9562156169777957,0.8199077984793873,0.9821001816953292,0.36529598133056695,0.9231331976799931,0.8408147183468487,0.9895303153705692,0.4792401129996444,0.9519062493260106,0.8822068956532583,0.9937473977977669,0.7073482597002937,0.9701585762338862
21996068,6491370,1,0.9605080763953711,0.997533419018952,0.7541693528866424,0.9826887310345254,0.794260119974207,0.9975112073754,0.4432005204851638,0.9484372358557671,0.9525949944715034,0.9949560924989503,0.4437504708100085,0.953306684133414,0.953564727183609,0.9951206243804519,0.6099301728778046,0.9518320710416427,0.9676701894299778,0.9973990775098136,0.7052203509177841,0.984318484667259
14710734,3046106,0,0.6809967686996949,0.9895622801936219,0.6860123413665848,0.9439833291831762,0.5871647453038157,0.9879325145566636,0.5263094406246835,0.9630159406866463,0.7800568897971822,0.9955902511852506,0.5527739362111816,0.9705588405128709,0.7793833652464868,0.9954417284065179,0.5745039403243608,0.9616531684200417,0.741922653345406,0.9981180644057872,0.693687335763134,0.9610395604646161
21288637,17827456,0,0.6277079045601869,0.9907009421839291,0.7150270796977556,0.9365825085900875,0.5699445371194467,0.9860849634554052,0.4023542360074538,0.95644223643158,0.6804337198552374,0.9858473905851208,0.40493899746450246,0.9403232261049822,0.679739690459086,0.9836123329846613,0.4530885456872451,0.9316794068535675,0.7000953324332355,0.9957617625040442,0.6352230179894232,0.9521494168000693
18310878,529639,1,0.3255353005984853,0.9901751129839013,0.610445092889864,0.9288152395235714,0.31919551536501684,0.9883401663342756,0.4116667581299944,0.9575030518126998,0.45170981581126685,0.9721274967214866,0.43561130264838643,0.9231087900462174,0.4576353011910545,0.9715509670708137,0.48323907959778345,0.9259394529697718,0.42472592333584047,0.9923642494199411,0.6854390592346198,0.9551003417465286
10095726,2873508,0,0.35958458835593876,0.9960203590046844,0.6261916193568821,0.9537205661117969,0.34618973501765826,0.9871229675693945,0.47208618541179104,0.9668063146701501,0.4923473743369655,0.9753147715554193,0.4795626523027642,0.9314262311240834,0.4784215406995701,0.973828717082073,0.4311939039237487,0.894007634405712,0.45344348666506684,0.9902739047359616,0.6715496379356246,0.9666807553086604
16454974,1235581,1,0.3915820382196471,0.9964957947311267,0.739714368140906,0.9513570055241819,0.3230567037561173,0.9918860307100164,0.579037718859341,0.9534307571600722,0.5085496521807029,0.9873410260041655,0.6837279876709899,0.9442571060143964,0.5048200742081594,0.9871074064406021,0.6466423885132816,0.940076217265217,0.5025213747722259,0.9927986192628157,0.7819134393466919,0.9566572508861113
12973570,465616,0,0.495387138365049,0.9943144190214613,0.550649830490189,0.9591402237897635,0.3939366764465621,0.9933443402972736,0.4101583868910793,0.9567701684474654,0.5636368499779099,0.9892208885044992,0.491173433514563,0.9519143233552325,0.5718483532163378,0.9872999710715606,0.53942552688934,0.9622054844992577,0.5911659097902376,0.997019026675181,0.7346459723869078,0.9766820776450396
3670410,4519452,1,0.7404976744350217,0.9990597384797865,0.5980481532250905,0.9817149479202761,0.782071948485729,0.9984921337890438,0.39005148717730787,0.959520667175358,0.818201566601214,0.995972804120974,0.45505680052185205,0.9549522914057178,0.818551480179356,0.995803977958525,0.49357151498533425,0.956969653188416,0.7992517462661753,0.9980922369834259,0.70953829488971,0.9805396415331361
3039351,11655351,0,0.8710332503601326,0.99749694940253,0.6636370848255893,0.9651780823295412,0.9408696039978078,0.9888999220879765,0.41628878168598626,0.9489483156950724,0.9082012104774011,0.9965368365617261,0.411933824948293,0.9466605391591241,0.8423696947288574,0.9940366190209493,0.43770795282470853,0.9568692882678246,0.8940541760749732,0.9977166171398103,0.5670761419020663,0.9687819484905759
7209802,16166059,1,0.31090217891499694,0.9899205669475182,0.6579878159146653,0.9176525416448508,0.296304720108683,0.9836771426885126,0.4643721241301133,0.9596974986164214,0.4053547627208389,0.9790201520474487,0.4963545768713421,0.9512961898506013,0.39390830693134593,0.9808488842750643,0.47842641654684037,0.9539207036580521,0.359119531156333,0.9934050290946816,0.6738018489686659,0.9515794931804606
10369570,18396375,0,0.3080633439924984,0.9965470237823375,0.6333664725863535,0.9807057671201953,0.3026842626073888,0.9874428502992937,0.41303345276391557,0.9501344690504829,0.4096405445198955,0.9646863488524814,0.46269434100926565,0.8878077401537324,0.40487738352366875,0.9722209132743287,0.4593528280953406,0.9173713792687446,0.3761419847188702,0.9878678797550016,0.6381563787108614,0.9725378155973077
9270406,265214,1,0.3719132111704978,0.9986322747712398,0.6847073213452715,0.9671044075361712,0.41744601661671227,0.9941135474779436,0.6657494203668635,0.9681883127373,0.49472528480741274,0.9780786341285778,0.532302200706073,0.9197090739728694,0.5332672448504193,0.9854717698274422,0.6253010872731666,0.9444630651032525,0.4788982174693106,0.9854899550268329,0.7330914660029135,0.9434052093779446
10437938,20162871,0,0.5870992704781153,0.9984013265077448,0.7416717943233077,0.9804128604146386,0.5295999993788677,0.9971071535768552,0.514665776118702,0.970799831168116,0.6049516892797077,0.9921625330614838,0.5769172476366851,0.9581219144608238,0.6731268001181122,0.9908321684681873,0.5902266415531765,0.9676203657311111,0.6602341276889324,0.9973048044666577,0.7201114020340659,0.9757132836181714
3445364,4948580,0,0.6562972271153696,0.99069842244565,0.47293733431396445,0.9580123318863926,0.4860572374331588,0.9930171207901669,0.21954639580805102,0.9340268306790157,0.5820824580910369,0.9726225434892493,0.42104747845961865,0.9248782835378512,0.6077099128901434,0.9671351700317574,0.40132518519764004,0.9060848690925852,0.7231660998610421,0.9793157730968636,0.45614946932003286,0.9254458222831976
481939,3246556,1,0.3062395513758998,0.9880295954040684,0.5592315981902811,0.9352149201648271,0.30169645410218493,0.9793415649784507,0.4980122507596024,0.9578263807297018,0.4024079616584443,0.9882005613286975,0.6348391634199495,0.9549879115897686,0.40150900953504787,0.9814552184577672,0.6085499532171619,0.907293781655114,0.37873115269060464,0.9940369514208065,0.6264665912831555,0.9576110270343817
21234511,8651990,1,0.9616253662102525,0.9976858575688626,0.7400721712475932,0.9765033338142848,0.7550698218647074,0.985061147398736,0.4946903968265012,0.9564717908536805,0.9648776486890942,0.9985277961929906,0.6406930365345092,0.9671807436945427,0.9323643048268546,0.9984739692022281,0.6051959448425883,0.9677234844836465,0.9695933883687174,0.9994067796965307,0.8183545557976172,0.9855998149116477
19477334,18942518,0,0.6062566211676897,0.9977181310994502,0.7401979060608248,0.9793689069820473,0.49526826702549764,0.9954961706662936,0.540256406487651,0.9775155684740854,0.682087834811215,0.9943409100411491,0.622893367775357,0.9644445415373895,0.6632037820824256,0.9942736387842541,0.6817025346164811,0.967593895317004,0.6746029615452459,0.9963064660853628,0.765559741487504,0.9749897375128556
417620,17076233,1,0.6355393833821114,0.9958943653665092,0.7665254067941105,0.9830093488329837,0.5115794565575589,0.9945233224720887,0.5893118219483473,0.9429418721162982,0.6659380590932596,0.9915593669830202,0.6921944444002429,0.9644063464544622,0.679406465011518,0.9917021125744642,0.6982963528994103,0.9752570133151859,0.7092505906955724,0.9889818144160688,0.757198479885656,0.965676227267882
11481709,14783945,1,0.3538391028264628,0.9820955972783668,0.6445555647289676,0.9227366425828771,0.3674134143861496,0.9711330395623072,0.4442991652489826,0.9437010019824579,0.45725166992562893,0.9877984990706613,0.5057407731540181,0.9424144082783447,0.49066847507280026,0.9822153892864658,0.545168222987749,0.9499371505248513,0.4576323432707173,0.9946305184029924,0.6988315292235137,0.9410362021642352
7942254,9962135,0,0.31050088144851073,0.992307193593869,0.5628842440399975,0.9637804730815738,0.3064905937307883,0.9731992188005464,0.3791083725830061,0.9313964849517653,0.4403770456808892,0.9608104725761847,0.41594602718851703,0.9126820512237781,0.4420833024678802,0.9588255711126603,0.41329525929862354,0.8889715533332064,0.37483574066969055,0.9900701559435159,0.5705158928639791,0.9557749141077655
11149084,946865,1,0.8017514602313438,0.9966494602710391,0.7168221587701442,0.9781198412364992,0.9757539197328866,0.989483112402751,0.7230519138376045,0.9701225881592199,0.8087715096559499,0.9966292301918217,0.6609556602089608,0.976662245732816,0.8074784651017926,0.9962706484792547,0.7261743868912351,0.9700131388736035,0.8401067648899658,0.9959940108143363,0.7718069292527199,0.9817572179873371
16031464,6936843,0,0.5670019585515198,0.9962487176931513,0.6714278980138777,0.9681096332409399,0.46674927828146445,0.9876418264563727,0.3775883718772378,0.9500397343196603,0.5905598822515573,0.9906765778505887,0.44103204262136686,0.9531658105893585,0.6246792818171538,0.9861705814734963,0.5517522575320433,0.9568694673033339,0.6319828360962702,0.9930266871214952,0.7073829197164496,0.9739638733744201
22771106,217484,1,0.6495457865875577,0.9984304470940857,0.7188111651718023,0.9688920405078418,0.5258812864086155,0.9874891784139953,0.613340633085552,0.9612417522199321,0.6611695552707891,0.9956737218605098,0.5805902197205695,0.9402872879644839,0.666782382025425,0.9887182852972868,0.5872872553021089,0.9368179906173091,0.7215821798337154,0.9985204972964014,0.7923565146100061,0.9740552931598675
5271061,23597499,1,0.6347437354713859,0.9917489915842644,0.6941649060893254,0.966703493335931,0.47492033607655415,0.9946514185341726,0.45874472450477344,0.9391364515217706,0.6682127623927104,0.9909326592158926,0.5613669711040713,0.9545332185561191,0.685379894809243,0.98857779020729,0.6182352053864341,0.9609770239082919,0.7175314841601321,0.9905523150169533,0.6277454259681964,0.9610817206417588
3569939,13799349,0,0.8725350814560666,0.9976806028062523,0.5217156690472657,0.9607387139236907,0.9506805154524537,0.9897888004350484,0.326258308867586,0.9545538195849765,0.9479479411382482,0.9928025444591507,0.4406838985452962,0.9447131161014065,0.957838197334062,0.997693587905714,0.5134387007645504,0.953318649527583,0.8951043359781887,0.9967618464910883,0.6978507329264787,0.9745345977696943
11314030,19752875,1,0.6080793612382728,0.997050030976017,0.6764532129362091,0.9682217723846482,0.602970764905818,0.9953903466482933,0.47387056011009976,0.9674293502678337,0.7277292892498696,0.9778919126451521,0.5160962107133062,0.9132028502507666,0.7455432568999689,0.9908738735970166,0.5453608247511088,0.9592383734892954,0.6888643276322584,0.992509332373403,0.7238895037232052,0.9639197246438789
13924908,22403259,1,0.6563674765490538,0.9995999149626767,0.6597479327602124,0.9827017581996984,0.6999493930018866,0.9883873128937217,0.41750966411118606,0.9626792347298962,0.8064687276717883,0.9955258758074106,0.6851556480420193,0.9763351368582434,0.7807210067510062,0.9941588195558665,0.5301016258283027,0.9714313682554384,0.7209382655695248,0.9984620147264558,0.690145883428444,0.9860315051979975
7682648,21750583,1,0.30752483592238244,0.9955735465159692,0.6712570953279589,0.9410340317774726,0.3072355359640511,0.9740937478773936,0.5049903307186638,0.9460742829743671,0.40946027798795503,0.9837716484318316,0.636760314168501,0.9539002635592823,0.4070074432438495,0.9822277642610816,0.636451253151471,0.9318394472883543,0.37196917824484876,0.9948216359087668,0.6910585564636782,0.9562924040124032
19643372,1180865,1,0.9015224772095025,0.9989408414254588,0.7723296875581269,0.9784093806542741,0.8525064871744489,0.989258330305469,0.4549609836090759,0.9659127473966984,0.9365606676952081,0.999382174129328,0.5978028590624332,0.9634724878508057,0.9034059784924052,0.9943152432446288,0.6103130033072441,0.9427018626217937,0.9070784012728579,0.9867657062764952,0.6875872859411634,0.9369882417332162
10294554,17486743,0,0.6981384931014236,0.9925311766650237,0.5859269160218048,0.9648925223022837,0.6154433648566596,0.984284400535792,0.43375914403919213,0.9472880588010436,0.7757226071635738,0.992342508085189,0.528776061691242,0.9334689669762335,0.7544081596557991,0.988992417795774,0.47854375530822624,0.9153208165083933,0.7656223446457745,0.9974992814076656,0.6891948500150951,0.9685065967568373
9371509,19544469,1,0.5748846659014255,0.9979587773292661,0.8193700256168089,0.9682899816762734,0.6370275648019489,0.9980655010405726,0.6130229415901809,0.9804754760359949,0.6052156782789192,0.9907277999118701,0.6653609147892547,0.9712253593414812,0.7512533793046644,0.9959384476092398,0.5957565979601769,0.9298436251153291,0.6520033862060856,0.9943621029931963,0.8186135103677371,0.9765035170615562
1015744,16588230,1,0.47704152589231363,0.9952009500611564,0.5854196854109486,0.9480509961925925,0.36159332984571835,0.9787396236494805,0.41706467606911524,0.9501985085808062,0.5952828281426596,0.9872141325813808,0.48597422640017085,0.958794621471989,0.5857834971796545,0.9832498698134029,0.4756081729321642,0.9330079539185291,0.5534939637284313,0.9924507015223599,0.6346742058822521,0.9643154150773969
20544327,20153060,0,0.6686320922255531,0.9988879808853155,0.6088042803337346,0.973058059362685,0.6260411253564306,0.9862656321107872,0.32579686363389104,0.9444653610711808,0.7426519604461868,0.9909284629033301,0.44885781520021273,0.9553844108387437,0.7324999040786322,0.9873844136036004,0.49517641342532137,0.9295806790284258,0.7310982408232735,0.9965600229938706,0.6762115612010102,0.9757098683023686
7996909,20122631,1,0.29885677245397874,0.9956722647514642,0.7113695355675496,0.9493791941449482,0.294115717493425,0.9963225019373786,0.5632579103566139,0.972045097350586,0.3637654078957152,0.9770433949827929,0.5238109305018925,0.9222819961166928,0.3571323095190258,0.9754946902434374,0.5747888293653205,0.8730992166602911,0.34552775958139037,0.9910305627107118,0.7368266390654349,0.9545995501595606
1643091,17456433,0,0.7468613432494638,0.9903923404502231,0.7161893773679147,0.9468740480995905,0.7411544168691453,0.9817742226104876,0.6557977886382871,0.958192481622387,0.7650097916759301,0.989493942898134,0.6297337163416632,0.9240592279506619,0.7768043514868339,0.996981278505939,0.7571072395838936,0.9718448262717773,0.7989643619778379,0.997312644265468,0.7820696774769542,0.9666312757493689
23270032,529986,0,0.8881782771493992,0.9980042673837943,0.7355656148083474,0.9730537655124072,0.7756800570059973,0.9843880590233341,0.31265111205134166,0.9473242975200667,0.7902315611392968,0.9836679146318444,0.4466466853764084,0.9367320472046147,0.9062522519007596,0.9923081903564374,0.48700695749083356,0.9612026363498878,0.9061923041927085,0.997650259821625,0.7090145102636514,0.9825258516729316
8195292,6856319,0,0.8003142822337762,0.990076843407666,0.7045406790677954,0.9203933079729056,0.7243095056119861,0.9946948805331038,0.6859545742724618,0.9826773281993033,0.6552617998184752,0.9956606783950728,0.6732044177282807,0.9732173842422085,0.6625911819884073,0.9952571763547102,0.7429616788815816,0.977821592077438,0.8427182344642162,0.9980340783865501,0.755613005701475,0.9480852192164212
16869671,15599609,1,0.6853824632205147,0.9969022089943032,0.7175602373749841,0.9834216644821567,0.6323768547780598,0.9984817498315084,0.6419902519852774,0.9770846399491719,0.9310386333851961,0.990082921053962,0.6614379497184745,0.9472133888719682,0.7817422058926274,0.9923457983431493,0.678171209333754,0.9270288832569489,0.7494619762864121,0.9994448113721416,0.8132991168596878,0.9860327424571146
14481931,430971,0,0.7153645587587953,0.9944189210164216,0.7318255931839313,0.9707666555150678,0.7027186564020433,0.9951468761195251,0.4413482482199429,0.9601120321414839,0.8002742734342174,0.9918887016451451,0.4512782350353759,0.9573051184916448,0.8043594380384359,0.9940723762173245,0.41786272063566055,0.9486778161499216,0.7720322470340595,0.9986119742601544,0.6638839268526808,0.971509578034344
10387508,20587078,0,0.707116251736317,0.9973086509561077,0.8038747101700461,0.9772810789419029,0.5690837894747034,0.9891648500863792,0.7457913722532321,0.9721946279675259,0.7828911816535848,0.9949262415615869,0.7576701983550974,0.9782592625211999,0.8579056736488483,0.9974516199794854,0.7155805217504766,0.9567935753714454,0.7613161426919229,0.9946973698553239,0.7715994421512635,0.9731049608657951
10524166,18578541,1,0.5506933210254409,0.9896988356889946,0.4646114024201454,0.9467474856917242,0.4252878293692475,0.9567311368748534,0.3522620978490244,0.9083647915239683,0.5115705486205738,0.9707633547021536,0.34221541858565907,0.9219111522782807,0.551365020653891,0.9614496021388775,0.3337102008588866,0.9070712166687155,0.6267938303770039,0.9833782334960655,0.604868483815052,0.9448260002350478
14212320,21033665,1,0.36630383157198315,0.9993365307296838,0.7647648864730443,0.974014622808935,0.3513697071627077,0.9976742192490358,0.598623474319228,0.968424062326205,0.5476525293024551,0.9900690913531198,0.6253410808685068,0.9506615980437637,0.5518271083833287,0.9906253866701118,0.6728858463465389,0.958969153177431,0.4551706479575754,0.9908963062130787,0.7564168806183664,0.9534691529135207
11275834,4683894,0,0.5005672098637637,0.997484422243405,0.8456407128409457,0.9799088254531007,0.4439733581197924,0.9987252108555105,0.7994240588384461,0.9845608721681095,0.5662619848279078,0.9850194922847505,0.6609119738655308,0.9401282290624654,0.6196021763198968,0.9941085428540578,0.7540290892265794,0.9567747252798657,0.5883776398991833,0.993636671600774,0.8457968151068533,0.9749120469599597
4487026,19392404,0,0.3229306789206081,0.9975331359491076,0.7062717388664004,0.9714786636978507,0.3145350679117079,0.9986274831145907,0.5490386011390469,0.9710105988895602,0.43266919666031767,0.9826607278673979,0.7102693257110282,0.9457418425384603,0.4442848638864698,0.9846483555435052,0.6628120488256236,0.9552800926978803,0.4165004429044716,0.9897679522834958,0.7302880989226893,0.9541254500010251
22438051,22475640,0,0.5087228174357269,0.9994528256857802,0.6687045964189866,0.9687236135815445,0.7653140611179978,0.9793535431941018,0.5116662746601808,0.9432935998022886,0.5860984147543705,0.9836205134208564,0.4560844375604347,0.9584154973025654,0.5693106989697864,0.9841872732176112,0.45277421791425065,0.9576423950815064,0.5750400264957911,0.9867411978294364,0.6692512479758781,0.970027980478993
18424153,1931704,1,0.8876044693047409,0.9987960395487887,0.6995724450024429,0.9753633129568602,0.923605482081066,0.9987436133343807,0.5008452342258054,0.9656562343228754,0.9570510908556921,0.9985728535928939,0.5901421253210828,0.9739890431757836,0.9710607803369684,0.999007163698959,0.5849644004718906,0.9660880279546474,0.9056374749886822,0.996458220586401,0.8219821575303934,0.982876729252393
9597889,21348949,1,0.8903825723543527,0.99303268524526,0.6519089672633356,0.9419198660522611,0.9498481283057039,0.9783650456977107,0.4649694520717791,0.9480509212897731,0.9567176275306497,0.9962006603458029,0.46863211722441034,0.9644181450742895,0.9472028753325907,0.9953841261443511,0.43870238345629076,0.9496909306560342,0.9115838095284142,0.997119159365072,0.6199803110061513,0.9558763599256168
5236700,10252057,0,0.6497856743739928,0.9963762849827318,0.718520410324331,0.96188452773066,0.5248155924002617,0.9984657897209587,0.5973380903278576,0.9714415084354764,0.7082056334845563,0.9944953751818011,0.6303186768580085,0.9699332694812688,0.7050599328506526,0.9946830354776302,0.6989446684332419,0.9686588919630728,0.7186965595986029,0.997424672523311,0.7768986741453747,0.9801106925040447
8344457,18034373,1,0.8255757810406152,0.9953461021144561,0.7029886475186546,0.957096989907736,0.7349742288049665,0.9961980560402659,0.372883526227491,0.9543784845686161,0.8733062931747393,0.9931226060025616,0.5189344007838469,0.9540161519474368,0.8775178376177071,0.9976289309633479,0.49787312323458766,0.955851642479052,0.8633636216604125,0.9984382230548178,0.6919331062842017,0.9758597559559072
6371601,4684601,0,0.7418681940169767,0.9950878249108688,0.6552012960334456,0.9737502319441853,0.9380410957871412,0.9967714144355784,0.4969583186741011,0.9519963320714957,0.9333176383428672,0.9957566939284054,0.42725027949854255,0.9374151557122089,0.9454507955667325,0.9959586377526954,0.49565519181735407,0.9529966500069046,0.7853395335250409,0.9972001449444959,0.6289773175702025,0.9698719036188027
22331867,18722984,0,0.4019374075726897,0.995099909528617,0.668428989215885,0.9438545509183367,0.36325283806601955,0.9879967263487405,0.57132038206138,0.9694989247071627,0.5798573785903016,0.9865535639917878,0.6388910199675573,0.9633584252603005,0.5430198367879568,0.982695447409164,0.5755782871084515,0.9181143042959945,0.48607124276729785,0.9928162629833257,0.7582788085471146,0.9643600506084706
19322940,12493156,0,0.9493585950733822,0.993326622190165,0.5218435345272557,0.9678684090910208,0.8443938676136885,0.9798680203139375,0.3553412851346852,0.9412450728698517,0.9231964480891186,0.989356819412707,0.3340514769256372,0.9113128068370666,0.9378428190544666,0.9987140708340797,0.49634116677724094,0.9390619006370131,0.9537048201744281,0.9951216325938398,0.615790390307734,0.9694085338739331
9361117,17334847,1,0.3082175146955538,0.9950995041470474,0.7111928624685488,0.9736074387827913,0.3024305130457653,0.9777412367392692,0.4363867441479409,0.9510417057854624,0.4359202051690517,0.9711004194744538,0.4806690618053986,0.927644534167127,0.43250384563197136,0.9685880381196498,0.4813477154031027,0.8818553612612758,0.37194538505896785,0.9905808344407032,0.6648283213621049,0.9740371035729313
8523656,23206,1,0.3689232806824672,0.9980713419294496,0.6749547168983674,0.9771662228494943,0.38017039990533313,0.9816973968191949,0.44927672729845947,0.9552976328598836,0.49837126670442566,0.9886688181986264,0.49667555980581124,0.9388670409660388,0.5287910059265086,0.9849497633380375,0.557521470756777,0.9561850104522126,0.4625773723146962,0.9958711833086186,0.6568919054899858,0.9770026831061404
6310593,18464490,1,0.6720539420341208,0.9956036937994304,0.7555631252972581,0.9778175098386749,0.6671054292968139,0.997629930724117,0.5547808965847384,0.9659927884159344,0.8659000154257491,0.9860454410051754,0.6041443027461277,0.9357387737428926,0.7913484953107974,0.9907966505293611,0.6237918162916065,0.9342269640650547,0.7383451888391478,0.9960266759296511,0.7683745570963753,0.9848852294595771
10516730,20514960,0,0.5094809902748267,0.9973440342235345,0.7613099958710746,0.9721832647276295,0.4764803444307377,0.9959372685747933,0.5515241715453423,0.9698083021086827,0.6620023452738232,0.9867818157929363,0.6067947212900573,0.956318866302307,0.6615806818685451,0.9890979479123039,0.5759126916445763,0.9584267269947083,0.5869163807500697,0.997552757238186,0.7341962417660988,0.9832230052039455
10368839,20880642,0,0.8679588468325381,0.9931064803668296,0.5954794567713619,0.9235245425225131,0.829662380208755,0.9945879309186942,0.2756225444307051,0.9474385199004862,0.8473992786670339,0.9946851501901228,0.3452298368814193,0.9526629720893418,0.8487333730873496,0.993951288020026,0.39500515693072547,0.9567134875964827,0.8961227918963224,0.9956128217013099,0.6587798258409251,0.9449550491063742
8070429,14692427,0,0.8819975949759814,0.997473175848086,0.7422354193631061,0.9724245851903053,0.8466259817782154,0.9973866849772686,0.6361802955596322,0.9738841186591112,0.925382226467721,0.9910767033513718,0.6329088770521318,0.9455795316054229,0.9154356123681741,0.9991255681366942,0.7371126789675536,0.9793710041760045,0.9039132433018563,0.9973524280770727,0.7667439195657423,0.9796986306650226
6753786,9528049,0,0.6794117798717626,0.994806697035484,0.5694753677219963,0.9739163943896023,0.6363781137748459,0.9983884381258211,0.3540852745506632,0.9416223950604474,0.7674080507975407,0.9952853928699956,0.49414237048647813,0.9536293911064355,0.7443487815201594,0.99511110341115,0.5117373951623185,0.9559401648508679,0.7399071613688116,0.995925511545988,0.7410567413115547,0.9782048148715918
4477205,12908231,0,0.45555028001725495,0.9975776251442728,0.7123618896002,0.9596481383684429,0.5043581609023179,0.9884556434229398,0.44043605722151113,0.9462656993310783,0.6283081287597712,0.9831071809353056,0.5014507393734198,0.9360954441720251,0.6393504294959764,0.9833974401002756,0.5071546793594266,0.9270785878135872,0.5350939035924672,0.9951843457082024,0.65252499044084,0.9731064433810411
13447231,14555892,1,0.5501508103694314,0.9923759533183708,0.636543780659199,0.9573152718541688,0.4821531472750995,0.9858209211444074,0.3628070078550153,0.9386352539831513,0.5968845081494605,0.9801369622040512,0.3496561227851801,0.9493252519512855,0.5986304285620477,0.979846833724062,0.41089007601305905,0.9501705991408788,0.6327587918072951,0.992020518048974,0.6076206202530708,0.9748742132593681
5984968,1363,0,0.6039064147510655,0.9932662051845524,0.7701936578728256,0.9578256242016915,0.6813956825300499,0.9893364034969504,0.4402600819701178,0.9593414596655783,0.6549415208465416,0.9890076210019315,0.44347059630023944,0.9501710614380865,0.7244615620067518,0.9906448204406114,0.5661265019534556,0.9431804300750437,0.6731357096159712,0.9919071694424605,0.8124335677501733,0.9526014145052001
18115173,6008880,1,0.2989268076210942,0.9935593435088644,0.662985926156024,0.9591255811457424,0.2944614769880413,0.9893815475891488,0.5278683350949758,0.9657820887871151,0.3573833758091737,0.9839825101530565,0.6054719296259633,0.9543665925970849,0.3578658866840556,0.9837064651238736,0.6185206844582382,0.9651006251332218,0.3343504246130073,0.9923066860762428,0.7420283983882514,0.9786884635610156
1884160,11081583,0,0.7795398280236114,0.9940349724984922,0.7207032102775386,0.9403354993483208,0.5992000207269627,0.9867648989649181,0.47216100510897474,0.9636520576261696,0.7563424459557451,0.9865504682435552,0.46172007783130664,0.897470722750018,0.7870021171280353,0.9949462618119866,0.5035800832987616,0.948275325592756,0.8171115142440133,0.9954129488846263,0.8048802274932018,0.9597955803639722
17415425,22642186,1,0.4324976956591173,0.9987417551670771,0.7025321336749548,0.9585195721051614,0.3923927294557633,0.9888089376471831,0.7236729515419356,0.9802320662322781,0.48582682772870767,0.9916770442787893,0.6380974093057712,0.9444828981077207,0.501810319466151,0.9915452726924733,0.6618604325512394,0.9540862584555693,0.523019033160875,0.9932653958805727,0.7830826390991669,0.9708139917766009
23147990,15973192,0,0.3652334609648365,0.9918085928553515,0.7328504872121684,0.9646816831078636,0.36041919468657413,0.9946240936489334,0.6378576903968984,0.9759026880929491,0.5304228584143283,0.9892574062299059,0.6154492906209073,0.9552525019718048,0.5257618274947118,0.9879838560047663,0.5790573899816958,0.938282843149241,0.46299185873906473,0.9970642805625906,0.7789881503479195,0.9765619323161662
19416287,10878062,1,0.4743529001969257,0.9982563241787868,0.6523141022590303,0.96115185749883,0.4541312534952487,0.9882659273653065,0.3269776603711517,0.9517217633850598,0.551580058050844,0.9849931698150888,0.4484441942856561,0.9350453095511494,0.5895373390091023,0.9764057239697732,0.4695467564696346,0.9490997549914948,0.5587448648431776,0.9941966342412824,0.7140364314191464,0.962096891125611
10298327,23574721,0,0.39991850741588264,0.994878280393393,0.5415685742851508,0.9634620452272271,0.35855588980593994,0.994687295030711,0.5059497804918016,0.9663515863311838,0.7333242992798791,0.9815529129621954,0.4380699080043502,0.9058577207610489,0.7330456090430423,0.9815462432623137,0.4629675697023633,0.9067788732491681,0.4662315825501924,0.9908948666957353,0.6580455718563145,0.9541902891981968
14510383,975289,1,0.6578910757868828,0.9973192156409493,0.7503461901702979,0.9686224325942949,0.5072796875758814,0.9939576980532988,0.6340914190964393,0.9667356435315363,0.7299798247571172,0.9945427436657489,0.7503372773605246,0.9591658743803004,0.7094154327955342,0.9977680282956004,0.7420949435371906,0.978818657030652,0.7339297583909292,0.9951651162176427,0.7954812345148811,0.9697864908231817
19416288,935017,1,0.3252255138312978,0.9951540406751623,0.6970377531719604,0.9578438170412306,0.30961542588785806,0.9946416495995479,0.5695131420951783,0.9748069520016435,0.43211338308918956,0.9897971299828938,0.6125207338121258,0.947309837278899,0.42751167531459133,0.9847585421461791,0.5994417655289057,0.9135093700955532,0.41508613550986395,0.9940231219309938,0.7310927253683839,0.9647394735693542
5036265,12542684,1,0.3624751331313938,0.988382972661664,0.7153054444007685,0.9281382946838251,0.37445923293690747,0.9894565342600564,0.6046188530146719,0.967679071689399,0.506723277887667,0.9926986735895444,0.6857095625392382,0.9484460912570774,0.5462280299277346,0.9951987921588317,0.7361992429932376,0.9807161555868544,0.4706531726635169,0.9970038155072989,0.8102043819548471,0.9622773238500363
11939185,4603629,0,0.34708370501311514,0.9965357669983972,0.6920426295342683,0.9639813266685672,0.3426396168871034,0.9847908219777887,0.32672791924397127,0.951278462354246,0.4702005137435542,0.9806477600294858,0.4675022637922971,0.9386863365144524,0.49875162558348535,0.9753366465847401,0.48479031877239664,0.9032931881638141,0.4414751894128307,0.9882899197263519,0.6478152980145111,0.9557631984531132
10076077,5691586,1,0.29846348285564084,0.9913734807002456,0.6744517485760568,0.923007053729001,0.29427809606705707,0.991022836839605,0.4995310050265469,0.9621323603120658,0.36476447356639974,0.9779251697721963,0.6300952355379139,0.9528390985045009,0.3642561777047637,0.9770353870136758,0.6037420051451827,0.9411698589018309,0.33830730661316616,0.9936603719951799,0.7398983534005601,0.9535027672978369
11689375,1728000,0,0.94959630815193,0.9958974604593893,0.7228495023409716,0.9679244518988742,0.9304966162465945,0.9920251874757979,0.5952566511091983,0.9598446584781678,0.9413687857771859,0.9985705536886691,0.7226567695435158,0.9804454747660728,0.9424630816808865,0.9986666774881877,0.7403116468528237,0.9758440456716672,0.9552204371199156,0.9965122185886608,0.7895922972447177,0.97047529123099
9261775,3024981,1,0.46238802900599507,0.987714575155169,0.6181838295456299,0.9256519604066825,0.4629186371591285,0.9777637102582046,0.42757313268116826,0.9377514676147206,0.6080472093926798,0.9767445638858887,0.37076208818200607,0.9240117707601038,0.5870307103650256,0.9762565802879274,0.3471149312174725,0.91472265169214,0.533411097552547,0.9955188309412184,0.6057516325278086,0.9402759694991399
22135200,22019481,1,0.8836401952096314,0.9861533199266639,0.725147850784239,0.9300500571488347,0.9629176719450465,0.976309444888666,0.5416089912169879,0.9477959701008802,0.927977331863039,0.9885653256507361,0.6019520634041369,0.9426889674680275,0.9224501936562767,0.9983872726744073,0.6539156702797708,0.9518533777139264,0.9173257284790314,0.9995221731617009,0.6612100765251101,0.9533619637688792
18395048,12328424,0,0.5686841891530882,0.9908650670031328,0.6247743255097795,0.9561819681729047,0.6567290260277587,0.9913589504627222,0.3322851188605368,0.9401368336906513,0.6080264059600825,0.9747912184552994,0.4396529110833495,0.94280749564278,0.674286498640961,0.9831335941604875,0.40879246239594225,0.9470452620975663,0.630642677019382,0.9928013764197765,0.6883020334708355,0.9669112614786408
4396970,8709483,0,0.37197629883019695,0.9922964102291508,0.735289310770892,0.9449580041425409,0.43220890892032926,0.9985126630780654,0.5843683788837983,0.9743926698768048,0.5071959101746379,0.9879423442921575,0.6847236448730087,0.9705151333885605,0.6039643854346697,0.9936590428282229,0.6302282163067918,0.9363409499394849,0.47508216758245336,0.9911243176389408,0.7712271463700378,0.957743348478026
12222321,21134287,1,0.33102652640224084,0.9958265400736965,0.6339169104700824,0.938142091734679,0.3119098702324098,0.9881802599683327,0.5012221174842661,0.9651418356958615,0.43701296863275413,0.9782635577545845,0.5047078555188713,0.9417393682204757,0.437082923302724,0.9763861241281389,0.5498518647871544,0.9337995991412401,0.42577987557691954,0.9925466781426346,0.701709339423849,0.9618305937746281
14629480,10816827,1,0.3492422197527926,0.9965250085052054,0.6482664262791991,0.9701994565345455,0.371392652232389,0.9800232307155474,0.40366544702910967,0.9487532877621274,0.47396715023371006,0.972604048633439,0.4327023710956771,0.9339986830232475,0.4809732325236806,0.9712531031780963,0.44374038829048246,0.9154674554452155,0.4341516906348912,0.9869257957428542,0.6766615518546848,0.9731588070603707
4569312,970638,1,0.5469577535891514,0.9889120020646649,0.4742739066982571,0.9647486139253235,0.526681518150442,0.9891059926407825,0.36613969827005033,0.9456474837373662,0.6390171307557673,0.9788827541602424,0.34518817900108134,0.9311133104731338,0.6890843805435344,0.9840895257987516,0.3825311217072429,0.9329073574703199,0.6186990061648905,0.9871583752277329,0.5770667387593909,0.9597846741049537
9176030,16038356,0,0.7333724364953634,0.9954853089898652,0.5918431341600761,0.9604445376682273,0.8032178041699869,0.9960987457580074,0.5774363286121399,0.9748130644446981,0.8051367020190366,0.9933119771775435,0.4620316226520572,0.9632219557412021,0.8043093765458851,0.9937924849609294,0.4966214299229056,0.9577849456488013,0.7770567228469007,0.9903993659658185,0.6639524035436093,0.9694194018782847
13198370,17347053,0,0.8900692340084655,0.9964394319420808,0.7315351921340545,0.9734951672761691,0.8086077102152859,0.9966716714907115,0.5935191482509766,0.974992201529078,0.9604520103074716,0.9978132882184032,0.6826095933731278,0.973645450785078,0.8645652339412832,0.9954719465854773,0.5948129703001804,0.9478049319823153,0.911980399777308,0.9974490705756183,0.7866342282161725,0.9784489243580099
1508164,13422842,0,0.6269562367705687,0.9953562816113203,0.5924440326664279,0.9764113939658099,0.6013829923800688,0.9918436799905859,0.42995604463188486,0.9674245818210077,0.6155985558693257,0.9899560161095382,0.5067770492424901,0.9558217459497138,0.6682378874189536,0.9912462184421618,0.5013205862396165,0.9677575223392875,0.6913684687325329,0.9928423608313398,0.7138995962242133,0.9742164520292389
22544688,4482355,0,0.5629347080061361,0.9976475029611446,0.6794803474948241,0.9766911172190008,0.5074449648665829,0.9916738846378189,0.45228141327619964,0.9617300707142884,0.6396965427792461,0.9904109782283943,0.5190410019919658,0.9548814337136154,0.6457799758884574,0.9900686706511327,0.46217922237942777,0.9596550494264093,0.6375060009749133,0.9925451115090163,0.6978758104585057,0.9722679202904907
1975347,345995,0,0.7914794188412647,0.9972934673302556,0.6526391296542742,0.971420701201381,0.6339101167110749,0.98989227209549,0.4921761024669361,0.9620917879058744,0.7639216841439852,0.9867285564773709,0.4702842741525576,0.9436295028956181,0.7784370056180289,0.9949224753392445,0.5426867124282171,0.9497247836388595,0.8298112850814439,0.9984572754844936,0.7239267523887196,0.9788736334468487
18524854,21822159,0,0.29870090199157745,0.9921626369549532,0.4936309949994764,0.955194749302939,0.3017608959991878,0.9647074219499203,0.37424866147451974,0.9301712271234387,0.4025842305986835,0.9660235429377287,0.41127268574717146,0.9065943230914583,0.37517831464484463,0.9637285588295287,0.4186527816696537,0.8649104875786273,0.3371277141913167,0.9908771808066822,0.5761057378625967,0.9531587337936948
8898759,13569337,0,0.38431081846366544,0.9960638564292378,0.7082354105565306,0.970881590397138,0.34909693254213087,0.9753852887450254,0.4053040508220541,0.929475069946283,0.4832156507730603,0.9707752824324369,0.4483382281927448,0.9209872069503378,0.49317795470656384,0.9701057538748559,0.42817924584600453,0.9055965312695479,0.47637155914295365,0.9838298595536927,0.5941315397153466,0.9527574930715597
7419810,6319402,0,0.3315878459417418,0.9952753100771846,0.48262373835914285,0.9471619433797639,0.35002918700495816,0.9679152549620335,0.4180717023469258,0.918827208487667,0.5122698523573133,0.9613738201557457,0.37290643929055667,0.888153105251012,0.5186943461503705,0.9614815514078445,0.4115483637378712,0.8810637884072617,0.4261790519766465,0.9857075340560644,0.6185286876403754,0.9708184616021053
22319064,21575638,0,0.381716835275508,0.9947468123496895,0.7385333794056115,0.9710083989986636,0.34078580977523837,0.99124709258237,0.5829057809066751,0.9657440237760182,0.5549470176301392,0.9767218856267138,0.6003031433584302,0.8639261653385134,0.5601050194349254,0.9827886325444586,0.5608739121227216,0.8788776345253876,0.4787843366656844,0.9975411425094415,0.7769658839193485,0.973745660486271
8966034,19169483,1,0.8909277646039226,0.9954254023375549,0.5870465527945616,0.9721262261743482,0.897133988419627,0.9974236086836834,0.4397605060525138,0.952206673928407,0.7944912103666684,0.9904116743569485,0.4943623095915518,0.9502142495018875,0.8265534620922902,0.99056076907347,0.5357978443827263,0.9529425272980302,0.9118270407196434,0.9941455081995862,0.6270036312689595,0.9749818192397476
18778697,20228526,0,0.7662997857925664,0.9980404510643816,0.6538333046556722,0.9806327762386182,0.957150833364527,0.9908239174184749,0.5213261545237369,0.9451820035725049,0.8353089335499461,0.9911539432619355,0.5764816713295411,0.9568969539233181,0.8854951421007915,0.9935191399434665,0.5663089384482463,0.962287445915349,0.8106621356366565,0.995356325539661,0.7764807033459784,0.9821232848122778
6729311,1026391,0,0.7135913045473335,0.9884289496262629,0.7337553868588916,0.9455229670518416,0.75171916346995,0.996051915970956,0.6055290769988122,0.9700410323401443,0.7187733951252642,0.9941302694078875,0.5855371107687386,0.9541720132807749,0.7916202390191581,0.9913736301428424,0.661434277297928,0.9625022066510492,0.7704017761039484,0.9930795912971838,0.7703642088199385,0.9518453825521195
8138998,19722336,1,0.30753100094515695,0.9963946442175274,0.7839231553141217,0.9861091423716567,0.3027541988515398,0.9911055444348545,0.5644037505110329,0.9742101943949416,0.4190138923520374,0.9767097291157808,0.6038981292086555,0.9021089840497593,0.41889294702538155,0.9845207927431017,0.7042195547682465,0.921283681935768,0.37270637154092356,0.9950129059719814,0.7840359362715077,0.9815556973809341
10949790,4567361,0,0.674797955021518,0.9904554326282157,0.583335192103812,0.9407224006426427,0.5389182952767078,0.9935333749510884,0.5329741780379207,0.9346397966323802,0.8022791996464,0.9930324257928227,0.577962972501533,0.9589011924138372,0.7753466055338956,0.988683807577224,0.45594537214144004,0.9263095018891578,0.7259752185925801,0.9992817036119729,0.6402092325666263,0.9477266420834788
9096612,23188867,0,0.6199035849830806,0.991361884128015,0.6521973284453447,0.9703905698896723,0.5539166270605476,0.9799239560464851,0.392728061418983,0.9453864977135229,0.6956728995128477,0.9865521421024271,0.4803459420399403,0.9538943936538367,0.7012129533310096,0.9906640127232677,0.4928108012176329,0.9468181047144807,0.6891527076271909,0.9957444196115565,0.6983833647383703,0.9800990196372023
6492265,3121748,1,0.644410745540584,0.9970495666439517,0.6972909544969819,0.9714642492823221,0.7596116893226392,0.9967045304062133,0.649558727690279,0.9829243482926756,0.7333825034308187,0.9860257147392855,0.6571156578847316,0.9212201833642047,0.8023857013479713,0.9974469446596836,0.7123990709107311,0.9785772528249994,0.7128648912273832,0.9969335958992522,0.7907027043541472,0.9831399697551209
6245929,6759112,0,0.7286017717699006,0.9977317308112368,0.6120888791983904,0.9584374156009382,0.7218516889623319,0.9976228279826105,0.5736936363978258,0.9744023077892151,0.8238787381913636,0.9960227418779573,0.6169676338137956,0.9671700141323304,0.8238787381913636,0.9960227418779573,0.6169676338137956,0.9671700141323304,0.7856685115819686,0.9945758976052393,0.70207798347355,0.9733254766944521
11158190,22125927,0,0.6783296825114944,0.9988574837881472,0.7314084193276307,0.9535847272347002,0.725280143957283,0.9951841105999373,0.599026923770974,0.9773192358299846,0.8209102620258567,0.9967554042080565,0.7161555196352525,0.9789985276272622,0.8300699218068837,0.9977119475933901,0.6605834128321788,0.978033027931022,0.7422830178722073,0.9977437857093548,0.7937989890092574,0.969531015034391
373447,18005008,1,0.5923282945729654,0.9955747535228414,0.7475834067649436,0.9793284470795529,0.6262041384141273,0.9955964856569043,0.47096526947849127,0.9700052937439267,0.6838872189450176,0.990356171102547,0.6715690643189273,0.9669455258355187,0.733127357682471,0.9894220043234384,0.5714592069881025,0.9518804001702448,0.6624801219819737,0.996917639591131,0.766507302279744,0.9840525802732323
17068622,15571542,1,0.8080484226127659,0.9949848166261578,0.7109768702919871,0.976008661218622,0.7122767045013839,0.9902426096464343,0.528701084073957,0.9662081151670596,0.8154980125336097,0.9962817445390922,0.6847038054957937,0.9754941519909772,0.8212703167524957,0.9943848449871288,0.5996471753915757,0.9609510432577008,0.8424450087710968,0.9879318587350854,0.7228021323892797,0.9492210320272897
20836131,20188734,0,0.7346522552552106,0.9987830061135915,0.6574258201149641,0.9707403620565359,0.8479995653599611,0.9945595186787496,0.5002084961283296,0.9584863200232924,0.8655789231229464,0.9947858572989173,0.41800099533310153,0.9327553161226471,0.8739246108578207,0.9968483085771819,0.4743920076171796,0.9544455169789939,0.778378709486277,0.9910656401357144,0.6392891301436301,0.9552095085764717
316364,5634854,0,0.7733674105168148,0.9953141416758642,0.772985216010873,0.9819756076422348,0.9383303721213485,0.9804572152432445,0.6412385873295685,0.9491446282918033,0.9226161264725157,0.9974423240357729,0.7516816707505181,0.9599425922279434,0.9410474920550091,0.9948379431686131,0.7294991037519492,0.9289088519455713,0.8170310264606411,0.9976609997716179,0.8179283042868379,0.9843685069295239
15957269,54417,0,0.852000910399789,0.9984983341035732,0.7985251515824296,0.9713446832472801,0.7718677874585907,0.9983061703077258,0.6555367720558793,0.9711087329110065,0.7525320672841029,0.9955440111711426,0.7789121032775234,0.9713239754322848,0.8444970084242658,0.9974964676938228,0.7105467674051966,0.9529960743928093,0.880652307418659,0.9944624043256599,0.8180301688328292,0.9745875970485463
5746377,11664406,1,0.7231965583937999,0.9995432561765153,0.7989886280246019,0.979269900910709,0.938368912603726,0.9931123890599198,0.7111929584922965,0.9632799998465804,0.7330090119754268,0.9961019519792375,0.6815875026799771,0.9625106695720063,0.9095612094775676,0.9969064112848864,0.6641946571721484,0.919236010398377,0.7835955953983811,0.9950823491067279,0.8739541571792284,0.9810033886506045
10851,22966596,1,0.46620217814553583,0.9985102365939057,0.5715245382257546,0.9358762660929258,0.36817310997959235,0.9896509439641119,0.49897011581362494,0.958217822112911,0.5836313540949967,0.9860662856255004,0.5278473107213647,0.9624374234957479,0.5849277912723686,0.9881796656844467,0.6049383445905288,0.9568841472158012,0.5476743542465164,0.994556115654932,0.7346044680868545,0.9508105617283399
888827,7225732,1,0.9541340910803446,0.9987709322595405,0.8019218707703634,0.9799457574446392,0.85519693774713,0.9947035922997508,0.7885847999212854,0.9757320020878355,0.9417076709760667,0.9907334192022981,0.7848416809439694,0.9567421829955088,0.895417216397669,0.9970162032443032,0.7972663675861353,0.9758111101782382,0.9605495287621789,0.9967814854640946,0.8136708839200604,0.9723293062517081
15712380,13312539,1,0.4799841044170571,0.995240450103574,0.6542020805477351,0.9611217442624829,0.3854961798938157,0.9966824306233539,0.513815983844988,0.9627135114682218,0.5974757004718065,0.9820629714319998,0.5395320767249853,0.9392978400929207,0.6021657214651951,0.9852034107332441,0.5645978943263941,0.9551129270126768,0.5613461828092718,0.9945655295610027,0.7029216392599664,0.9763868047824147
11034629,11046598,0,0.9305079034652208,0.9971949158389648,0.6935317841209707,0.9521846300156611,0.9240340686528921,0.9953091553322639,0.44538953834165607,0.959966982124122,0.9246076511563867,0.9869268801848595,0.4332616062963186,0.9343381553169564,0.9673600936497968,0.9967939606466255,0.655293033415435,0.9738597279887401,0.9539064060412684,0.999591531011694,0.7270068616941694,0.9667399902262854
11075647,16157869,1,0.4960490066217959,0.9894591328414795,0.6745444360486037,0.9403857324682873,0.45858282723830796,0.9870221879221247,0.7625881770034006,0.9743388208210033,0.6585542562106114,0.9954908695643822,0.7231391411305639,0.9601159232372568,0.6353858160536584,0.9943597633434571,0.6682309077524283,0.9251762377718634,0.5767594867627307,0.9986113162645596,0.7827352692338234,0.9719411899439567
11896430,4683894,0,0.4944379049112178,0.9943214809305739,0.8133073669085871,0.9728770421779509,0.43283985776813966,0.9987602039660625,0.7941030639755786,0.9853178740493636,0.5521492560354617,0.9981776954786894,0.7697616651124661,0.9758357619990814,0.6001015590850264,0.9983182961192139,0.7891382279850073,0.9792942958961754,0.5744735126109729,0.9979223054135613,0.8564374702745763,0.9808376329734363
2527129,20761702,0,0.8757175475907147,0.9953084369587887,0.6272285871527623,0.9726909389252429,0.8212618044200864,0.9874914131926749,0.430227554156309,0.9601578184496915,0.7333615715792452,0.9763278522737474,0.4120242768511174,0.8964973597492393,0.8710600729007186,0.9917280167161078,0.5471687779913049,0.9583198267688842,0.8963389525711499,0.9939143544431918,0.6239338785293548,0.9628513385144841
13514558,4470706,0,0.6295062410602603,0.9933681494786876,0.7026768940654105,0.9439955813559546,0.8534595013981505,0.9933087190502489,0.5888262140548294,0.9745077817773915,0.8973686998229492,0.9964616329958228,0.5332771152545848,0.9231962774764256,0.9436375371771041,0.9982154224043709,0.58613685997733,0.9598150437392493,0.6914823614512805,0.9963358626832868,0.7578985889303685,0.9548227489462724
4830848,361953,0,0.369011997552564,0.996842770194448,0.7530892018741956,0.9479352349383057,0.4164319680135021,0.9878343766769937,0.5643345628612874,0.9633602107881343,0.5670637950115779,0.9855654777038128,0.6082415172340319,0.929249883892774,0.5670553356731802,0.9889556045436525,0.5793221825057175,0.9423821366430826,0.4823811464878767,0.9909937488917636,0.7615635915874027,0.9514814645591978
22430601,16619660,0,0.6452135738895887,0.9883650613751583,0.7098455956790415,0.9578103144466986,0.518932010508895,0.992942422487644,0.4275037139877659,0.9588350981283599,0.7550974540269951,0.9928739041187122,0.525614564407406,0.9554785327417705,0.6927763318149593,0.9908712757800963,0.5271891650278824,0.9216197805970745,0.7084387821311008,0.992077619015128,0.6647587291374515,0.9571307818165047
19322911,19307121,0,0.6667790780755014,0.9957591338781795,0.5631336407186391,0.9672688752141423,0.7595181641966873,0.9938169317565002,0.4190837978874459,0.967007295126266,0.7618607846965236,0.9906864351679742,0.4954635868758318,0.96218425751105,0.7711798297441176,0.990731116399559,0.4902249359285934,0.9632746099889354,0.7368783756084218,0.9964495081253045,0.7499083801188549,0.9836054706559546
552319,2247987,0,0.29379712986971546,0.991775289026003,0.6691888431855741,0.9354939666798384,0.29338288364882814,0.9904940026564188,0.6142164983710714,0.957953031557729,0.32951197310639374,0.97411601841577,0.6209153032658379,0.8927081084549511,0.33185206353668334,0.981468089042289,0.6488762647295585,0.9335953998478295,0.31055799826020364,0.9932787008446454,0.7302760845813757,0.9618864706344932
276152,20991251,0,0.3370862259184121,0.992736266492252,0.7767616697512025,0.979240307929001,0.32143918668173177,0.990578472472695,0.602808738411597,0.9588025522484795,0.43255985965310995,0.9842175483009966,0.577637411499946,0.9428661549137555,0.45909485721836146,0.9860842844800727,0.6996634921565874,0.9641876785409886,0.4327432375907632,0.9920259463492851,0.7818954646225208,0.9729321304331603
2721034,10658266,1,0.7008479382558559,0.9825299487034627,0.5983503451396672,0.9565832932446696,0.9449235592550369,0.9859157339982938,0.4114978156389072,0.9276157431406395,0.8927638326476123,0.9973781702450687,0.37649358309923764,0.953845931154103,0.8965582509207651,0.9972461069898886,0.48793595299648407,0.9559746229882335,0.7506303204455291,0.9861150075496039,0.6390850136315196,0.9367980199850534
2603514,12851326,0,0.9084846299772458,0.9983542370433488,0.5297408470401044,0.9703399694219981,0.9311138798767424,0.9891996371132903,0.3358997591556476,0.9419426228363461,0.9247912672824755,0.9901048165272139,0.39314060718238897,0.9208999523944726,0.9446448496235983,0.9970894554876089,0.2854378922070244,0.9470740734292286,0.9240828851132672,0.9980678100519008,0.6100904933452364,0.9767538619720287
14047630,23147990,1,0.3992153370654813,0.982857068471554,0.5581786111868117,0.9605331930969684,0.36608962352417196,0.9811508799285813,0.32983672005416553,0.9275501742950027,0.45622205282582234,0.9505576937667416,0.31221818782680855,0.9085040859467091,0.4591060297886554,0.9512792582526188,0.3539964349753705,0.9084085260511288,0.4947648093512731,0.9813460604993678,0.5374146455169839,0.9488637585178809
2252378,3660246,0,0.4674343427918166,0.9932106761695835,0.6401232446807805,0.9763713935923487,0.3762704361392891,0.9889600593239732,0.3876557765851062,0.9320328216060643,0.5427317825833947,0.9838917238249354,0.4727573347509819,0.9501724561735864,0.5365568469586716,0.9848185064132026,0.521154146586245,0.9465749344063706,0.547144315421203,0.9906968798597725,0.7405470421588055,0.9716353239084455
10937085,22281203,0,0.3123737734891417,0.9899871661309708,0.5592456096221474,0.9693260046709334,0.30013700538400034,0.9799841485182943,0.3780222393797852,0.9373434032637228,0.4281767252938961,0.9554240549913349,0.33417651811953886,0.880524068149796,0.41239403834599286,0.9573808565740876,0.3454900489002303,0.8743964740869803,0.37290686370631215,0.9796642280200923,0.6078521786960033,0.9443932497264202
13863615,5422086,1,0.2983046776746409,0.9959910885256856,0.6774325982254159,0.9791613934745295,0.29506532568678995,0.9967044652447741,0.4183805919682564,0.9491392670434102,0.35916652919291897,0.9627155490190867,0.42598911008724916,0.9319943542130857,0.36308782440011356,0.9624356494892022,0.4354667170021568,0.9169568641014176,0.34265056823986606,0.9876134820201918,0.6416011034972653,0.9736087471576645
20379341,12528437,0,0.5416078444807719,0.9921078321820728,0.6265692892147514,0.9489440271571313,0.5753888977518319,0.9896297364861047,0.5687672947147009,0.9745664643546086,0.6799355369321408,0.9914243033573233,0.5948196148968597,0.9555645402480243,0.6727547193881428,0.9919373624426231,0.566790321642573,0.9400954156359319,0.6167543796067639,0.9980490238205817,0.7189158500034989,0.9801569512065367
19687458,16410666,1,0.5761044548065292,0.9987297705439064,0.7241384362228618,0.9645578148743542,0.4338926936490917,0.9921983919443649,0.5624459652393559,0.9746619792199157,0.8047493361752476,0.9897413284922191,0.5332426274677486,0.9570379151815106,0.8084967915784379,0.9964515249159782,0.6392702647238375,0.9604722208528964,0.630268885479263,0.9876533999046778,0.7195415804832503,0.9544794865927931
3236017,1427758,0,0.8023903924803466,0.9976136875092975,0.6520213741219887,0.971806920246421,0.684944787995547,0.9835718235136871,0.5118672360855488,0.9631861361315325,0.9096308442114541,0.9813030021569439,0.4469110423240815,0.9106269545630059,0.839975241182334,0.9979286666713633,0.5429158080198387,0.9638428627215467,0.8428584863715073,0.9970722824907909,0.6582857606804657,0.9731229207623521
20691789,10348730,1,0.7685014911648006,0.9966602830840228,0.6982242113572162,0.9870251976218531,0.8622570434558171,0.9924647833100309,0.2897245153963387,0.9399630512771097,0.8912334861717449,0.995691672798611,0.6278467260223048,0.9684145127249417,0.8893690971795594,0.9950191405858004,0.531810017537915,0.9645246486390017,0.8080673798103876,0.997910067288711,0.6772174425509061,0.9810000223423552
17551920,9880330,1,0.29729855858763904,0.9949599202595999,0.5877774052663644,0.9403336596638416,0.2932460135209676,0.9821617619052203,0.42888989206237116,0.9576256030254723,0.33271269520007485,0.9663544300283753,0.4875072168844674,0.9436539680372786,0.33287530953032285,0.9626435290832692,0.4825634335823221,0.9163345338181984,0.3243076497269343,0.9864226619525623,0.6011763632584466,0.9547699675565503
3743400,6095507,1,0.5514255631760224,0.9961955112332536,0.6966752791792479,0.9688003173360064,0.6443995221181784,0.9951435532715573,0.5016092224953581,0.9617203388458468,0.6407947065804329,0.9801354711947289,0.38499137859347987,0.9309190725813243,0.6449582192963335,0.9777663936237291,0.4225350813700982,0.9148177887100665,0.6235102004943177,0.98668445572411,0.6168455684731867,0.9582103723139901
317855,4303376,1,0.7595364386698407,0.9976104281850892,0.7089513802988101,0.9604175991805647,0.8206583067368933,0.989995389193095,0.4370604012995727,0.9606831550193385,0.8462623500635087,0.9915756190525916,0.4252012516408097,0.9537647797364761,0.8505196009980678,0.9926071883183162,0.5106225472706224,0.9494695295134142,0.8113437687013936,0.9933045414859001,0.7123173966761495,0.9628958058454559
21822158,7292917,1,0.34238890675175904,0.992748097575392,0.7477620046925366,0.9543669870013338,0.32761388003489783,0.9952734494064465,0.6227689041681383,0.9686167655041779,0.46125239650615907,0.9940525034610915,0.6809360976184444,0.9674842527065446,0.4628232911939965,0.9912162884207448,0.6563515472310754,0.9394657166180821,0.42935036747790317,0.9982514704175477,0.8129177077242176,0.9763929233500785
19984804,16289496,1,0.6294205045466222,0.986527749414173,0.5793545746625146,0.9482654463401082,0.6770625089343024,0.9816203538981743,0.4784120744165007,0.9501208597031219,0.7372547280047121,0.9929035804530194,0.5501181373114262,0.9686539122453622,0.7424350453875183,0.9939270892963805,0.5188127000477241,0.9585947649761719,0.6912937502169049,0.9970044590800132,0.7068957057285368,0.9632296949493702
16502662,12994590,0,0.7263909348177418,0.994593626004857,0.6312778007225954,0.9474893163167635,0.7119995585616347,0.9930993496899662,0.5555703792069451,0.9664332054707581,0.911241938266893,0.9963226168734614,0.5614496088904604,0.973169122738221,0.8314380609717287,0.9949667633440508,0.5985076663609596,0.9648675672585728,0.772299274970847,0.9953609047159485,0.7183462744118149,0.962055044988458
2788555,2467280,0,0.7424544849790953,0.992833356517448,0.6682547796769683,0.9548909290066505,0.6564752856291681,0.9831715697190757,0.7001356483028363,0.9597686324635408,0.7649579599362314,0.9884700283713833,0.6602781306785691,0.9433595112857033,0.7504828230386836,0.9927061838683999,0.6552990088007192,0.9620555430324039,0.7934756246566952,0.9950814224483538,0.7623093907524001,0.9668880780710339
8143340,21694489,1,0.8960613047965732,0.9958326054130677,0.49419025636102054,0.964056789310266,0.9592113567435339,0.9927776930207137,0.3890719388815228,0.9529773196802419,0.8539907888905147,0.9915928126486706,0.4020698733435676,0.9556436407876824,0.8539907888905147,0.9915928126486706,0.4020698733435676,0.9556436407876824,0.9134385790085319,0.9965853900186483,0.5883488178254944,0.9710727065856359
21840034,3850809,1,0.477154857793814,0.9933244546381085,0.6935378047191747,0.9380053027444389,0.37461114844526444,0.980482193289501,0.5223666192048784,0.9674569092340347,0.5333630633250287,0.9928510887166101,0.5080274281003608,0.9522324814439121,0.5755306011287316,0.9881764166885209,0.6081937395131602,0.9456216155877644,0.577887206194261,0.9915028191161624,0.6516510972704416,0.9503391021319737
13106834,11158190,1,0.5479877149185249,0.9961228434638261,0.7513674878399031,0.9511992217366307,0.5556244373543049,0.9936997040326875,0.563071082473789,0.9733387466675754,0.6374631070118679,0.9963052879919224,0.6162135133659482,0.9648777373219991,0.6902316002978153,0.9938872015683115,0.6710917418830611,0.9695463541097562,0.6300075068724359,0.9970644110738145,0.7982965562046003,0.969723577054419
21652119,6028953,0,0.3179749675138738,0.9927797444464149,0.7367736598431988,0.9660183707740029,0.3066292152517842,0.985695829047732,0.5437745608939104,0.9461578136277476,0.4323813511135757,0.9808391124426493,0.6580208469483458,0.9286109196168502,0.4396708447402228,0.981426319002563,0.7149054486201273,0.9142980250745216,0.4065983293650589,0.9888005841508946,0.7711738986447904,0.9527466129278138
3788596,11318551,0,0.673781804338921,0.9906465932809587,0.7278091971983002,0.9529063244420533,0.6848178240208291,0.9769800478684402,0.5058486875642714,0.9360043638600316,0.8077402336202953,0.9940125654918561,0.5503046678164814,0.9517432548444761,0.7526468903384956,0.9976397098382951,0.5884179996412321,0.9328942962750516,0.7386111630436919,0.9934373381122261,0.7124697408084878,0.9612240886025563
10922718,7665877,0,0.3263392164262377,0.9989034891103018,0.6646330314748684,0.9658316146971434,0.33460937820601105,0.9843752898501772,0.7658583294501546,0.9572209956541043,0.5090376931779123,0.9921163693195105,0.5912184321087793,0.8859488034000415,0.4845101086654908,0.9934959399191939,0.6088998151606064,0.9116214365663894,0.40934250325322535,0.9893652254038885,0.7656989950456169,0.9289416836190325
14037891,4684601,1,0.49396856183628135,0.9899593333768798,0.6631901892186616,0.9698573546410822,0.3979525600512402,0.988870205999412,0.3757306646402234,0.9325440068080736,0.5576848082784793,0.9823990502981853,0.5641326958115078,0.9449379078206851,0.5600174077635655,0.9828683612784569,0.5486313051548855,0.9437723534380634,0.5737335226867359,0.9856743707892184,0.6781529420848569,0.9399397555893924
1677217,8181035,0,0.5983499462152793,0.9956074966721337,0.6852362943094369,0.977888817687667,0.6397644506361114,0.9929913531942836,0.5091390562660236,0.9575814651314934,0.7988456816884747,0.996442652007581,0.6796980942375559,0.9670780646881525,0.8115068948935851,0.9904666726409505,0.6286770685493959,0.9432684706992905,0.6781227236465287,0.9912352366814533,0.7325875697530514,0.9653544874643124
10337387,6483359,1,0.6572889301362348,0.996256938088806,0.7219717796641638,0.9782018487165738,0.7041861283011132,0.9972112353280983,0.48435731117520886,0.9708358348114096,0.8132672833147636,0.9949704155456346,0.620071923618063,0.9700482588024797,0.8141318238972108,0.9966345953441023,0.6367610567129309,0.9738250045903524,0.7291416170591007,0.9986899794532174,0.7064866037668762,0.9773624611805012
11986407,7574033,1,0.4858044082952015,0.9928233467201778,0.5749393148519559,0.9326190048756429,0.5020972304291542,0.9781791046364029,0.3440668319618265,0.9396091515709275,0.6519858489559351,0.9805054062435419,0.46144859934566596,0.9393682717277246,0.6549478137434444,0.9782973133321844,0.3948513476214893,0.9211852850106493,0.5667925649967837,0.9955637020690749,0.6321641560251283,0.9615319658799629
7066835,11142914,1,0.6882516159024917,0.9992863341109136,0.692450699347969,0.9769809352330723,0.7776996796085601,0.9941045305852045,0.32557648900052205,0.9648202813375435,0.8327784427698225,0.9965033163228288,0.40813020894105534,0.9650367012990005,0.8325031826211292,0.9963821218015597,0.442829038750009,0.9667879036417073,0.7553179697584913,0.9981593379108477,0.7513340169598316,0.9804095238564677
9552054,2234704,0,0.4560093825383169,0.9997037885449994,0.7680768946531176,0.9805867427180365,0.4019290794029222,0.9894860237459134,0.5454244430527819,0.9659161849660435,0.5510457896949945,0.9888130612925862,0.6866030531986014,0.9652942876076922,0.5715468898270741,0.9894155324882148,0.6761625983482249,0.9518234058086702,0.542973208927286,0.9908136446499745,0.7749152284673246,0.9684557381352633
519787,19053519,0,0.519490503123845,0.995951502329551,0.7414209209062336,0.9733494479076716,0.5538464385349572,0.9803040699027138,0.6077498894189983,0.9544785874188353,0.6671431437300989,0.9911896615941328,0.5275237528428518,0.934804129621303,0.6509281649694987,0.991623861843156,0.6135562436844032,0.9433833476121274,0.5950530967446791,0.9951614214745348,0.7354536273832304,0.9721877989210563
12614305,5313536,1,0.9419978225968558,0.9973558208204377,0.6705266753043005,0.9834990909935697,0.7668512826940919,0.9865525530542893,0.455899044787729,0.9580916393238884,0.8177944431922672,0.9954099267987457,0.6707717127378494,0.9616630408461053,0.8321320781335394,0.9972168209111608,0.5721664206465121,0.9668760575301534,0.9454545821076887,0.9910822764977001,0.7240114315724153,0.9648833022307102
17513478,8677886,0,0.41433278053910483,0.9948200510669062,0.7078248234527522,0.9761062035468917,0.4747152414102107,0.9750966318429989,0.5598767534813969,0.9368266079891077,0.45483109872408045,0.9849961764749537,0.5220330225092206,0.940484451975549,0.4893738461170845,0.9837022159866612,0.4603254614083667,0.9495677573102502,0.4957746868261115,0.9796283859180959,0.7298896283819498,0.9436967416685351
16946193,1966262,1,0.3893711913450016,0.9989042405601662,0.7441264183440426,0.9720373523533238,0.3554233313558465,0.9833148429257945,0.5943057142810466,0.9687398721381646,0.4890136907172933,0.993477533155097,0.6707601543230814,0.9688187132241536,0.5138242199095355,0.988288078958273,0.6305196723416351,0.9510327610666516,0.4871250697615085,0.9884011971475033,0.7580794162143959,0.9597250845895442
23241194,17576014,0,0.4680703704003893,0.9954907056389241,0.7827018651698469,0.9599446387032256,0.4286980685631802,0.999659841146387,0.6513152305785884,0.9805043888109425,0.5534040543133483,0.9835738578334331,0.6190766658294524,0.9443414751916059,0.6084015142033581,0.9928711640925949,0.701654628251615,0.9717143631497437,0.5665934669339981,0.9952649155415259,0.8116669423887968,0.973686726724511
10798829,709584,1,0.8292936170016562,0.9916477960132623,0.7627646996053654,0.971806496663156,0.7292687177418622,0.9773301084743791,0.6495666145215739,0.9503561412479589,0.9375303131871012,0.9959658278432191,0.6151184272632971,0.9643270060560329,0.9685491291736821,0.9977590032847783,0.6325982921052447,0.9620875295369413,0.85999448189916,0.9973343303203461,0.7697021080963578,0.9773936583967792
6297832,2431931,1,0.9345712796355338,0.9958011562198151,0.5746886440751087,0.959155182033363,0.8257458786189577,0.9926205278164008,0.28320073949946445,0.9461166332817734,0.8922432634273328,0.9916348452433025,0.3493405615303239,0.93384135140719,0.9087580705484346,0.9954458495173345,0.5582026221553376,0.9641514611147062,0.9465987364495873,0.9913832784316142,0.553805061428873,0.9648835964799403
14188181,854262,1,0.8940196995718483,0.996066312732476,0.6739513215612509,0.9736413195126139,0.8429946620147185,0.9940495941937497,0.6889699948447994,0.9760899698237565,0.9472661824053422,0.9985382040465381,0.6601860963586847,0.976653443587899,0.9465156107487261,0.998749970816743,0.6520748827833123,0.9760964946371526,0.913881638857135,0.994538905403652,0.8009996913972629,0.9764328928124717
17299308,2446253,0,0.8342095756568835,0.9916432281801408,0.6861591805229372,0.9597444740215121,0.5943521929298479,0.9786344136163605,0.5051617468724229,0.9117606080227955,0.8492010672426126,0.990538450768785,0.6845735940927207,0.9529037134647549,0.8390676364713268,0.9965447597930174,0.6921520342671579,0.9693449274453791,0.8610449711454315,0.9957113008709473,0.8142529494527098,0.9758284028000412
14944207,21648497,0,0.6798582532921252,0.9952097586969084,0.6691502295120071,0.949029983818772,0.6632308824972238,0.9990561256924242,0.4092739473596029,0.9652201141811441,0.7629731270982688,0.9955864612584673,0.529447547620183,0.9643763641055374,0.7896004340907672,0.9882550337084915,0.5297214195147069,0.9511774045043125,0.7438346177710677,0.993888198723986,0.6921969209016855,0.9620313188734584
11481709,20913493,1,0.8697660022696257,0.9941996774838716,0.8127268024626371,0.9704539957573337,0.9166148888710078,0.990551510857137,0.6610546864447739,0.971258617836038,0.8720538175286714,0.9934806397172585,0.6328213035800045,0.9400637136478057,0.8902865674130903,0.9986875584280577,0.7258552031663029,0.965914066625748,0.8930885810060704,0.9965606923320227,0.7858593095199556,0.9767416909184531
11213172,36860,1,0.34023408798800703,0.9928049871676918,0.6414116460342962,0.946797947836399,0.3362931471646982,0.981863916513496,0.49637731081764336,0.9586834159693179,0.49491806206477335,0.9819557807241337,0.5493568013122285,0.955958173442418,0.5045785168176067,0.9818275997332807,0.5010857673460318,0.9438342198552302,0.447156123380039,0.9899119749250088,0.6744866373339788,0.9639828698260958
19392392,6371603,1,0.5000569322752721,0.9894779347740537,0.6537251300790101,0.911460313337257,0.3760728613136868,0.9911488413798678,0.46871581617097513,0.9657375284733067,0.572850343756284,0.9857926518834892,0.6102839179309287,0.9585265673683419,0.575949346933569,0.9847717281482764,0.5191742717533377,0.9651431838561125,0.586663231922195,0.9886073312508137,0.695906059895554,0.9363915451928195
5545050,12312913,1,0.7527435519392729,0.9954587764481772,0.6618082889932329,0.9391482665451718,0.5134547508148404,0.9901911416647976,0.47532868483198043,0.9514044048705412,0.7975427554465615,0.9950062115975623,0.5752047189678462,0.9719659140749054,0.7454711391847428,0.9919153157653603,0.570889538575532,0.9552323623914141,0.802202825184321,0.9977867068113218,0.625739466910527,0.9558497955890219
12887881,17347053,0,0.6230527503530853,0.9994222824189586,0.7445547343774876,0.9833609527378848,0.5979846463461232,0.9993687311335754,0.5352046920301272,0.9741139457498931,0.749396648401875,0.9955799704796774,0.7242685756577634,0.9718082826282849,0.7572830298268273,0.9953274666878984,0.6942090950043286,0.9731114829868459,0.6976793660933274,0.9991708140771528,0.7766531898710569,0.9873780610458405
9024096,779185,0,0.41579216502336414,0.9969137529069002,0.6139750346190836,0.9663374665718409,0.3542731107708163,0.9799574133793569,0.399841647175168,0.9471943285251838,0.6012088174297391,0.985745614652795,0.42232010050875957,0.9413877347393919,0.6000067299464986,0.976800375975951,0.38105972187178183,0.9136039351008358,0.4963299068397542,0.9948008194723169,0.5852482203179721,0.9743436399910413
18456843,10819149,1,0.8773044010006366,0.9924716211803959,0.6400627964391018,0.9750614649212669,0.8352548043166034,0.9898328530710949,0.4374184221259776,0.9626907870457664,0.8377443883401076,0.9961164475833469,0.5145938259827914,0.9676886928811692,0.8416356822140107,0.9949427948831431,0.5696849493090101,0.962108705040611,0.8983281415076736,0.9947483304392672,0.6168377305082389,0.9673316090645117
22395244,3662475,0,0.6840784662242811,0.9891954446822973,0.6799135200287655,0.9458149273293334,0.5683445287406023,0.999661673423719,0.6019403993897914,0.9723725478241225,0.7773285694608768,0.9914190951826443,0.577891273117082,0.9532945541020202,0.7562216668863232,0.9925010032480029,0.6265989441495428,0.946879923348583,0.7491534852679319,0.9967077144698473,0.7796906240339204,0.961669606752148
4385640,13438576,1,0.9138378490028393,0.9862563297099224,0.5514924197651027,0.965767597495356,0.7774633498981908,0.9912684866778654,0.45319405581217886,0.9500059565756122,0.977974150059613,0.9997677193414546,0.6464984227611337,0.9738136923147399,0.971855494708884,0.9987348604989128,0.4830214121220061,0.9652061005851924,0.927732288039817,0.997395670234577,0.6970407703315353,0.9806934564700296
14050307,1296795,0,0.3693539611047726,0.99841432167034,0.6954180603510274,0.9773833611808243,0.43945336192353274,0.9753605203777836,0.4579437597233509,0.9348654520508106,0.5497752896084861,0.9809036378752436,0.4690802859100808,0.9379103357202949,0.5586949550949211,0.980951977426351,0.5042496040405485,0.9290351667434665,0.46062571435030986,0.9936553411081499,0.6898329945211755,0.976631372642695
7132185,16706229,1,0.45894426831002055,0.9914039524327757,0.5938744539329671,0.9396744568312656,0.45980280741577134,0.9883327922805033,0.44534587601009057,0.9530026039888914,0.6535843635038157,0.9857286486003294,0.5567965057107842,0.9603162465558539,0.6503852615191618,0.9864956990580965,0.5327141567891952,0.9592790723346061,0.5319171588379281,0.9950698079333965,0.6578234453134613,0.9560466766057524
1069285,5597187,0,0.8080036269286694,0.9914369738158506,0.7544340928981551,0.9567590184129081,0.803972583094074,0.98522818783113,0.675230826189761,0.9653391846347888,0.9025535186267752,0.9753171688554727,0.5424614168994946,0.8911431888583019,0.813577640193372,0.9972023338144771,0.6356004066551769,0.9247732275779547,0.8460826680739464,0.9935901617656661,0.8108050039951475,0.9626492528165281
11982462,11776522,0,0.8344611499929375,0.9951928009730397,0.6593144571527259,0.9505459653223061,0.8959836156871394,0.9879080335499989,0.47638401618606874,0.9600360569221305,0.9296626181868111,0.9888347690120708,0.5523531041255246,0.9211504941252588,0.9459201494767294,0.9929857835812224,0.5375457025726322,0.9414124410080619,0.8643389813327016,0.9961614628304909,0.6864858142730338,0.9668444932492776
1684606,14230405,1,0.3006292687356536,0.9882326380301266,0.6209532821047153,0.9179580908470731,0.2958460767472387,0.9743939520286287,0.44415902183147815,0.9472686075349454,0.35189030379266045,0.9824474837263127,0.4964251256002412,0.9376283999250812,0.3664572893149845,0.9754128298466181,0.4950937633203095,0.9384130414931746,0.34692334875356057,0.9899702336538467,0.6212706780328716,0.9496890384423359
19240485,14869434,1,0.5398115951361674,0.996493325758066,0.7476810046827795,0.9795819335501832,0.5449319075403493,0.9921780099826277,0.44631253454065734,0.9613449407057103,0.7346172885924133,0.9892553917424833,0.6393865055697583,0.9309849470859929,0.7443757432064463,0.9870908754019879,0.47738576307882175,0.9172552868954863,0.6135590201590498,0.9979698000368148,0.7572187655639393,0.9826197372447834
12104132,16520895,1,0.4987339838489659,0.9891033623628047,0.6083777091070782,0.9652606197684165,0.40734756865136595,0.9860342847411523,0.45845324739292515,0.9510923664803617,0.591432168044271,0.9841591698741988,0.5527903363211579,0.9544988216465031,0.5904972382450537,0.9850447749028878,0.5250979083674455,0.9443011452084947,0.5727804646250466,0.9977213334624371,0.7816313904847536,0.9647739889425496
3488916,15453012,0,0.511793627554242,0.993204206667005,0.8237885413407361,0.9734507114112522,0.4938160992664985,0.9988901100432653,0.8172809335964342,0.984927358801303,0.6168302727707823,0.9937720395387082,0.7451024282391668,0.9460340655013452,0.6491733917988662,0.994017581459182,0.8384298671137953,0.9679028896603538,0.6003185720011022,0.9952587965186761,0.8552051641790573,0.965899707024982
19292974,5430189,0,0.33674277375856204,0.9917188672054202,0.7103671101783958,0.9530343218084737,0.3440868304948993,0.9907052223413313,0.7506683112570484,0.9769643701741151,0.47120571142589635,0.9940113070177244,0.7556314535713817,0.9810885396372864,0.5104603390455302,0.9911124261735779,0.7966171956973889,0.9709332203839147,0.44156139471762007,0.9947248131039134,0.8176286876161761,0.9764759860532225
20691789,2467221,1,0.5900477932425533,0.985938636021491,0.6518236615340722,0.95070864828205,0.7361199267407944,0.9913250482817609,0.27572827541439116,0.914435692100054,0.7819641598319432,0.9916427116646576,0.5150942907044134,0.9618356736091999,0.7853232664915951,0.9906651480009744,0.4740599220954985,0.9640958693071069,0.6544362267640725,0.99059840393916,0.554010472622531,0.9384565418900876
4594844,13935756,1,0.3790180034160368,0.9985931495119832,0.8547685877702197,0.9860859654917957,0.3568601154331312,0.9981544956825195,0.6860382942512367,0.9769993815026978,0.49125119522008276,0.988530273517174,0.7022997005958085,0.9431350117290688,0.5113387787606157,0.9898635863838562,0.7278510420957083,0.9448152845818713,0.47476789403992914,0.9959285345992444,0.8412225352741678,0.9860657592715683
19138361,7276772,1,0.3377637310682963,0.9973347753262318,0.6622932219729452,0.9764477790582728,0.31661592014988366,0.9973594585372699,0.5927911854374479,0.9594228971634392,0.47312865446840385,0.9882823716635275,0.5609786806571304,0.9490730956859578,0.45661824628358116,0.9886534680940695,0.6440971420553963,0.9465836229699517,0.4287364345300208,0.9941408095161971,0.7953684674043779,0.982076962306223
21752108,1008326,1,0.5386161424978344,0.997155100061188,0.7466128488378044,0.9801805868600244,0.5672160332304905,0.9931873847286518,0.6401189687742239,0.9746886179443491,0.6449269645570083,0.9792773233274633,0.6693602141069019,0.8947029002409489,0.7102614821119636,0.9912212987388748,0.7056717191271932,0.9573468601890088,0.6210502150570776,0.9916561136026966,0.8119068996915959,0.9675594913657409
18115173,20681844,1,0.7190965588055115,0.9959102454063748,0.5912575383381699,0.9570150081948682,0.739522819984874,0.9957011772695358,0.4328429037040624,0.9600703675500196,0.9594765915355339,0.9982285341125208,0.577058175606849,0.9586408700359069,0.961775410084706,0.9978664436028095,0.49484686085051866,0.963684938847695,0.7754286821766032,0.9970392742600509,0.6594687246923184,0.9769744800961236
16200294,22035132,0,0.294428778902583,0.9909982689321118,0.7503462142124309,0.9537243077605395,0.2941458966612372,0.9934586887873205,0.6661038439801907,0.9730011811938859,0.3208678825312941,0.9903256104820788,0.6795211817791383,0.9279007852679358,0.32010200435315056,0.9942121022508056,0.7078767977090812,0.9597483104214451,0.31295734642895356,0.9989892403460681,0.8114581222616604,0.9729856230562455
19409751,17371628,1,0.5039648692439254,0.9960707322993703,0.6171020210185602,0.9612392715397323,0.40986814036580754,0.9852567688739622,0.35692757409664955,0.9343851627931536,0.5725696279869069,0.9877046995869334,0.5102158341316905,0.9568717053278877,0.5889988048517931,0.9870121493894265,0.5041725796929941,0.9494883106624812,0.5860905398894276,0.9927149869422904,0.67748640007026,0.9686767068497144
8961871,20836129,1,0.5759552592111992,0.9841462924033638,0.614582948109913,0.9051175918536678,0.5815763512647599,0.9912859762735524,0.6747922715599314,0.9631149820925156,0.6153282961497458,0.9930615765813603,0.5974408204089457,0.9654323938630652,0.6901363637100714,0.9915032295665894,0.6280482595673037,0.9403661351454282,0.6389351383445294,0.9856786729503165,0.7041949384490116,0.9107692218216509
888827,10405919,0,0.47460218502556045,0.9922579873174374,0.752031849888457,0.9654969419445967,0.37632433213627364,0.9972609595800305,0.7618414492591998,0.9788285068293995,0.616880005030125,0.9943838229530071,0.6664925977904586,0.9611993636789247,0.5785349253361989,0.9973728273933898,0.6901707956971659,0.956420714922172,0.5678300300816834,0.9968527393745752,0.7723236841353461,0.9701971557073903
5199811,17226920,0,0.6911907839743574,0.99771602106898,0.5769107647848728,0.9546156235779766,0.6155428228819635,0.9689474733012344,0.37582077541106607,0.9333701518913816,0.7012069832964882,0.9905935061971188,0.4825976301560305,0.9520630475111986,0.7170432260121483,0.9834872790870998,0.3030687154295546,0.93533356088507,0.744304460932855,0.9943690766951958,0.5889844947777854,0.9679029088825576
15597101,647710,1,0.3283397621598594,0.9973649120962917,0.6578801231419216,0.9576367689645932,0.30896952336885863,0.9926107750200298,0.530199840620173,0.9551456371177226,0.4441311736206624,0.9830797710477474,0.5754056490107271,0.9318735204175994,0.4476548661538421,0.9771336800890993,0.46431688695352114,0.8944835834893493,0.42264564297438656,0.9933413850294116,0.7522705853735167,0.969297801156714
9325670,9075137,0,0.3694079888196941,0.994356021140357,0.6750077401132313,0.958288657333917,0.36375665793852513,0.9777668151313755,0.5100545756970155,0.9657360758364513,0.4841082103097877,0.9917127182923527,0.5779554435921175,0.9441553876500778,0.4902834413997185,0.9859830525808271,0.5762960998185769,0.9441928899743022,0.4620481430247779,0.9927168703158937,0.6916543531377981,0.9687740204986653
6190167,19409751,1,0.37902791378950945,0.9837434352498562,0.6511551743502131,0.9316207263555337,0.3750815704989499,0.9734207116986554,0.389670205939747,0.9368027186476994,0.49586803715201294,0.9787978707906613,0.3750249288248195,0.9379203192039773,0.5123998444338873,0.9781108146040578,0.4345593866806873,0.9256494807953801,0.47868906707308695,0.9950390630114084,0.6144628656358175,0.956448401412973
21889400,557734,1,0.3494370457690226,0.9912232506653188,0.7395979523788405,0.973465846772982,0.3774174803228433,0.9786182039875189,0.5776254769169887,0.9536397721461692,0.51396388699947,0.9888097318118156,0.6823234233704976,0.964433813381383,0.521509093229778,0.9848353688402888,0.616789540783314,0.9393512325171278,0.4498424703668347,0.9959243515024743,0.7602427291540294,0.9835992676225301
7214727,9689565,0,0.8728433696564499,0.9933638291177361,0.7898232121022335,0.9595519499750088,0.8214653415403332,0.9969720160830351,0.42178231501577335,0.9636202246092602,0.9428432838062272,0.9988282357512526,0.5569103589489173,0.9704047823006964,0.9720706338913974,0.996838948905644,0.5384869712571678,0.972365992051523,0.8960632467083065,0.9975053959016772,0.7570127768128884,0.9662532335641841
10140299,12555621,1,0.7884793701056534,0.998112865035934,0.6506875518747663,0.9662091782927394,0.8833053864401069,0.9961258443102171,0.4670340208722771,0.949712429327695,0.8665300381964958,0.9930198779491125,0.5420877601636229,0.9476509845260842,0.9184696772810543,0.9957043063611271,0.4945356079017942,0.963887198966379,0.8305031012589633,0.9974036192012947,0.6769411040215304,0.9726198943531924
778875,12226563,1,0.5739310977242328,0.9874266693689676,0.7048320965562211,0.9513901636976552,0.6085800248804698,0.9871635250148639,0.7100856383529,0.9599344512204374,0.7648846576522054,0.996972161463051,0.7530167267449622,0.9626123206281751,0.7391408500869537,0.9929853381358977,0.6946017796701736,0.9383697364748451,0.6538581197742437,0.9983293795535486,0.792944960239908,0.9693306759554395
21978987,14483567,1,0.5776630104682816,0.9937701842360673,0.6914557555069986,0.9735784236465679,0.5615766402129808,0.996285748173053,0.46485100592401496,0.9602975191021904,0.680573004181112,0.9907710533771138,0.6295184830662548,0.9585570049520705,0.6948850387008652,0.9899575754831453,0.5318042573089427,0.9527541469988801,0.6459270000915307,0.9926372966921111,0.7375087049837536,0.9703286310064013
18540660,5105540,0,0.31069521144146073,0.9940492053513498,0.5878343799719652,0.9521196996283086,0.3099868878601669,0.9655319271609044,0.3487006790251985,0.920753559491601,0.4176915665960718,0.9553152673984521,0.41947897299669235,0.8933578317393558,0.41604929575693783,0.9548785268896769,0.4375195822055593,0.8843233056272236,0.3853024459502752,0.9851494835331277,0.6157637065001365,0.9624935405837358
11268952,19217522,1,0.8496829685790104,0.9917593513752014,0.7464034974017129,0.9787379485889095,0.6385112623100129,0.9756774729940452,0.6583214372835344,0.9284426380085391,0.8016966119195422,0.9843281016851078,0.6389010268672706,0.9025134329546838,0.8051755318779914,0.9907949467841501,0.7392206215175792,0.9422422886931002,0.8760829703452686,0.9888449515396023,0.8085882662506634,0.9563626955259995
21825462,19445719,0,0.491885407644,0.9903241771854515,0.7141063390183169,0.9581680313688202,0.46272168225544763,0.9903469683564554,0.5574895195445899,0.9654028821606772,0.7113009005679015,0.9869279050345785,0.5887174961968593,0.9282656861607846,0.7025954613695053,0.9918645115555922,0.5303948559294053,0.9416468641342042,0.5716971460020898,0.9971137182731862,0.7598011041805164,0.9712900813738594
11710005,9456659,0,0.6548339993982395,0.9992418661428747,0.5419800769311836,0.964496552696404,0.608699933504106,0.9937661514373273,0.3232986667862042,0.9557158299236372,0.8806237001696434,0.9806450557790165,0.4901976773329776,0.8695063642179521,0.8180189263423887,0.9961510030602156,0.39920596527467944,0.9201674202003571,0.7169706824690265,0.9949804893341597,0.6247341871153143,0.9727227281770779
19584493,4981909,1,0.4598684210472929,0.9979033090924146,0.709728877470952,0.9767310193514538,0.4257982661303552,0.9975976323084449,0.5303924160446112,0.9701538325690808,0.5042269616585316,0.9802524190958952,0.5765231258878658,0.9333223298298057,0.5314093661944088,0.9803104857860275,0.6467913308663775,0.9213833734692162,0.5506925010785987,0.9859937161172339,0.733517074549713,0.9591875632199031
9860858,7794666,1,0.7435030549969335,0.9951550398018588,0.6576795378638756,0.977619123618378,0.8384070557518181,0.9837259445380977,0.39921675993294015,0.9484329801327609,0.7735337355081174,0.9937361096766729,0.4546292708212746,0.9596979538390766,0.785059893256905,0.9900041769524475,0.42473445331456283,0.9478187385084065,0.7950333397522124,0.9900150038048878,0.5878562452285973,0.9549563460345493
15202805,8143637,1,0.7256997363617914,0.9968136434647763,0.6310792570282364,0.9371579603557159,0.6331473418064414,0.9981585417704849,0.5957144694903772,0.9762055219293222,0.6923693673002193,0.9883525198079136,0.5705364201844858,0.9082788011047607,0.6945054764581382,0.990341609522,0.5828993228920246,0.9278536101052282,0.7807315764505633,0.9967234143535554,0.7396048850460971,0.9540058852449633
12759854,8001867,1,0.4060229914978317,0.9982764646427057,0.7824605224080634,0.9803960076371008,0.4066912908832529,0.9883709582657572,0.5787927681705891,0.9623726111934393,0.5780603727668959,0.9893827644521536,0.6918718582603076,0.9636394155005283,0.5890021275548087,0.9889818235213876,0.668664111964323,0.9591946523406848,0.4944442113735037,0.9974873360989115,0.7712002498716964,0.9836634107597636
14166878,12734324,0,0.35511919872633424,0.9912780397834683,0.6338027842687544,0.9378689246319188,0.31217542429238987,0.9901393239166361,0.32857365592122356,0.9278701174581493,0.457490437390824,0.9692500572090137,0.4542503370785069,0.9351691886841301,0.4533824756094145,0.9690979563505737,0.4321814930659694,0.9368097746418187,0.4577712541425978,0.9823958441279222,0.667835721491931,0.9506979138819128
17557352,12577673,1,0.7128834116930547,0.9990432204408219,0.8308041153022078,0.976733481846956,0.64709424483909,0.9982213771930453,0.7304358677560826,0.9810717682895194,0.7904112248430595,0.9967158208597117,0.7427826626648648,0.9729796305946984,0.7405069512637682,0.9945223129278473,0.7165353316803852,0.9421437230514977,0.7722460958134688,0.9993671439440118,0.8137817493086565,0.98185924614464
9564133,10178421,0,0.4003682705066743,0.9915971689553124,0.6217529913519477,0.9724776797340021,0.38903924639480264,0.9882891400005751,0.5657618743182071,0.9682385076034719,0.5643727145016514,0.993165061166774,0.5904767777515485,0.9524536210137378,0.5783976091550705,0.9891445023719271,0.6329198471509336,0.9555749107300332,0.5017020483511422,0.9969400340297367,0.7453425436864932,0.9750563114437352
19240485,951388,1,0.7736813063196676,0.9972826782790998,0.7620439722529784,0.9799571564578188,0.786451060102077,0.9994986617166798,0.41826478885923024,0.9710484897569734,0.886021856167585,0.9968672692227114,0.550996699544501,0.9729108533809311,0.8841927119771061,0.9966149660297141,0.5685174297120003,0.9752138997609586,0.8213517239235018,0.9982789613162888,0.7065567347215491,0.9809664122832114
8809710,7396680,1,0.4832286083187631,0.9937114685961896,0.6437509308696597,0.9676383293972411,0.4689012302536731,0.9828387148747632,0.33104726535864515,0.934459527338949,0.5982702206903033,0.9921591937722546,0.5328398180785132,0.9518102113166718,0.6086907863830455,0.9889293408846133,0.4918778511581563,0.9572783087122877,0.5524487559253128,0.9966509485441296,0.658773194223797,0.9757631173875945
8990219,20681843,1,0.661814656914936,0.9937152231827235,0.6179032804097283,0.9441751308138088,0.5188112424066389,0.9912763880454999,0.4446658239585123,0.9495051876081838,0.7665213897248417,0.9947555131821935,0.5953090724857923,0.953565152665857,0.7368626335546377,0.994351729908054,0.6717709847108253,0.9700668560181227,0.7322952766453655,0.9969877108161148,0.7356029900226326,0.9656356361010741
5724216,820905,1,0.8193471308788839,0.9914472834338319,0.6600164046716748,0.9688121393439536,0.696546145078905,0.9827340825396264,0.6064310463730882,0.9448609163146588,0.8849383307995359,0.9903046994524274,0.6609610608459371,0.9506055397010402,0.9376651493780862,0.9976175157868943,0.6658225028164646,0.9642855800513244,0.8540757665358297,0.9978906375892435,0.7421031678605177,0.9754484437290831
651715,23099329,1,0.6445876648704095,0.9957431789881634,0.6967317852094992,0.973094350886679,0.6676648311144076,0.9934013437256518,0.6637602171318211,0.9814830078933124,0.7888177616655748,0.9940565280075372,0.6183987702862499,0.9594116480788437,0.8027686034710001,0.9952411009035278,0.6085086344361054,0.9735610985179151,0.7067386623164371,0.9990124861624172,0.7956423453219098,0.9807258510205069
11988852,17217414,1,0.6583312992380643,0.9973873707952555,0.7684102399836439,0.9621440142102198,0.8073289990535866,0.9916902031310805,0.5484484255137612,0.9699000187222769,0.8694123891109455,0.9983285767933882,0.7138820638088555,0.978398463788986,0.8572636313863007,0.9959919387125623,0.6445500476060751,0.9756157589099388,0.7259863107194076,0.9989008530668132,0.7671822270880777,0.9799787036750581
6948655,19396006,1,0.9294733979444956,0.9861973888425253,0.6284722738987338,0.9556723528718936,0.8515931631312714,0.9841507435031203,0.6525784085813595,0.9538175434422331,0.9275564087192784,0.9976289220522168,0.709695328708621,0.9570677577571344,0.9042726110580971,0.997706675387079,0.7553333199943145,0.9573626100798175,0.9457337676962745,0.9936977858987115,0.7571852834114166,0.9727745295000004
23248618,14847921,0,0.7979735248670768,0.9813369712439798,0.6861973618241546,0.9175827241791553,0.8943616956075444,0.9936726639818091,0.4500408522193865,0.9725042553077149,0.9300720499344561,0.9984192481539258,0.5184690105559338,0.9723018349690788,0.9302170661107771,0.9980191021731084,0.5149414377370687,0.968009044896494,0.8401211883445402,0.9961361673679224,0.6467829936808529,0.9392207028373732
10361727,13460183,0,0.6851097023932076,0.9972837215988749,0.6937142188907514,0.9733255674765959,0.7956700793875988,0.9948958474221772,0.5360324550895992,0.9592341115251622,0.6497661959423141,0.9933523713056515,0.49819719738050916,0.9424637308491431,0.7219937439138318,0.9914416270187824,0.5621006766528299,0.9697848460559415,0.7463105559163831,0.9961117063058097,0.7145154062448048,0.9817391432883054
11290317,18878916,0,0.40331825204386246,0.9969752090928561,0.7686034631369685,0.9821968083056632,0.37217094535334727,0.9952570049803425,0.6112632543017049,0.978082411520584,0.5877981997773428,0.9943634913882539,0.680322757814732,0.9655233550964297,0.5589244505171177,0.9936629174032363,0.6342187045186278,0.9446266405581353,0.49969412078535147,0.9985876240958184,0.7573101034976144,0.9866385772941606
10993811,5829114,0,0.7663404645740525,0.9937477103452245,0.6760562046655691,0.950601749372926,0.8009844533803068,0.9966254441160619,0.3811948141053092,0.9511549794496473,0.9557949799757955,0.9958311096894725,0.5526887309726947,0.9618638995281348,0.8632275490448619,0.9954690389223065,0.4503702712353025,0.9455331191328354,0.8122750705008001,0.9989491251222565,0.6945155144272923,0.9711735294434011
16398232,8544629,0,0.36223282898614717,0.9968315549756706,0.7213405882663759,0.9554997609738108,0.3370772834377391,0.9825187925137371,0.4850567909657938,0.9622649076065246,0.4322181342192242,0.9865935655068587,0.5737456523641926,0.9446729108119983,0.46586096134124855,0.9811558140876614,0.5592065124577956,0.9433852963607153,0.46048334862432494,0.9930510634645097,0.7381549182880618,0.9689892408893018
17273098,13940142,1,0.5798838000585552,0.9960156435100692,0.6955072881754609,0.9586965409337143,0.5513350463389219,0.9971646812011685,0.6735726039402067,0.9809373007357396,0.6077660833580852,0.9942530561717496,0.7361541992793228,0.9707478860910064,0.6732086345302305,0.9956154856970655,0.6783987549949846,0.9637729663848833,0.6542617384548408,0.9946241080850919,0.7924576785016879,0.9734892986324022
23677117,12660384,1,0.7792290028415151,0.9936498473254747,0.5106328648980027,0.9611887392990325,0.9999999999999999,0.9999999999999999,1.0,0.9999999999999998,0.9172541913810038,0.9944915847514963,0.3784678184506962,0.939154644702308,0.9172541913810038,0.9944915847514963,0.3784678184506962,0.939154644702308,0.8295067245908471,0.9972212678652268,0.5394344909544413,0.9663613795828914
6659731,9806878,0,0.39993826954460326,0.9951962266361166,0.5685263949837326,0.965232273084536,0.3374510256556662,0.9688923636823361,0.296651913480675,0.9378660670183748,0.4763912405455835,0.9636374048736457,0.33761005526132126,0.9314841097826181,0.4885213158197347,0.9581167573556763,0.43279430420603704,0.9054292929053853,0.4900431101565566,0.9766436230484322,0.5787604943970401,0.9426427523532801
13183435,17662458,0,0.7074467826280301,0.9958741781247195,0.7513084820400782,0.9696564068432795,0.7872486388535496,0.9946557613452434,0.6195888663760203,0.9713442716384779,0.8487715736357175,0.9911557141139493,0.5596184443208547,0.9518920055581956,0.8181178139844374,0.9958405326518003,0.5796659848389684,0.9643072212477058,0.7632765387698391,0.9941549188692276,0.7856663380993529,0.9735430249660537
11048470,17136338,0,0.7364388452791253,0.9929467540741213,0.732918582523747,0.9782127858113647,0.7237253515735461,0.9946022070859276,0.6021267159336858,0.9719666068305057,0.7595892393093889,0.9957369470433695,0.627671227710688,0.9637281966402046,0.7913948653787227,0.9965579501238904,0.6565890766478093,0.9643946685010503,0.7937135051670947,0.9989993031289305,0.8007223715917408,0.9848271419739352
21752108,1008326,1,0.5386161424978344,0.997155100061188,0.7466128488378044,0.9801805868600244,0.5672160332304905,0.9931873847286518,0.6401189687742239,0.9746886179443491,0.6449269645570083,0.9792773233274633,0.6693602141069019,0.8947029002409489,0.7102614821119636,0.9912212987388748,0.7056717191271932,0.9573468601890088,0.6210502150570776,0.9916561136026966,0.8119068996915959,0.9675594913657409
23165160,23484507,0,0.9553821817956861,0.9970757064687473,0.7467053109947628,0.9669140965088413,0.8230777799192325,0.9937868516212415,0.6568693595558137,0.9603519987640646,0.782802369104254,0.9976549581810169,0.7351956603807996,0.975327079710874,0.8168252683049801,0.9985183117895267,0.7232348466573867,0.9676873911104327,0.9641188966588274,0.998739793498226,0.8026663646323914,0.9757810513866156
19825038,6008880,0,0.31946547926121804,0.9978261118028532,0.7708479550507776,0.9696631525793094,0.30712883092363363,0.9991922830558222,0.7760804093258572,0.9842526566971483,0.4081185502244063,0.9934176241358686,0.7836548150261501,0.9768737992871832,0.4097369258668292,0.9935235597207525,0.7404735844736636,0.9738763713154741,0.37628973755679485,0.9978123729750209,0.8163288015826655,0.9793134280904532
14341903,10348730,1,0.8032424408607638,0.9880514046316351,0.668035340018285,0.9686765442328862,0.845706010198048,0.9872413559279203,0.4423021134563019,0.9355418689855418,0.9782690152289394,0.9987703664513713,0.5507248026766678,0.9741117821139592,0.9700602288110679,0.9966412978836808,0.552885443545337,0.962255443446377,0.8343707382224743,0.9878457566864497,0.6839869951595517,0.9493047436838296
23511345,5037610,0,0.5581880642667394,0.9989378441766227,0.7320330599173629,0.9771372700348483,0.5027939232288868,0.9918881823513758,0.5727412343544549,0.973945308831908,0.7085542909166918,0.9952392605116002,0.5256928026748394,0.9509744698547173,0.6792135122260163,0.9956790658161319,0.6705080499733295,0.9801469078722564,0.6288237897138853,0.9989297380410984,0.7613520887240147,0.9836129394484133
896372,7396681,1,0.86843788192887,0.992775977858084,0.6922972135443063,0.9692964116559131,0.6356043347837551,0.9779821902280073,0.6509329095849962,0.9558323583759194,0.8975711594919202,0.9920634992552292,0.5943310511469003,0.9524287457590095,0.9385661178298637,0.9973905454504548,0.6718214173186843,0.9661236261047654,0.8927570815704212,0.9984076941833774,0.776577586523377,0.9805636001022954
21820265,8764605,1,0.5594709283533835,0.9947343897210152,0.659346113991929,0.9670374033737651,0.6700922807434259,0.9744076997390915,0.42825157403896263,0.9423742489187331,0.6027196847441323,0.9816792635382816,0.408630257213359,0.9509969578426061,0.607489296706569,0.9800834727217254,0.46676932277172434,0.9407295185684769,0.6294601365401513,0.9950030428574267,0.7477012432032657,0.9810027095114925
831650,1708100,1,0.5299273937728519,0.9971556762113793,0.5847127028772571,0.961538983784367,0.5306482585848736,0.9981470745217521,0.47549212823355314,0.957053082591449,0.6544197853272705,0.9869883670110917,0.510803867468044,0.9670394690019086,0.6515087303569846,0.9881278112542031,0.5009765755605924,0.9563017976559834,0.5947954302828337,0.9975227350707884,0.629864278829614,0.9725912830696375
9510815,23353199,1,0.4780204570479309,0.9988236478298761,0.7016328272252302,0.9634966997735804,0.43378723808830827,0.9928612744530535,0.5243864508556053,0.9698267482139363,0.6190299548284112,0.992117841234702,0.626139504721809,0.9677152827298074,0.6384480514654967,0.9893475338554459,0.5573293307733491,0.9541070068258396,0.5664625214372654,0.993165749581382,0.7657563459578294,0.9685677301074773
4960419,18133461,0,0.851294319136176,0.9975531782679058,0.6645718574484398,0.9622232349489505,0.7042093832867624,0.995536292994597,0.30137557571554063,0.9432361847878892,0.8406743091443118,0.9948871018332549,0.4335970604167446,0.9585775908386905,0.8413441404908506,0.9950225527956726,0.38019706804124775,0.960915686714184,0.8802625034446743,0.9976050166134889,0.7447611024630895,0.9733221609612651
13974204,6886408,1,0.5620305142434875,0.9965208045796723,0.6367940891456749,0.97243300639311,0.5900119161156407,0.9969300482018842,0.5038677675630094,0.9594548330194088,0.6827713418383704,0.9903008011395975,0.579540523594843,0.9644096513393771,0.6668265608509718,0.9938284979509817,0.5212806152630711,0.9578240241700295,0.6291844331266885,0.9960056591133459,0.7462666102016922,0.9784318284084301
5942289,17805384,1,0.4684044306517468,0.9933863245226808,0.5745787751452085,0.9077352815547068,0.4000243887775669,0.9973421551182156,0.3023210095425848,0.9420578261259751,0.6022049423772429,0.9773138971843202,0.4114555293014661,0.9280773841097056,0.6093266917572191,0.9787169750055572,0.48220823943731816,0.9419489736781421,0.5567558685340153,0.9910601585728733,0.6462687203224882,0.9432067083453602
14540145,16353456,1,0.7139727946867863,0.996401626111816,0.8636067448294709,0.9858212642176398,0.6654862111674547,0.9991941226551128,0.7375847604948247,0.9792237603745777,0.7926386756777847,0.9846824457646147,0.5985693663527332,0.9160615123029582,0.7808045663891171,0.9955334648380962,0.7519293742151157,0.9762769494049321,0.7695853955786147,0.9973868721260636,0.8615324157747172,0.9843847456380088
13547845,13824827,1,0.8946231380623975,0.9965122927515179,0.5925135002060329,0.9537600452607049,0.7058913604797818,0.9882107264178378,0.4316444608793226,0.9499232319101342,0.7266622674778042,0.9893379621613799,0.5334473182708941,0.9271070923994169,0.7595804158472771,0.993381984186678,0.4687023747472491,0.9547885599798871,0.9163149604204356,0.9987067122989016,0.6504267193228062,0.9707533684718809
7949001,552319,0,0.5422379084444038,0.9986799345784899,0.6175762386681989,0.9726322429083425,0.5319089375639183,0.998575940918171,0.514777008790523,0.9731499116258479,0.641387224653227,0.9840727420999329,0.6114186525073029,0.9406915200788792,0.6585608463604994,0.9898727673076438,0.5964419555165221,0.9625437526457556,0.6229915839673705,0.9951958034795066,0.7186445172971015,0.9784773579967436
8365268,5553312,0,0.549060419256868,0.9943037542554845,0.7058177161284825,0.9603711684571146,0.5360332245600375,0.9968758627254579,0.4759544776564898,0.9515865204090771,0.6687132418649752,0.9860698583854972,0.5467667001987013,0.9516051222218445,0.6748859742062702,0.9859008939779037,0.5272360190496528,0.9543662415167912,0.6232572770551396,0.9972602191697347,0.6919397630693983,0.9641132354112506
12089424,16579663,0,0.7461563892455789,0.9953343378856733,0.5950795268686911,0.968550708879081,0.6630968087806292,0.9881678778697626,0.3409092591361955,0.9302225666388907,0.8602981802036234,0.9843120174101263,0.33845380317216034,0.8936938722781722,0.8744280678626339,0.9882905656994088,0.393732552138906,0.9311019281704476,0.7859883499601518,0.9984025212190364,0.6746432837724838,0.977741196315904
249612,6298465,0,0.8980638276401706,0.9972963901164231,0.8250580186310457,0.9668149360447043,0.8170001014836061,0.9941201003670269,0.5466769400348859,0.9564070780340307,0.9133661729665741,0.9989303107795242,0.5552552810613884,0.9629354247423485,0.9084954702548685,0.9988619173760618,0.5235902552777176,0.9444342347485549,0.9132140532593757,0.9965805106798298,0.7430593829564951,0.9730327924072882
20228526,18054947,0,0.5164527232440971,0.9941186034633963,0.7381666047371387,0.9776475153921957,0.4758781948172358,0.9950918138638427,0.541660621185748,0.9534083906794086,0.6284446057250612,0.9902886066042407,0.6595356782734279,0.9507125753319471,0.6362167921635401,0.9908574908166714,0.6818974635847378,0.9477841778561029,0.5897622976496624,0.9992280546470965,0.7977985330625159,0.9837302744661331
21322698,11919249,1,0.549684551331603,0.9981374591156801,0.8220648702491844,0.9829575004121276,0.5608290597375066,0.9934682743292611,0.7963819755005213,0.9815067040811729,0.6925663012006567,0.9956102136355582,0.837000322423043,0.9724042317112203,0.7071335999811869,0.99781016389172,0.8059759992069849,0.9769512692942441,0.6257298112725465,0.9980787847539401,0.861545265142834,0.9857941128630553
14093045,2210892,1,0.3114898010416108,0.997763593048945,0.6737437679204542,0.9732245944447244,0.316730379684094,0.9905063280269245,0.4942603111603794,0.9613252715955184,0.5220477405755133,0.9852267003315739,0.5491847549392627,0.9582509929405041,0.39016725161826943,0.985702774100603,0.4737628867342,0.9062055516038648,0.36353684636074407,0.9914260043117861,0.7319865489323789,0.9631474898895039
10220823,952021,0,0.6010212071971064,0.9847884155117775,0.6225475046410726,0.9188808900678133,0.5619578422852379,0.9734416389431881,0.4329700391834507,0.9350158285512473,0.673671997316538,0.990018894933167,0.5030614124727917,0.9658792458448409,0.6904421995292055,0.9899854240488726,0.48620526380338447,0.9539434592716921,0.6824179629294179,0.9974859085181271,0.6840074429528535,0.9528044370254425
20023016,6693221,1,0.9220626054936439,0.9952841030421308,0.5840649228054251,0.9707925327385224,0.9396985773721206,0.9954691315342044,0.36442196674088967,0.950421415930514,0.9447948855874517,0.996448842682314,0.3884297108125482,0.955061583306051,0.9564065566859712,0.9961347585969715,0.4808203278221378,0.968663873804371,0.9379843222793219,0.9939776042638873,0.5926276448740031,0.9694822242361119
2801437,5371059,1,0.7278442439219032,0.995046451520602,0.5589629639544431,0.9590119020923075,0.8278673406067225,0.9869169213090743,0.26394323140625464,0.9035701671012549,0.8790304454979866,0.9931871402527266,0.27424686062192216,0.9465550593300857,0.880331293078238,0.9922588132314262,0.4676384682250512,0.9473022832798038,0.7804880095283984,0.9965553426938147,0.45304210120873756,0.9668674866540966
1831676,6371599,1,0.5533805450762462,0.9957318340108555,0.6865585380195753,0.9406880354718953,0.4002960370336284,0.9897523965636739,0.40132834504714554,0.951826369802776,0.5689205763280314,0.9863408421943838,0.5149698941389995,0.9492096163215042,0.5828619987379126,0.9859878331000239,0.532507792807612,0.9547765073315743,0.6278419349189361,0.9881333437027848,0.7282273876139709,0.9510088647996121
20559735,743715,0,0.41347576735631586,0.9927222490909094,0.7678694511073807,0.9665106776051412,0.3911371454537441,0.9817198591037307,0.5527789906563008,0.9535817776635116,0.5193745845626395,0.9903314782521991,0.5978366604110755,0.9285037550298711,0.5294032747077535,0.9943368095904609,0.637644945242006,0.9661308092954488,0.509188849736537,0.9988572218437619,0.7746256943239637,0.9806974085926466
5828731,14341903,1,0.41089937249584774,0.9942759380057073,0.736821660160943,0.979057545239684,0.38607174077710626,0.984437593081023,0.5764265900553315,0.9649824190470859,0.49469223102227144,0.9889815314825717,0.5003094416731848,0.9285781686695793,0.527970693728973,0.9873732916396647,0.5629875950499738,0.9473089816814576,0.502649999246119,0.9973449207026532,0.7624107824002226,0.9848379119260984
258490,11088628,1,0.34764397928304164,0.9809994994395301,0.612087146851675,0.9452995642787636,0.2963236000792967,0.9804774856922915,0.2651316675019755,0.8583714007828926,0.40747593308872043,0.9411781227402721,0.3532919658616478,0.8888885113285457,0.40747593308872043,0.9411781227402721,0.3532919658616478,0.8888885113285457,0.4265139088089054,0.9696220831878017,0.550991921029564,0.9205193416266201
17456737,19584493,1,0.6340039482698675,0.9976914118945343,0.5993564328315624,0.9763234871339589,0.6407994129923938,0.9945025766092044,0.4813576300832163,0.9514203236083552,0.9102325979753203,0.9868555537352036,0.5312222404566611,0.9096359890487998,0.9268008480244154,0.9935090125076912,0.5003542749231998,0.9334199294322864,0.6944003285896816,0.985479707502475,0.6632718176343466,0.9398559376618637
12977779,14555517,1,0.8003162905551047,0.9962905410550786,0.6680033821695025,0.9612256258401176,0.9644070617881423,0.9782312610421674,0.5055922290592869,0.9503364320464136,0.9072639427468271,0.9908023857258824,0.4064976621883899,0.9401091444417771,0.9115046835026177,0.9991844424712667,0.5234916677668742,0.9443500629829691,0.8396340782355631,0.9960524810367887,0.7145224385049403,0.9655976178655312
2711644,18465677,1,0.5613132903054269,0.9961910324868185,0.7266497863837349,0.9646982955895801,0.44441976314685216,0.9832241595224283,0.5730262522713578,0.9626184686952693,0.6105844444991867,0.9898184761605571,0.6049491449126985,0.9349564654992883,0.6242791241980669,0.9935890531446668,0.6061742922443287,0.960455816438402,0.6370748743355362,0.9915246878925386,0.7445930757486396,0.9633379543108141
3573409,20432135,1,0.3409299515558443,0.9972507472454503,0.6723311364065265,0.9661856409337732,0.3148573663254782,0.9951177565579976,0.5057650479628886,0.949211488591461,0.44201527309168936,0.989075073425865,0.6221563397073234,0.9551137579839609,0.4600054779090051,0.9819227964275015,0.5161342722320603,0.9325222034916282,0.44092067315009315,0.99324382497411,0.7276643500753766,0.977259576918079
6013590,15607084,1,0.5891907269642782,0.9955843204061839,0.5996532988579313,0.9483537279662032,0.6449997679481358,0.9859433354900483,0.45341914613102996,0.9586885410715097,0.7038983761728033,0.9883228386625348,0.541838488889906,0.9503685046617388,0.7148517928888382,0.988232402615704,0.5435745857647104,0.9522682557273603,0.6621209750514889,0.9964382705708578,0.6603761074715617,0.9631958074982151
14293059,19780094,0,0.9407126375660708,0.9983858088664612,0.7566301566252914,0.9671932447566162,0.7816207195167681,0.9968503336179896,0.8709772827310422,0.9837157190982874,0.8647325038142089,0.9913709082530862,0.8063463014262389,0.9684075997399645,0.8750090593403742,0.9982260713884927,0.8277749950087785,0.9783906523541201,0.9540123032966903,0.9942022828122818,0.8649391870759447,0.9656444383612417
13336601,8766831,0,0.3605461460462298,0.9966211139968888,0.6288557601460044,0.9645504776438775,0.3453634724525454,0.9898017895100041,0.462930922173749,0.9529134389353099,0.5147197506101905,0.9762697941484308,0.4659867727802969,0.921125059239983,0.5170209238810183,0.974594218163865,0.5289277989472561,0.9203641373181011,0.4702790729615641,0.9882691296679982,0.687852448329962,0.9584270072144662
19693561,20559734,0,0.44301830814167326,0.9924457455722562,0.6323343243361419,0.9320471475775004,0.4269334085389679,0.9969465439831732,0.3425574516858637,0.9413251001055752,0.6615176242691895,0.9775759920283499,0.48793617080359375,0.9269632325687328,0.6698705822268198,0.9820062785672169,0.5264434475002505,0.9505144704609234,0.5212711179846015,0.994070552099866,0.5937642898786344,0.9599355986505365
8068393,1639107,1,0.704702709015406,0.9957885902602849,0.6456809288215288,0.9645564154775627,0.7086852149211106,0.9889792150882375,0.3624134932053884,0.9567511177432741,0.8068828392253643,0.9935984763610077,0.549608904368593,0.9409735190213251,0.7517143252482325,0.9929797963336587,0.5262247869154719,0.9292697638314079,0.7653931009075484,0.9970628272517131,0.6711204248525822,0.9669668518130619
3667135,21925739,1,0.3241850008924375,0.9954944642081018,0.6640577365671603,0.9431862861971105,0.31016763549532306,0.994503049052258,0.4322881246044984,0.93997734875515,0.428001945970649,0.9724444286790229,0.4685274816091497,0.9264919075759852,0.45750242550496717,0.9693789983888509,0.505475870013764,0.9039391684160515,0.41490337657172605,0.9884908823187899,0.7323623887551642,0.9610805692227306
6929083,2915107,0,0.594733353747325,0.9946608886689389,0.724063842273162,0.9804259872384872,0.5448583663412037,0.9929079069043527,0.4339626867033832,0.9522741857360777,0.6690034990985325,0.9933980898988215,0.5131122677798774,0.9481958090490349,0.6776997835278875,0.9915754624364514,0.5094919549972872,0.9659784341597357,0.6644627800810092,0.9961018719267503,0.7099553441182473,0.9838547868127389
3822426,250596,0,0.8117772701522757,0.998771805439921,0.7421575040993016,0.9829544519403477,0.7710797954695069,0.9857964758173039,0.4941690322493738,0.9622173853558728,0.7659673229142476,0.9969989078662823,0.6701432482297505,0.9734386152233916,0.7709107801671281,0.9957988518499272,0.6654792523270433,0.9595571337000224,0.8444965417023668,0.9945750531938721,0.7300544060429146,0.97959972119528
